frame,time_ms,nose_x,nose_y,nose_conf,l_shoulder_x,l_shoulder_y,l_shoulder_conf,r_shoulder_x,r_shoulder_y,r_shoulder_conf,l_elbow_x,l_elbow_y,l_elbow_conf,r_elbow_x,r_elbow_y,r_elbow_conf,l_wrist_x,l_wrist_y,l_wrist_conf,r_wrist_x,r_wrist_y,r_wrist_conf,l_hip_x,l_hip_y,l_hip_conf,r_hip_x,r_hip_y,r_hip_conf,l_knee_x,l_knee_y,l_knee_conf,r_knee_x,r_knee_y,r_knee_conf,l_ankle_x,l_ankle_y,l_ankle_conf,r_ankle_x,r_ankle_y,r_ankle_conf,l_heel_x,l_heel_y,l_heel_conf,r_heel_x,r_heel_y,r_heel_conf,l_foot_index_x,l_foot_index_y,l_foot_index_conf,r_foot_index_x,r_foot_index_y,r_foot_index_conf,view_type,c7_x,c7_y,has_barbell,com_x,com_y,mid_foot_x
0,0,506.12,266.11,1.0,709.2,483.15,1.0,370.85,523.37,1.0,773.41,751.0,0.993,344.67,795.71,0.983,802.93,974.56,0.987,337.55,1029.88,0.971,669.71,1015.07,1.0,480.1,1025.75,1.0,700.57,1373.73,0.998,515.13,1387.29,0.997,759.46,1676.28,0.995,519.93,1689.84,0.995,736.74,1710.72,0.894,549.77,1720.54,0.918,820.34,1833.13,0.988,491.23,1848.1,0.991,frontal,540.0222408771515,503.2588291168213,False,571.1709972918034,925.8948168754578,649.5186576247215
1,33,506.05,265.36,1.0,708.58,482.15,1.0,370.42,523.18,1.0,772.28,749.71,0.992,345.54,798.07,0.983,802.56,971.12,0.982,342.5,1032.98,0.969,669.92,1010.95,1.0,481.61,1022.42,1.0,700.6,1372.44,0.997,512.53,1383.56,0.997,759.47,1676.25,0.996,519.93,1689.84,0.995,736.74,1710.69,0.894,549.81,1720.55,0.911,820.35,1833.13,0.99,491.19,1848.12,0.991,frontal,539.5006004682825,502.66446717728275,False,571.1026177479766,923.9278625167242,649.5215273329502
2,66,505.99,264.43,1.0,707.2,481.29,1.0,370.46,520.61,1.0,770.96,748.88,0.994,346.07,796.37,0.978,800.12,972.14,0.989,344.35,1031.83,0.97,667.91,1009.14,1.0,481.09,1020.51,1.0,700.17,1373.19,0.998,508.33,1383.67,0.998,759.48,1676.13,0.996,519.92,1689.84,0.997,736.75,1710.52,0.893,549.81,1720.55,0.942,820.35,1833.12,0.99,491.09,1848.11,0.993,frontal,538.8295099403075,500.94999970959316,False,570.0063826087022,922.6303533076212,649.502117621901
3,100,505.62,263.78,1.0,706.46,478.88,1.0,368.62,519.39,1.0,768.7,746.41,0.996,345.77,794.72,0.981,800.09,965.03,0.994,346.12,1030.61,0.978,668.25,1000.73,1.0,482.18,1014.44,1.0,698.73,1370.2,0.999,502.84,1376.01,0.998,759.5,1676.02,0.997,519.88,1689.78,0.998,736.83,1710.43,0.914,549.81,1720.54,0.958,820.35,1833.11,0.991,490.85,1848.1,0.995,frontal,537.5376138468191,499.1355885446451,False,569.1970371619693,918.3081434190832,649.4594416130352
4,133,505.77,261.54,1.0,705.25,474.18,1.0,368.22,516.35,1.0,765.02,745.83,0.997,345.6,794.28,0.983,799.35,968.02,0.995,346.98,1030.77,0.979,668.18,996.47,1.0,482.31,1011.44,1.0,698.82,1369.18,0.999,500.86,1378.81,0.999,759.57,1675.56,0.997,519.81,1689.5,0.998,737.07,1709.87,0.922,549.73,1720.2,0.961,820.35,1833.0,0.991,490.74,1847.92,0.994,frontal,536.7342579645066,495.2626198327302,False,568.6561996451588,915.7158470244448,649.4734703215428
5,166,505.67,258.76,1.0,703.5,468.3,1.0,368.24,511.27,1.0,762.18,737.59,0.998,345.41,791.45,0.979,799.33,963.23,0.996,348.19,1030.15,0.978,667.85,990.86,1.0,482.04,1006.46,1.0,697.64,1365.23,0.999,498.26,1376.54,0.999,759.62,1674.74,0.997,519.71,1688.87,0.998,737.43,1708.92,0.915,549.69,1719.74,0.971,820.32,1832.62,0.989,490.43,1847.65,0.995,frontal,535.8701383983961,489.7890948374568,False,567.8493656899007,910.9695248819083,649.4686765181225
6,200,505.41,254.9,1.0,703.76,466.18,1.0,367.78,508.23,1.0,761.4,739.23,0.998,345.22,787.94,0.982,799.28,965.41,0.997,348.39,1028.82,0.981,667.86,988.7,1.0,481.76,1003.88,1.0,697.65,1362.24,0.999,495.49,1375.22,0.999,759.68,1673.54,0.998,519.62,1688.25,0.998,737.68,1707.56,0.934,549.66,1719.11,0.975,820.32,1831.84,0.991,490.01,1847.41,0.996,frontal,535.7713145003063,487.2058977928387,False,567.5119303579538,908.7409470956852,649.4168779912684
7,233,504.95,249.76,1.0,704.66,461.78,1.0,368.08,504.4,1.0,761.43,735.56,0.998,346.45,785.21,0.982,799.23,963.6,0.996,348.26,1025.96,0.983,667.68,986.15,1.0,481.4,1001.25,1.0,696.99,1357.38,0.999,492.56,1374.01,0.999,759.72,1671.66,0.998,519.58,1687.1,0.998,738.06,1705.36,0.932,549.61,1717.72,0.977,820.27,1830.73,0.991,489.56,1846.83,0.996,frontal,536.3726280333651,483.08808530629983,False,567.3689874658545,905.585825760884,649.3762861397965
8,266,504.51,244.74,1.0,704.77,457.57,1.0,368.61,498.88,1.0,760.91,728.06,0.997,346.95,777.2,0.982,798.23,959.99,0.995,349.35,1018.06,0.983,666.94,982.18,1.0,480.69,997.14,1.0,696.18,1351.25,0.999,491.1,1369.4,0.999,759.75,1669.07,0.997,519.53,1684.93,0.998,738.41,1702.59,0.925,549.55,1715.3,0.976,820.22,1828.96,0.989,489.03,1845.64,0.995,frontal,536.6875510733615,478.22162676336956,False,567.0196879489556,900.912241212729,649.3021849812535
9,300,504.5,239.32,1.0,704.85,453.26,1.0,368.68,493.71,1.0,760.03,724.01,0.997,349.05,775.08,0.982,803.01,960.22,0.994,350.12,1009.13,0.981,667.31,977.02,1.0,480.27,993.4,1.0,697.02,1350.98,0.999,490.75,1363.77,0.999,759.75,1666.38,0.996,519.46,1682.78,0.998,738.51,1699.1,0.911,549.44,1712.3,0.967,820.08,1826.75,0.987,488.79,1843.7,0.994,frontal,536.7669194629607,473.4825507839358,False,567.1160235910169,896.8134111844179,649.2044466391266
10,333,504.68,234.43,1.0,704.21,445.76,1.0,368.84,489.98,1.0,760.47,724.16,0.997,352.41,769.23,0.983,805.24,962.18,0.995,350.51,1005.06,0.983,667.64,970.77,1.0,480.75,986.99,1.0,697.37,1344.75,0.999,486.43,1356.91,0.998,759.78,1663.64,0.996,519.46,1680.66,0.997,738.81,1696.08,0.897,549.44,1709.65,0.962,819.95,1824.63,0.987,488.58,1841.58,0.993,frontal,536.5236999843835,467.86644692025345,False,566.9907763835856,891.1504394561543,649.1965350901216
11,366,505.45,229.64,1.0,704.1,438.98,1.0,369.81,483.29,1.0,761.03,718.72,0.998,352.73,761.89,0.986,805.94,959.39,0.997,351.46,999.05,0.986,668.3,964.44,1.0,481.0,981.13,1.0,698.79,1338.9,0.999,482.71,1352.99,0.999,759.82,1660.35,0.996,519.43,1677.99,0.998,739.06,1692.25,0.916,549.41,1706.23,0.969,819.82,1821.91,0.988,488.36,1838.61,0.994,frontal,536.9563901849723,461.1316372709505,False,567.1535787849514,885.2017037285566,649.1642633566182
12,400,505.78,223.45,1.0,704.49,434.23,1.0,370.26,477.88,1.0,761.74,715.74,0.998,353.38,753.97,0.981,809.56,951.61,0.997,354.28,995.7,0.982,669.32,960.75,1.0,481.56,976.55,1.0,702.09,1335.53,0.999,485.77,1344.73,0.999,759.82,1657.16,0.996,519.43,1674.03,0.998,739.25,1688.35,0.922,549.35,1701.73,0.968,819.71,1818.2,0.988,488.18,1834.26,0.994,frontal,537.3766973046247,456.0553603243306,False,568.1466561708016,880.4232806873782,649.1191978230213
13,433,506.37,218.76,1.0,706.03,432.61,1.0,372.01,473.95,1.0,762.81,708.89,0.997,354.41,745.88,0.981,807.16,936.88,0.996,355.46,989.85,0.979,669.89,956.23,1.0,481.96,971.41,1.0,703.68,1331.93,0.999,486.76,1337.28,0.998,759.85,1654.2,0.995,519.39,1670.35,0.997,739.66,1684.64,0.892,549.2,1697.74,0.949,819.56,1814.03,0.986,488.01,1829.77,0.992,frontal,539.0238779014365,453.2822372816338,False,569.1618217857354,876.1011544829583,649.1063329016084
14,466,507.22,214.23,1.0,707.73,427.17,1.0,373.86,470.57,1.0,766.02,706.72,0.995,356.08,745.62,0.981,806.66,938.43,0.995,358.22,986.89,0.975,670.19,953.74,1.0,481.78,969.18,1.0,704.58,1328.04,0.998,487.94,1332.59,0.997,759.88,1651.64,0.994,519.37,1666.59,0.995,740.04,1681.4,0.865,548.94,1693.34,0.916,819.5,1811.25,0.984,488.12,1824.91,0.989,frontal,540.7983034337678,448.86977518802655,False,570.1116721701778,872.7626300404298,649.1508045530395
15,500,508.96,210.82,1.0,708.67,424.42,1.0,373.69,470.64,1.0,768.82,699.44,0.996,357.73,744.71,0.982,805.83,922.23,0.996,360.02,988.09,0.975,670.68,954.81,1.0,481.74,967.89,1.0,705.88,1327.98,0.998,489.23,1328.84,0.997,759.86,1648.92,0.995,519.39,1661.84,0.995,740.16,1678.6,0.887,548.75,1688.34,0.913,819.37,1807.72,0.989,488.23,1821.18,0.991,frontal,541.1769061457063,447.5317308979189,False,570.6785422643579,871.4687406217566,649.1291626087093
16,533,510.31,206.16,1.0,713.61,424.78,1.0,375.14,466.14,1.0,772.73,702.8,0.996,358.17,741.36,0.985,805.99,924.78,0.993,362.51,980.8,0.978,671.18,951.75,1.0,481.78,964.62,1.0,705.72,1322.72,0.998,491.71,1327.72,0.998,759.91,1645.65,0.996,519.39,1657.4,0.996,740.52,1674.86,0.9,548.55,1683.61,0.933,819.22,1803.93,0.988,488.27,1816.26,0.991,frontal,544.3720362299474,445.45961179802146,False,572.1938845730663,868.8380392978855,649.1391947676955
17,566,511.8,204.56,1.0,714.18,422.16,1.0,376.86,462.86,1.0,775.06,698.61,0.997,360.26,738.6,0.985,805.79,907.18,0.995,364.16,977.35,0.98,671.16,948.44,1.0,481.86,961.76,1.0,705.85,1319.42,0.999,493.3,1327.51,0.998,759.95,1642.31,0.996,519.4,1653.9,0.997,740.81,1671.25,0.907,548.51,1679.88,0.942,819.1,1799.9,0.988,488.31,1811.81,0.992,frontal,545.5203613139787,442.51272290366006,False,572.8783854773262,865.9678102809363,649.1799226433884
18,600,515.23,202.73,1.0,717.14,420.39,1.0,379.35,461.06,1.0,776.86,699.44,0.996,361.52,734.75,0.987,807.37,913.99,0.994,363.52,977.22,0.982,672.46,946.09,1.0,482.82,959.8,1.0,707.06,1317.83,0.999,498.64,1325.23,0.998,759.95,1638.84,0.996,519.44,1651.21,0.997,740.81,1667.85,0.91,548.55,1677.27,0.943,819.02,1794.9,0.988,488.43,1807.86,0.992,frontal,548.2440648282118,440.7283805392492,False,574.8535294399545,863.9593265489036,649.1992099839882
19,633,516.73,199.27,1.0,718.35,416.64,1.0,382.46,456.59,1.0,778.28,692.66,0.995,362.2,734.02,0.985,807.01,907.61,0.993,363.58,975.47,0.978,672.82,942.4,1.0,483.54,955.51,1.0,708.36,1317.0,0.998,500.53,1322.69,0.997,759.95,1636.23,0.995,519.48,1648.29,0.995,740.75,1665.66,0.888,548.55,1674.42,0.922,818.98,1791.51,0.986,488.73,1804.06,0.99,frontal,550.404977637796,436.6152348811146,False,576.1149610294385,860.3845615723264,649.2535280102793
20,666,519.3,195.16,1.0,718.02,416.35,1.0,383.5,454.53,1.0,779.04,680.82,0.993,361.48,726.6,0.983,807.09,888.79,0.991,362.33,964.73,0.971,673.3,940.74,1.0,484.55,953.13,1.0,709.42,1313.95,0.998,502.95,1317.04,0.997,759.95,1632.82,0.994,519.54,1645.09,0.994,740.75,1662.34,0.872,548.55,1671.18,0.909,818.93,1787.96,0.985,488.96,1800.26,0.988,frontal,550.7602647726773,435.43811899812255,False,576.7966431449722,857.7073899448909,649.2967881920191
21,700,519.32,193.05,1.0,718.53,414.41,1.0,384.98,453.93,1.0,781.82,676.96,0.995,361.66,722.38,0.981,809.48,877.73,0.992,361.55,959.33,0.972,673.23,936.86,1.0,485.31,949.13,1.0,711.64,1309.64,0.998,502.83,1313.08,0.997,760.02,1629.62,0.995,519.63,1641.61,0.995,740.89,1658.76,0.878,548.55,1667.33,0.924,818.93,1784.69,0.985,489.26,1796.22,0.99,frontal,551.7522548017682,434.16655894033477,False,577.5324193797791,854.6712809499611,649.406856866674
22,733,519.88,191.49,1.0,719.07,415.19,1.0,386.19,453.71,1.0,783.78,681.51,0.996,362.86,724.7,0.983,814.99,888.49,0.994,361.02,957.18,0.978,674.55,934.16,1.0,488.68,945.99,1.0,710.9,1304.06,0.999,503.19,1311.59,0.998,760.11,1626.39,0.997,519.69,1638.91,0.997,741.15,1656.2,0.905,548.55,1665.03,0.947,818.87,1782.45,0.99,489.31,1794.08,0.993,frontal,552.633794813741,434.45031785995053,False,578.7882831721714,853.1544008368296,649.46891446668
23,766,520.24,190.47,1.0,719.27,412.61,1.0,388.03,448.76,1.0,785.58,676.04,0.994,363.28,719.95,0.982,815.61,889.03,0.989,361.17,949.66,0.973,676.01,932.77,1.0,490.28,943.98,1.0,710.61,1301.39,0.998,502.34,1308.96,0.997,760.24,1623.4,0.995,519.79,1636.0,0.995,741.4,1653.51,0.877,548.55,1662.15,0.912,818.87,1780.25,0.988,489.76,1790.79,0.991,frontal,553.6507294084422,430.68617568226523,False,579.6939383772639,850.3050832979503,649.6451581931723
24,800,521.27,189.65,1.0,719.19,408.02,1.0,387.52,446.48,1.0,786.33,666.66,0.994,364.39,718.4,0.98,817.58,877.79,0.991,362.85,942.49,0.972,677.36,929.97,1.0,491.63,941.57,1.0,711.56,1301.86,0.998,503.31,1310.35,0.998,760.36,1620.81,0.995,519.96,1633.36,0.996,741.54,1651.07,0.887,548.56,1659.77,0.931,818.87,1778.0,0.987,490.14,1788.24,0.992,frontal,553.3558000700406,427.249580328545,False,580.3231344301986,847.7943675775699,649.7771053566661
25,833,521.85,187.85,1.0,719.89,406.46,1.0,387.67,445.59,1.0,788.6,662.28,0.992,365.39,718.53,0.98,815.89,875.77,0.988,366.49,942.56,0.968,677.49,927.97,1.0,490.8,940.12,1.0,712.08,1299.61,0.997,504.05,1307.28,0.997,760.55,1619.3,0.995,520.15,1631.63,0.995,741.92,1649.53,0.857,548.57,1658.19,0.894,818.87,1776.46,0.987,490.65,1786.08,0.989,frontal,553.7812326067792,426.0213422372202,False,580.556834874723,846.0702936136232,650.0025802146839
26,866,521.97,187.11,1.0,720.1,406.25,1.0,388.88,445.41,1.0,789.65,656.96,0.993,364.97,715.66,0.983,814.48,856.15,0.989,366.38,935.67,0.974,677.09,928.14,1.0,490.11,939.35,1.0,711.31,1301.72,0.998,505.28,1307.62,0.997,760.67,1617.74,0.995,520.36,1629.68,0.995,742.06,1647.74,0.872,548.6,1656.01,0.916,818.87,1774.78,0.986,491.14,1783.61,0.99,frontal,554.4915294741952,425.832654500509,False,580.6605721565469,845.717051625289,650.167160026093
27,900,522.06,186.9,1.0,720.29,406.37,1.0,389.38,446.63,1.0,790.13,663.13,0.995,365.16,713.43,0.98,818.01,873.0,0.993,369.33,937.03,0.972,676.45,929.19,1.0,489.79,939.81,1.0,710.88,1300.62,0.998,504.76,1304.29,0.997,760.82,1616.45,0.996,520.48,1628.03,0.996,742.33,1646.34,0.879,548.6,1654.0,0.923,818.87,1773.74,0.988,491.67,1781.87,0.991,frontal,554.8363604754901,426.50268636562396,False,580.5512055596213,845.9126823439619,650.3674277405478
28,933,522.15,186.62,1.0,721.38,406.89,1.0,390.65,445.55,1.0,789.66,668.0,0.996,366.3,709.35,0.979,820.59,885.61,0.993,368.05,931.63,0.973,676.09,927.21,1.0,489.7,938.34,1.0,708.79,1298.46,0.998,503.75,1301.21,0.998,760.89,1614.73,0.995,520.64,1626.65,0.997,742.51,1644.72,0.881,548.63,1652.63,0.936,818.86,1772.6,0.987,492.04,1780.7,0.992,frontal,556.0152523893748,426.2218338363604,False,580.6494616759135,844.6831238838897,650.509665344649
29,966,522.63,186.26,1.0,721.11,407.2,1.0,389.76,445.62,1.0,789.0,669.26,0.996,368.35,710.54,0.98,824.28,885.78,0.995,369.74,935.58,0.976,677.03,924.51,1.0,491.52,936.32,1.0,707.42,1297.26,0.998,502.47,1300.34,0.998,760.99,1613.24,0.995,520.88,1626.01,0.996,742.71,1643.65,0.878,548.67,1652.16,0.931,818.86,1771.47,0.988,492.39,1779.9,0.992,frontal,555.4370584877363,426.40603991384916,False,580.8124936945678,843.7114943172775,650.65715795132
30,1000,523.21,186.19,1.0,721.45,406.94,1.0,391.91,444.89,1.0,787.94,668.1,0.994,371.18,709.01,0.975,823.18,883.26,0.994,371.95,929.53,0.968,676.88,924.47,1.0,491.14,936.22,1.0,707.48,1297.76,0.997,501.9,1300.09,0.997,761.12,1612.32,0.994,521.07,1625.22,0.995,743.0,1642.79,0.845,548.71,1651.31,0.901,818.84,1770.64,0.985,492.95,1778.88,0.989,frontal,556.6787466131949,425.91731866163184,False,581.1632352242183,843.3999541942574,650.8753677459865
31,1033,523.1,186.41,1.0,721.38,407.34,1.0,392.54,443.38,1.0,787.31,668.31,0.995,374.87,707.11,0.976,823.64,884.89,0.994,373.68,924.41,0.972,676.59,923.66,1.0,490.75,935.43,1.0,707.28,1297.81,0.998,501.98,1302.79,0.997,761.3,1611.61,0.994,521.25,1624.27,0.995,743.19,1642.12,0.843,548.77,1650.21,0.915,818.85,1770.14,0.982,493.33,1777.81,0.989,frontal,556.9628799418011,425.3618924802479,False,581.2311578189828,843.0266639051665,651.0369786473377
32,1066,523.76,186.87,1.0,722.1,407.55,1.0,392.51,443.6,1.0,787.4,669.67,0.995,378.58,710.12,0.975,827.15,894.75,0.993,376.28,927.1,0.973,676.03,922.86,1.0,490.93,934.07,1.0,706.63,1297.44,0.997,502.81,1302.48,0.996,761.4,1609.99,0.994,521.47,1623.94,0.995,743.47,1640.83,0.839,548.77,1649.92,0.895,818.85,1769.19,0.986,493.61,1777.52,0.991,frontal,557.3083343895627,425.5744361922121,False,581.4266042142995,842.7239618271389,651.1773418119319
33,1100,524.22,187.75,1.0,721.7,407.75,1.0,393.92,441.38,1.0,786.54,671.0,0.997,378.5,705.11,0.975,828.01,894.27,0.995,375.79,925.59,0.978,674.58,921.17,1.0,490.92,931.43,1.0,704.55,1297.03,0.998,502.93,1301.29,0.998,761.47,1608.64,0.995,521.77,1623.49,0.997,743.75,1640.23,0.866,548.84,1649.44,0.939,818.85,1768.72,0.988,494.01,1777.32,0.993,frontal,557.8092783123586,424.56175128375196,False,581.1460485232654,841.2664020875656,651.3636646666201
34,1133,525.11,189.4,1.0,721.97,407.57,1.0,395.65,441.1,1.0,783.78,671.59,0.992,380.54,700.83,0.973,825.42,894.96,0.993,378.22,914.77,0.97,674.37,917.31,1.0,490.94,926.75,1.0,704.64,1294.09,0.995,503.98,1295.67,0.994,761.52,1607.93,0.993,521.95,1623.4,0.992,744.02,1639.86,0.804,548.82,1649.56,0.837,818.87,1768.48,0.986,494.15,1777.32,0.987,frontal,558.8129739902018,424.33498195076567,False,581.5265237605543,838.7589679482485,651.4673087687293
35,1166,526.57,191.18,1.0,722.54,408.34,1.0,396.64,441.94,1.0,781.79,674.03,0.99,381.71,703.33,0.971,822.2,898.01,0.989,377.89,910.25,0.965,674.55,919.1,1.0,491.0,928.95,1.0,705.72,1296.03,0.996,503.65,1295.87,0.994,761.6,1607.32,0.993,522.09,1623.4,0.992,744.3,1639.39,0.807,548.8,1649.56,0.847,818.92,1768.28,0.985,494.37,1777.41,0.987,frontal,559.5920309351526,425.1406905136013,False,581.8747170772461,840.0935188583848,651.5990837423121
36,1200,527.27,192.98,1.0,722.59,408.57,1.0,397.98,441.45,1.0,780.95,673.12,0.993,381.1,699.78,0.97,826.33,897.67,0.992,377.94,907.61,0.971,674.52,918.57,1.0,490.9,928.39,1.0,705.0,1296.29,0.997,504.26,1297.46,0.995,761.71,1606.87,0.993,522.36,1623.49,0.994,744.68,1639.24,0.79,548.83,1649.74,0.883,818.92,1767.98,0.985,494.59,1777.47,0.989,frontal,560.2837794957861,425.00820014988153,False,582.0415446184392,839.8390338709837,651.7567761136776
37,1233,527.52,193.79,1.0,723.14,408.69,1.0,399.72,441.15,1.0,778.16,674.94,0.993,382.95,698.71,0.966,823.89,900.45,0.991,379.59,910.02,0.969,674.96,918.87,1.0,491.11,928.61,1.0,705.45,1296.96,0.998,504.1,1299.42,0.996,761.76,1606.71,0.994,522.61,1623.49,0.995,744.83,1639.24,0.807,548.91,1649.85,0.915,818.92,1767.98,0.984,494.82,1777.59,0.99,frontal,561.430111206841,424.9204152614584,False,582.5562600392939,840.1352835711899,651.8697693360749
38,1266,527.11,195.15,1.0,722.87,409.59,1.0,399.82,441.41,1.0,776.88,680.76,0.993,383.24,700.16,0.972,823.01,905.67,0.992,379.34,912.78,0.973,675.66,919.75,1.0,491.9,929.72,1.0,706.97,1298.35,0.997,503.79,1302.19,0.996,761.88,1606.71,0.993,522.88,1623.55,0.995,744.91,1639.24,0.817,549.04,1649.91,0.907,818.94,1767.98,0.983,494.88,1777.68,0.989,frontal,561.3412158282279,425.50326864684325,False,582.8799446172447,841.2777638970351,651.9406343821333
39,1300,526.9,196.69,1.0,723.37,410.82,1.0,399.82,443.55,1.0,777.28,684.73,0.986,383.67,701.97,0.963,821.73,907.05,0.981,377.45,912.31,0.968,676.31,922.29,1.0,492.39,932.15,1.0,708.14,1300.48,0.997,503.09,1306.93,0.996,762.04,1606.82,0.993,523.21,1623.59,0.995,745.14,1639.38,0.804,549.25,1649.95,0.905,818.97,1768.04,0.984,495.11,1777.72,0.99,frontal,561.5984460598017,427.1864784622396,False,583.2615304258757,843.522369004895,652.1171042709007
40,1333,527.69,199.49,1.0,724.97,412.52,1.0,399.92,444.85,1.0,777.41,684.03,0.989,384.46,703.65,0.966,822.56,907.44,0.985,375.26,914.34,0.961,677.11,922.21,1.0,493.17,932.82,1.0,707.82,1300.65,0.997,504.38,1307.0,0.996,762.14,1606.76,0.994,523.5,1623.64,0.994,745.33,1639.38,0.804,549.41,1649.96,0.888,818.99,1768.09,0.986,495.37,1777.73,0.989,frontal,562.4459221594561,428.685787084612,False,583.9668712150869,844.1953223455665,652.2739460909403
41,1366,527.33,201.64,1.0,724.18,412.39,1.0,401.79,444.25,1.0,777.8,682.51,0.995,383.81,704.16,0.968,824.44,904.16,0.995,374.37,914.81,0.976,676.62,921.79,1.0,493.71,932.87,1.0,707.25,1301.91,0.998,506.99,1307.24,0.997,762.26,1606.76,0.994,523.88,1623.65,0.996,745.52,1639.45,0.826,549.63,1650.06,0.928,819.03,1768.16,0.986,495.37,1777.79,0.992,frontal,562.983709044955,428.3207923143801,False,584.3259438587866,844.0901332814066,652.388895714704
42,1400,527.06,203.28,1.0,724.9,414.08,1.0,401.87,444.59,1.0,779.99,682.62,0.997,383.13,704.15,0.967,828.57,907.28,0.997,371.19,915.38,0.975,676.26,922.22,1.0,493.31,933.3,1.0,706.25,1302.16,0.998,508.1,1308.1,0.997,762.39,1606.71,0.995,524.25,1623.75,0.996,745.7,1639.45,0.841,549.87,1650.35,0.931,819.03,1768.18,0.987,495.41,1777.9,0.992,frontal,563.387256088262,429.332030544311,False,584.3936507068139,844.6868011016561,652.5039355906848
43,1433,526.81,204.84,1.0,726.39,415.28,1.0,402.57,445.78,1.0,782.55,681.36,0.996,382.73,706.12,0.963,829.07,905.35,0.996,372.53,919.74,0.971,677.46,922.6,1.0,493.69,934.43,1.0,706.59,1303.41,0.998,506.73,1307.25,0.998,762.59,1606.78,0.995,524.55,1623.82,0.997,746.04,1639.47,0.845,550.11,1650.55,0.939,819.07,1768.19,0.987,495.41,1778.07,0.992,frontal,564.4829697009918,430.5325713491868,False,585.0646278745313,845.4386057961324,652.6587301863192
44,1466,526.74,206.52,1.0,726.25,414.14,1.0,403.0,446.33,1.0,783.22,680.87,0.994,382.18,707.45,0.963,827.34,901.74,0.994,371.01,919.46,0.965,680.64,924.23,1.0,494.29,938.1,1.0,707.63,1306.63,0.998,508.67,1310.65,0.997,762.78,1606.83,0.994,524.71,1623.86,0.995,746.25,1639.47,0.835,550.24,1650.55,0.923,819.13,1768.24,0.982,495.58,1778.16,0.989,frontal,564.6211046420972,430.23730657699656,False,586.0744644098612,846.891557749069,652.8007922665381
45,1500,527.07,207.07,1.0,726.3,413.76,1.0,402.2,447.79,1.0,785.09,676.3,0.994,381.64,708.86,0.97,824.29,891.2,0.995,370.71,925.04,0.969,683.48,927.76,1.0,495.02,942.04,1.0,708.76,1309.51,0.998,513.27,1316.2,0.997,762.94,1606.97,0.993,525.09,1623.98,0.995,746.25,1639.63,0.853,550.5,1650.66,0.921,819.25,1768.32,0.981,495.82,1778.31,0.988,frontal,564.2476353742222,430.7741621093386,False,587.1346909284787,849.0542062834414,652.9542462717028
46,1533,527.09,208.23,1.0,726.55,413.55,1.0,401.44,449.24,1.0,787.19,672.05,0.993,380.6,710.19,0.968,823.65,882.42,0.994,370.66,928.21,0.968,684.27,928.52,1.0,495.64,943.44,1.0,710.0,1312.14,0.997,511.55,1319.03,0.996,763.04,1607.24,0.993,525.37,1624.34,0.994,746.25,1639.85,0.824,550.65,1650.93,0.895,819.36,1768.44,0.983,496.05,1778.72,0.988,frontal,563.9979382495675,431.3966848843724,False,587.3214687867098,850.0326173708046,653.0805085361537
47,1566,526.89,208.82,1.0,727.14,413.71,1.0,400.92,449.86,1.0,787.7,674.61,0.995,377.76,712.6,0.969,822.12,887.15,0.995,368.74,929.28,0.967,686.53,933.01,1.0,497.57,947.28,1.0,711.41,1314.02,0.998,511.95,1326.46,0.997,763.14,1607.72,0.994,525.78,1624.71,0.996,746.19,1640.29,0.873,550.98,1651.27,0.936,819.46,1768.59,0.983,496.43,1779.04,0.99,frontal,564.0318401927866,431.78684578431694,False,588.2027638604196,852.6584343201456,653.2639776097958
48,1600,526.71,209.19,1.0,727.88,416.7,1.0,399.66,451.57,1.0,786.67,677.53,0.996,377.21,713.9,0.969,823.32,882.55,0.995,368.55,932.71,0.972,686.71,936.24,1.0,498.46,949.69,1.0,712.51,1318.21,0.999,511.04,1331.91,0.998,763.29,1608.65,0.996,526.19,1625.46,0.997,746.26,1641.19,0.896,551.62,1652.03,0.958,819.63,1768.91,0.987,496.61,1779.62,0.993,frontal,563.7690402856147,434.13785206227635,False,588.2967409551467,855.4742769058563,653.5286249965349
49,1633,526.89,209.96,1.0,730.11,420.3,1.0,400.13,452.16,1.0,787.3,689.26,0.996,377.66,715.43,0.975,820.92,883.36,0.994,367.42,937.93,0.976,687.82,937.84,1.0,500.51,951.57,1.0,713.32,1319.02,0.998,510.77,1332.65,0.998,763.47,1609.44,0.995,526.45,1626.27,0.997,746.37,1641.69,0.888,551.99,1652.62,0.946,819.69,1769.24,0.986,496.75,1780.2,0.992,frontal,565.1222461259698,436.2270074919033,False,589.4380522094958,857.439466319434,653.7012415321774
50,1666,526.96,211.3,1.0,731.15,420.24,1.0,399.34,451.94,1.0,787.94,689.49,0.996,377.25,717.78,0.975,817.7,885.74,0.994,366.67,940.54,0.978,688.91,944.02,1.0,502.22,955.27,1.0,714.15,1324.17,0.998,509.7,1338.06,0.998,763.54,1610.49,0.995,526.85,1627.46,0.997,746.37,1642.58,0.907,552.65,1653.66,0.957,819.83,1769.46,0.987,496.85,1780.86,0.993,frontal,565.2432469481951,436.0910328830897,False,590.0089616630781,860.2425653720113,653.923584884102
51,1700,526.88,211.32,1.0,731.21,420.15,1.0,396.42,454.26,1.0,787.49,689.35,0.997,373.61,723.04,0.983,814.53,885.31,0.995,364.69,950.36,0.981,691.91,946.79,1.0,505.1,958.47,1.0,714.68,1326.08,0.999,511.63,1340.08,0.998,763.65,1611.77,0.996,527.33,1629.04,0.997,746.37,1643.61,0.921,553.32,1655.08,0.955,819.98,1769.89,0.989,497.03,1781.75,0.993,frontal,563.8138260460852,437.20463864499754,False,590.707373004049,862.3057866825822,654.1773377172832
52,1733,525.96,211.15,1.0,732.09,421.01,1.0,394.01,456.17,1.0,788.81,690.3,0.996,369.88,725.58,0.981,812.63,889.61,0.994,365.8,950.31,0.979,690.75,950.56,1.0,503.17,961.61,1.0,715.29,1325.39,0.999,515.15,1338.87,0.998,763.91,1613.08,0.996,527.68,1630.39,0.997,746.46,1644.92,0.907,553.68,1656.4,0.954,820.07,1770.49,0.987,497.11,1782.63,0.992,frontal,563.0497497314735,438.5910132121259,False,590.1367430528406,864.1142595798867,654.328685160541
53,1766,525.34,212.49,1.0,730.59,421.24,1.0,390.68,457.49,1.0,789.32,689.76,0.994,365.41,726.12,0.986,803.91,892.5,0.991,368.05,947.79,0.977,689.41,952.37,1.0,502.39,960.99,1.0,717.3,1326.93,0.997,516.8,1336.11,0.997,764.12,1614.66,0.995,528.08,1631.79,0.995,746.46,1646.5,0.889,554.2,1657.91,0.91,820.26,1771.18,0.987,497.37,1783.53,0.989,frontal,560.636677250588,439.36488508867353,False,589.1018383420725,864.5917603371702,654.5727497470266
54,1800,524.04,212.73,1.0,729.97,424.99,1.0,388.61,463.4,1.0,790.28,695.84,0.997,363.78,732.12,0.989,795.63,915.47,0.993,370.77,952.94,0.982,688.87,961.34,1.0,501.88,968.98,1.0,718.69,1331.22,0.999,517.79,1334.99,0.998,764.33,1616.44,0.997,528.22,1632.17,0.997,746.49,1648.32,0.946,554.27,1658.28,0.958,820.47,1771.64,0.992,497.47,1783.88,0.994,frontal,559.2935136856183,444.19401444284404,False,588.6270624614142,870.1260836071166,654.674416703456
55,1833,521.0,215.38,1.0,728.37,428.37,1.0,387.02,468.73,1.0,793.02,695.39,0.997,360.65,737.1,0.991,789.83,917.54,0.994,378.58,960.18,0.981,687.15,962.98,1.0,500.19,970.51,1.0,719.05,1327.55,0.997,516.08,1331.94,0.997,764.7,1617.32,0.997,528.14,1633.14,0.996,746.56,1649.45,0.937,554.35,1659.58,0.94,820.74,1771.98,0.991,497.41,1784.52,0.992,frontal,557.6973278132405,448.54786381651536,False,587.3316455785719,871.8648785266134,654.7638144071232
56,1866,518.77,220.86,1.0,727.27,437.65,1.0,381.99,473.68,1.0,796.2,703.19,0.997,357.52,743.45,0.992,773.59,922.87,0.993,385.8,960.3,0.982,686.54,965.5,1.0,499.6,973.97,1.0,723.41,1328.63,0.996,515.25,1332.46,0.996,765.1,1618.62,0.996,528.19,1634.5,0.994,746.67,1650.93,0.92,554.6,1661.16,0.912,820.97,1772.2,0.991,497.6,1785.08,0.99,frontal,554.629671440769,455.66909156506193,False,586.3628466669538,876.0739224886544,654.96099027632
57,1900,517.2,234.47,1.0,726.52,452.83,1.0,377.93,486.39,1.0,801.39,720.06,0.998,352.33,748.12,0.993,760.03,925.0,0.995,393.75,963.84,0.983,685.43,970.88,1.0,500.23,975.46,1.0,726.45,1328.48,0.998,511.96,1334.74,0.998,765.48,1619.06,0.998,528.11,1635.16,0.997,746.71,1651.59,0.957,554.76,1661.85,0.958,821.25,1772.37,0.994,497.6,1785.44,0.994,frontal,552.2223707078832,469.60628125924484,False,585.4429211305053,883.0051956803997,655.0786882956081
58,1933,515.2,247.49,1.0,721.11,463.54,1.0,371.98,503.02,1.0,802.96,729.91,0.997,340.88,764.23,0.993,748.27,925.96,0.991,397.7,966.49,0.975,683.79,976.4,1.0,500.63,980.58,1.0,729.24,1330.2,0.997,509.61,1335.88,0.997,765.81,1619.75,0.998,528.05,1635.92,0.996,746.71,1652.79,0.955,554.89,1662.58,0.934,821.46,1772.37,0.995,497.64,1785.73,0.993,frontal,546.5469200749536,483.27921167722354,False,583.0020136383431,890.7638376148869,655.1729479943814
59,1966,513.38,265.51,1.0,717.01,484.55,1.0,369.28,519.2,1.0,807.85,742.29,0.999,335.05,775.54,0.994,739.12,928.52,0.995,399.67,964.91,0.981,681.65,974.8,1.0,501.67,981.6,1.0,732.47,1329.09,0.998,507.05,1334.94,0.998,766.35,1620.1,0.998,528.03,1636.04,0.997,746.84,1653.35,0.962,555.04,1662.58,0.95,821.46,1772.29,0.996,497.81,1785.73,0.994,frontal,543.1437099925831,501.8735922265448,False,581.6799963316137,897.5988634773222,655.2867194809064
60,2000,510.35,287.65,1.0,717.2,507.18,1.0,367.89,542.07,1.0,813.48,758.46,0.999,331.03,789.28,0.994,729.01,927.87,0.995,402.83,966.83,0.977,681.16,978.7,1.0,502.94,988.34,1.0,737.97,1329.45,0.998,501.93,1334.77,0.997,766.9,1620.85,0.998,528.02,1636.04,0.997,746.92,1654.08,0.951,555.04,1662.38,0.932,821.61,1772.6,0.996,498.09,1785.9,0.994,frontal,542.5459821806996,524.623843298354,False,581.7203525916985,908.3367291117554,655.4164276999256
61,2033,510.04,314.46,1.0,713.39,528.18,1.0,368.79,571.43,1.0,819.38,775.02,0.999,331.27,811.34,0.994,720.71,925.49,0.995,412.36,973.51,0.975,680.45,984.89,1.0,503.0,995.5,1.0,739.67,1331.04,0.998,494.2,1337.18,0.998,767.03,1622.08,0.998,528.01,1636.67,0.998,746.92,1655.32,0.961,555.19,1663.06,0.948,821.61,1772.76,0.996,498.15,1786.28,0.995,frontal,541.0900560472893,549.8036227186002,False,580.825259450659,921.0349760056758,655.4671924276317
62,2066,510.08,350.41,1.0,706.8,551.03,1.0,368.24,593.46,1.0,824.72,803.75,0.998,327.0,840.32,0.99,700.8,927.96,0.992,418.49,969.68,0.959,680.3,1004.62,1.0,503.71,1018.08,1.0,744.79,1335.12,0.997,490.92,1345.31,0.997,767.15,1622.76,0.997,528.01,1637.36,0.997,746.97,1656.02,0.946,555.32,1663.9,0.936,821.58,1772.88,0.994,498.28,1786.86,0.993,frontal,537.5196036066001,572.2476698185724,False,579.900804305388,939.4906378291053,655.5380342220162
63,2100,508.85,382.45,1.0,704.84,575.94,1.0,366.66,621.47,1.0,831.94,823.51,0.999,319.5,876.28,0.993,699.01,931.23,0.991,426.69,976.97,0.96,679.79,1011.07,1.0,503.02,1024.87,1.0,743.7,1336.04,0.997,483.95,1350.63,0.998,767.15,1623.59,0.997,528.01,1638.18,0.998,747.0,1657.02,0.932,555.37,1665.1,0.937,821.53,1773.15,0.993,498.38,1787.37,0.995,frontal,535.7520144482104,598.7037905845716,False,578.4218917348222,953.3278203080304,655.571197601202
64,2133,507.64,422.4,1.0,697.07,603.84,1.0,367.93,644.05,1.0,830.67,842.4,0.998,315.93,905.16,0.993,684.29,934.02,0.988,430.07,979.26,0.963,678.9,1034.8,1.0,503.1,1053.26,1.0,747.4,1338.46,0.996,474.85,1356.69,0.997,767.33,1624.8,0.995,528.0,1639.47,0.997,747.02,1658.38,0.901,555.44,1666.47,0.934,821.51,1773.43,0.989,498.38,1788.3,0.994,frontal,532.4997053616858,623.9440397387275,False,576.5804778859781,973.9884588856814,655.5882579352785
65,2166,505.31,460.61,1.0,697.33,632.17,1.0,369.43,669.01,1.0,831.02,867.93,0.999,312.95,935.74,0.996,669.43,946.19,0.989,448.14,987.78,0.974,677.5,1045.87,1.0,502.07,1064.22,1.0,751.26,1339.63,0.996,465.68,1358.27,0.997,767.43,1625.96,0.995,527.91,1640.8,0.997,747.0,1659.44,0.89,555.44,1667.81,0.939,821.5,1773.97,0.988,498.34,1789.25,0.994,frontal,533.3799445965917,650.5915560896656,False,575.9140022249757,989.2981253195981,655.5701189512695
66,2200,505.84,501.86,1.0,697.61,665.94,1.0,369.8,703.39,1.0,825.6,906.28,0.998,313.22,969.13,0.995,659.43,952.22,0.989,439.62,989.75,0.973,676.55,1071.54,1.0,499.46,1090.77,1.0,754.96,1347.83,0.996,456.98,1381.28,0.997,767.53,1627.04,0.995,527.85,1642.32,0.997,747.0,1660.38,0.877,555.42,1669.44,0.939,821.47,1774.5,0.987,498.32,1790.11,0.994,frontal,533.7029681907989,684.6651351667635,False,574.7906081862183,1015.5802292531762,655.5511316264781
67,2233,504.76,545.9,1.0,700.46,696.73,1.0,370.36,739.18,1.0,827.11,946.4,0.997,310.54,1012.12,0.997,656.82,966.37,0.981,445.32,1000.33,0.98,677.89,1082.59,1.0,496.87,1103.62,1.0,755.35,1342.65,0.997,457.54,1368.09,0.996,767.45,1628.05,0.996,527.76,1643.86,0.997,746.99,1661.42,0.894,555.53,1671.2,0.936,821.32,1775.58,0.989,498.31,1791.03,0.994,frontal,535.4076625695433,717.9572359184933,False,575.1674631938262,1032.687601579481,655.5377145749471
68,2266,500.27,585.32,1.0,700.38,731.26,1.0,371.37,768.18,1.0,825.0,981.92,0.996,308.65,1041.51,0.998,647.62,983.24,0.975,440.89,1015.89,0.983,676.68,1088.39,1.0,492.05,1112.2,1.0,758.89,1341.07,0.996,457.93,1365.3,0.997,767.4,1629.13,0.995,527.59,1644.75,0.998,746.91,1662.23,0.915,555.53,1672.1,0.956,821.06,1776.61,0.989,498.31,1791.97,0.996,frontal,535.8746686143237,749.7200451287941,False,574.3731982048981,1048.002598592483,655.4523846333635
69,2300,496.67,627.7,1.0,702.88,764.89,1.0,372.92,796.33,1.0,817.65,1021.4,0.995,310.7,1074.17,0.998,634.9,993.96,0.975,439.74,1032.9,0.985,677.29,1103.06,1.0,492.82,1125.61,1.0,760.1,1340.38,0.996,454.05,1369.78,0.997,767.37,1630.6,0.996,527.41,1645.98,0.998,746.73,1663.22,0.924,555.49,1673.42,0.968,820.56,1777.58,0.989,498.28,1792.68,0.996,frontal,537.8987222898817,780.6109181840659,False,574.9282073269575,1066.4995537357552,655.266766076678
70,2333,494.24,663.72,1.0,707.37,797.13,1.0,370.52,834.85,1.0,813.45,1064.32,0.996,312.76,1111.37,0.998,626.82,1006.92,0.976,439.05,1051.93,0.982,677.35,1105.63,1.0,492.62,1127.88,1.0,759.31,1339.82,0.995,447.65,1370.92,0.996,767.36,1631.54,0.994,527.08,1647.18,0.998,746.7,1663.63,0.908,555.41,1674.37,0.961,819.83,1778.29,0.984,498.1,1793.69,0.995,frontal,538.9410827071316,815.993050800035,False,574.6015923871392,1082.150856395663,655.008513976873
71,2366,494.28,705.44,1.0,711.36,839.0,1.0,371.66,865.53,1.0,812.13,1104.15,0.995,312.35,1150.96,0.998,621.39,1028.91,0.972,436.47,1074.35,0.986,677.63,1127.71,1.0,493.12,1148.59,1.0,756.63,1340.04,0.996,442.66,1373.99,0.997,767.28,1632.64,0.996,526.76,1648.87,0.998,746.5,1663.95,0.941,555.34,1675.48,0.971,818.61,1778.94,0.99,497.96,1794.52,0.996,frontal,541.5129310646194,852.2682406405686,False,574.9395299073202,1105.4375262242204,654.6031534413014
72,2400,496.22,748.1,1.0,710.32,870.36,1.0,373.93,896.77,1.0,797.36,1137.64,0.996,309.61,1181.96,0.998,614.28,1047.91,0.978,433.39,1094.52,0.989,677.76,1157.37,1.0,489.55,1174.69,1.0,758.18,1335.33,0.992,438.94,1370.9,0.992,767.13,1633.64,0.992,526.22,1649.9,0.996,746.12,1664.33,0.923,555.19,1676.68,0.954,817.62,1779.85,0.983,497.66,1795.28,0.992,frontal,542.1255872387267,883.5644868649094,False,573.7393283709026,1128.0655899189892,654.1472705931795
73,2433,497.66,779.98,1.0,708.66,898.14,1.0,374.85,924.27,1.0,792.83,1163.18,0.997,306.97,1209.0,0.999,610.09,1066.23,0.993,434.0,1112.78,0.996,677.27,1192.22,1.0,486.06,1206.32,1.0,760.94,1322.41,0.998,433.11,1367.23,0.997,767.03,1634.33,0.996,525.27,1651.14,0.999,745.58,1664.42,0.972,554.64,1677.63,0.988,816.35,1780.39,0.99,497.2,1796.37,0.996,frontal,541.7520657155198,911.2040674077613,False,572.3562246479992,1150.368014987929,653.4424703507129
74,2466,498.09,798.21,1.0,707.91,928.95,1.0,377.71,950.48,1.0,794.52,1200.77,0.998,305.59,1247.25,0.999,600.79,1080.56,0.994,437.07,1131.54,0.994,675.31,1219.1,1.0,484.44,1230.09,1.0,762.26,1325.56,0.996,429.71,1366.83,0.996,766.77,1634.62,0.995,523.86,1651.4,0.999,744.56,1664.42,0.973,553.34,1677.4,0.992,814.36,1780.72,0.987,496.75,1796.61,0.996,frontal,542.808247327306,939.713487584294,False,571.8386814597375,1172.259173263032,652.2540928093712
75,2500,497.94,829.9,1.0,707.47,953.32,1.0,381.56,972.22,1.0,794.46,1226.19,0.997,308.16,1272.88,0.999,598.4,1101.94,0.995,439.8,1140.98,0.996,671.65,1243.18,1.0,480.88,1252.83,1.0,761.68,1325.43,0.996,424.0,1371.88,0.995,766.21,1635.16,0.994,522.59,1652.36,0.999,743.11,1664.42,0.98,551.62,1677.71,0.992,813.33,1781.16,0.985,496.04,1797.61,0.996,frontal,544.516037932206,962.768588052415,False,570.5896720729514,1190.9732119509058,651.0244759236214
76,2533,497.92,856.92,1.0,707.85,971.25,1.0,384.21,994.46,1.0,795.53,1253.52,0.998,305.79,1296.28,0.999,597.29,1120.92,0.997,439.23,1159.67,0.998,667.77,1262.7,1.0,481.88,1276.72,1.0,761.56,1318.41,0.999,413.4,1371.11,0.999,765.46,1635.53,0.998,521.54,1653.05,1.0,741.85,1664.42,0.993,550.23,1678.0,0.998,811.83,1781.86,0.992,495.4,1798.64,0.998,frontal,546.0302551651895,982.8572418371868,False,569.6094167061611,1207.0003342449654,649.8259666288179
77,2566,498.1,883.58,1.0,707.79,994.16,1.0,380.63,1026.34,1.0,790.72,1274.27,0.998,306.51,1305.88,0.999,592.94,1141.9,0.998,439.55,1180.03,0.999,664.55,1275.55,1.0,481.42,1287.82,1.0,761.07,1322.48,0.999,416.55,1370.77,0.999,764.65,1635.67,0.998,520.62,1653.62,1.0,740.99,1664.38,0.996,548.79,1678.28,0.999,810.34,1781.78,0.995,494.61,1799.08,0.999,frontal,544.2106325088215,1010.2507103940411,False,568.3285575387827,1222.1119501139801,648.6819204846178
78,2600,500.64,906.74,1.0,709.29,1011.68,1.0,380.58,1045.35,1.0,787.37,1285.5,0.999,303.94,1322.58,1.0,586.12,1156.25,0.998,445.24,1193.39,0.999,662.93,1289.78,1.0,483.4,1302.17,1.0,760.81,1323.24,1.0,415.29,1367.61,0.999,763.7,1635.96,0.999,519.11,1654.14,1.0,740.29,1664.42,0.997,547.03,1678.53,0.999,808.5,1781.78,0.994,493.86,1799.29,0.999,frontal,544.9363021150115,1028.514495987458,False,568.254160702098,1234.4197208250027,647.4207624881369
79,2633,504.37,927.55,1.0,710.57,1025.82,1.0,379.6,1061.89,1.0,791.13,1299.78,0.999,301.99,1336.55,1.0,582.69,1174.38,0.999,444.99,1208.17,1.0,656.41,1298.5,1.0,481.94,1317.48,1.0,760.57,1323.4,1.0,412.46,1373.26,1.0,762.51,1636.1,0.999,517.45,1654.33,1.0,739.08,1664.45,0.997,545.1,1678.62,0.999,806.92,1781.65,0.995,492.93,1799.41,0.999,frontal,545.0855356214392,1043.855984058683,False,566.5356082929899,1245.5338671894447,646.0103878749977
80,2666,510.36,946.77,1.0,710.36,1033.93,1.0,376.28,1065.81,1.0,791.33,1309.73,0.999,299.91,1345.03,1.0,586.77,1184.44,0.999,443.17,1223.89,0.999,651.26,1305.69,1.0,481.17,1320.44,1.0,762.54,1329.26,0.999,407.71,1379.81,0.999,761.17,1636.21,0.998,515.48,1654.48,1.0,737.63,1664.45,0.994,542.5,1678.54,0.998,805.14,1781.51,0.993,492.19,1799.61,0.998,frontal,543.3176337442923,1049.8697103590507,False,564.4425271348148,1251.0817891964377,644.3659783146587
81,2700,512.36,959.96,1.0,709.62,1036.08,1.0,375.89,1068.44,1.0,791.33,1309.11,0.999,297.48,1353.07,1.0,589.79,1197.13,0.999,440.81,1242.17,1.0,650.07,1305.35,1.0,481.88,1321.81,1.0,761.95,1328.28,1.0,405.95,1381.04,1.0,759.63,1636.39,0.999,513.57,1654.66,1.0,736.29,1664.49,0.997,539.74,1678.5,0.999,802.37,1781.39,0.995,491.13,1799.99,0.999,frontal,542.7578047008016,1052.259969685067,False,563.7921724514708,1252.356545268264,642.3809414142256
82,2733,515.56,967.76,1.0,709.7,1048.75,1.0,374.75,1074.29,1.0,792.82,1311.37,1.0,297.28,1339.96,1.0,591.29,1215.12,0.999,442.79,1248.24,1.0,646.31,1296.99,1.0,482.42,1315.9,1.0,761.37,1344.4,1.0,410.57,1384.14,1.0,758.03,1636.86,0.998,511.6,1654.74,1.0,734.85,1664.77,0.998,536.49,1678.61,1.0,800.13,1781.3,0.992,489.87,1799.88,0.999,frontal,542.2237450657915,1061.5181294145536,False,563.2645091833255,1254.0340633146377,640.3356842202783
83,2766,520.0,971.68,1.0,707.81,1041.49,1.0,376.11,1070.41,1.0,795.39,1310.54,1.0,292.79,1340.33,1.0,594.7,1218.52,0.999,446.53,1249.47,1.0,644.33,1295.35,1.0,482.71,1313.87,1.0,761.41,1347.39,1.0,412.29,1388.96,1.0,756.6,1637.23,0.998,509.66,1654.84,1.0,733.56,1664.88,0.997,533.88,1678.69,0.999,798.78,1781.3,0.992,488.93,1799.88,0.999,frontal,541.9604757906344,1055.9530797728664,False,562.8358934094086,1252.0776289420862,638.7890681158821
84,2800,518.87,972.72,1.0,705.53,1037.93,1.0,375.5,1068.7,1.0,794.01,1309.93,0.999,294.97,1337.72,1.0,594.44,1215.8,0.998,444.78,1257.12,0.999,644.0,1292.19,1.0,482.34,1311.32,1.0,761.42,1343.14,1.0,412.54,1384.93,0.999,755.22,1637.42,0.998,507.79,1654.98,1.0,732.49,1664.88,0.995,531.82,1678.82,0.999,796.17,1781.21,0.989,487.46,1799.99,0.998,frontal,540.5134379063201,1053.3136087460462,False,562.1617027264979,1249.351192931629,636.9869918895123
85,2833,517.95,976.4,1.0,703.15,1029.8,1.0,368.1,1067.44,1.0,800.09,1306.73,0.999,290.93,1339.44,1.0,597.23,1207.55,0.998,434.98,1256.02,1.0,643.23,1294.29,1.0,478.17,1311.84,1.0,756.96,1335.74,1.0,402.17,1389.7,1.0,753.68,1637.36,0.999,506.13,1655.18,1.0,731.08,1664.85,0.997,530.07,1678.94,0.999,795.16,1781.15,0.995,485.9,1800.16,0.999,frontal,535.6249727716274,1048.6188903474583,False,558.3583609993478,1247.9917626712893,635.5523082917384
86,2866,518.2,971.22,1.0,699.9,1021.48,1.0,362.32,1056.65,1.0,793.63,1292.64,0.999,287.65,1332.11,1.0,595.15,1198.09,0.998,431.18,1245.88,0.999,640.98,1292.54,1.0,475.3,1309.82,1.0,751.03,1331.46,0.999,397.82,1387.22,0.999,752.28,1637.36,0.998,504.09,1655.38,1.0,730.01,1664.88,0.996,527.73,1679.12,0.999,794.03,1781.13,0.992,484.12,1800.33,0.999,frontal,531.1102576216393,1039.0641349088635,False,554.6204833518685,1242.804627493025,633.9716807297235
87,2900,517.17,963.27,1.0,697.2,1011.96,1.0,360.56,1050.11,1.0,794.72,1288.72,0.999,288.43,1324.51,1.0,597.19,1193.27,0.999,424.93,1235.52,1.0,638.27,1288.73,1.0,471.49,1306.12,1.0,746.87,1330.48,0.999,399.4,1380.27,0.999,751.05,1637.71,0.998,502.81,1655.72,1.0,729.16,1665.18,0.995,525.83,1679.46,0.999,793.2,1781.19,0.991,482.82,1800.68,0.998,frontal,528.8782948810893,1031.0319691787704,False,552.4195113533059,1237.679508963756,632.7533462482602
88,2933,516.03,958.91,1.0,694.62,987.72,1.0,358.25,1025.53,1.0,799.4,1273.23,0.999,281.95,1306.39,1.0,596.35,1173.93,0.997,427.2,1211.57,0.998,637.4,1273.05,1.0,460.42,1295.15,1.0,743.36,1334.09,0.998,381.85,1381.95,0.998,749.93,1638.05,0.996,501.22,1656.05,0.999,727.55,1665.54,0.989,524.4,1679.64,0.996,791.98,1781.23,0.99,481.7,1800.92,0.997,frontal,526.4324385737591,1006.626053471779,False,547.5233674972287,1223.7350928494684,631.4067887359695
89,2966,514.05,938.89,1.0,692.34,966.52,1.0,359.54,994.32,1.0,797.67,1249.89,0.998,283.07,1277.42,1.0,591.44,1150.73,0.996,429.84,1186.87,0.998,635.4,1253.77,1.0,456.56,1275.58,1.0,743.75,1334.6,0.997,391.01,1381.32,0.997,748.25,1638.54,0.994,499.73,1656.45,0.999,724.33,1666.04,0.986,523.42,1679.95,0.995,790.85,1781.51,0.984,480.31,1801.29,0.996,frontal,525.9420342577698,980.4216107196758,False,546.9063831808364,1205.855925686373,629.7252595023083
90,3000,514.39,907.6,1.0,686.8,938.11,1.0,358.7,972.71,1.0,779.47,1205.25,0.999,283.48,1249.43,1.0,580.04,1117.44,0.997,431.1,1160.41,0.998,636.4,1227.03,1.0,461.4,1243.25,1.0,740.25,1335.45,0.999,394.29,1379.94,0.999,747.29,1639.15,0.997,498.68,1656.96,1.0,723.61,1666.59,0.989,522.27,1680.27,0.997,789.75,1782.3,0.989,479.17,1801.5,0.998,frontal,522.7513108123567,955.4128459996498,False,546.2604736075898,1183.9095893609458,628.6993592054389
91,3033,511.48,870.71,1.0,680.6,914.42,1.0,350.82,949.97,1.0,778.82,1172.2,0.998,283.99,1219.25,0.999,581.35,1096.84,0.992,430.92,1138.21,0.993,637.37,1205.97,1.0,461.75,1224.53,1.0,738.79,1337.49,0.995,412.25,1378.28,0.995,746.37,1640.03,0.991,497.69,1657.3,0.998,722.15,1667.13,0.941,521.61,1680.6,0.984,788.18,1783.12,0.978,477.94,1801.75,0.995,frontal,515.7108668638405,932.1951763619413,False,545.3714478419583,1166.5673877358213,627.4686128747777
92,3066,508.7,836.16,1.0,682.3,876.1,1.0,350.3,913.69,1.0,780.2,1137.23,0.997,276.08,1195.4,0.999,585.27,1087.88,0.991,416.32,1130.46,0.994,640.42,1177.68,1.0,458.6,1197.65,1.0,733.67,1336.72,0.997,423.16,1375.98,0.996,745.69,1640.59,0.995,496.98,1657.88,0.998,720.57,1667.79,0.96,521.38,1681.38,0.983,787.03,1784.02,0.987,476.9,1802.29,0.995,frontal,516.3029650346328,894.8975920962146,False,545.764611972147,1141.4211075946187,626.4700411758643
93,3100,501.68,801.82,1.0,680.3,837.46,1.0,349.91,872.32,1.0,782.64,1101.09,0.997,276.4,1130.91,0.999,585.81,1075.72,0.979,411.4,1123.54,0.988,645.51,1148.92,1.0,460.11,1172.58,1.0,734.4,1343.1,0.997,426.48,1375.67,0.997,744.65,1641.8,0.996,496.68,1658.74,0.998,720.15,1668.9,0.92,521.38,1682.18,0.963,785.98,1785.63,0.989,476.32,1803.06,0.996,frontal,515.1050759913563,854.8918177742346,False,546.9677110706717,1115.0022413512786,625.9600374283156
94,3133,495.88,769.09,1.0,683.89,799.84,1.0,350.17,832.64,1.0,782.75,1062.89,0.996,276.96,1090.22,0.997,587.26,1070.46,0.96,405.45,1119.29,0.975,647.71,1122.69,1.0,459.46,1147.74,1.0,729.88,1340.46,0.994,429.0,1368.66,0.995,743.9,1642.76,0.993,496.36,1659.39,0.996,719.62,1670.07,0.882,521.62,1682.99,0.935,785.7,1788.27,0.985,475.31,1804.13,0.993,frontal,517.0263254450738,816.240391946885,False,547.740386917018,1088.9980941834083,625.5624065915242
95,3166,491.03,724.32,1.0,676.52,766.74,1.0,343.84,797.58,1.0,780.92,1013.13,0.998,277.45,1042.21,0.996,590.73,1066.39,0.975,404.11,1114.49,0.956,645.29,1110.58,1.0,458.81,1128.82,1.0,727.29,1335.18,0.994,434.3,1355.56,0.994,743.28,1643.88,0.993,496.27,1660.21,0.994,718.93,1671.54,0.885,521.89,1684.34,0.919,785.31,1790.03,0.982,474.83,1804.9,0.987,frontal,510.18306199682985,782.1590944153272,False,544.9912877580492,1067.0027289886152,625.2391494216337
96,3200,492.25,674.93,1.0,670.86,731.57,1.0,336.96,766.51,1.0,777.47,969.89,0.999,279.23,1005.36,0.996,602.32,1064.49,0.985,398.05,1111.39,0.956,640.86,1087.47,1.0,458.13,1105.31,1.0,723.49,1333.13,0.994,434.89,1353.87,0.994,742.8,1644.85,0.993,496.05,1661.12,0.994,718.11,1672.92,0.886,522.04,1685.93,0.916,784.97,1791.2,0.985,474.17,1805.53,0.989,frontal,503.9070268026733,749.0366685025617,False,541.5681011234948,1044.1532699309935,624.8228487987524
97,3233,492.19,621.56,1.0,665.34,689.29,1.0,331.0,728.65,1.0,774.92,922.27,0.999,286.04,969.66,0.997,617.73,1054.75,0.997,389.07,1104.76,0.975,632.11,1061.43,1.0,453.43,1074.32,1.0,721.86,1332.63,0.996,433.46,1358.46,0.996,742.43,1645.51,0.996,495.83,1661.99,0.996,717.39,1674.39,0.939,522.07,1687.45,0.932,784.79,1791.51,0.992,473.77,1806.25,0.992,frontal,498.17299557604713,708.9713357310918,False,536.9726336688693,1017.502649875893,624.5065324742172
98,3266,491.03,571.35,1.0,662.73,647.85,1.0,329.71,696.22,1.0,773.37,876.97,1.0,292.28,930.91,0.998,641.4,1050.65,0.998,375.38,1100.38,0.981,629.06,1039.32,1.0,453.29,1050.76,1.0,721.62,1334.55,0.997,437.42,1359.75,0.997,742.04,1646.05,0.997,495.69,1663.13,0.996,716.91,1675.7,0.945,522.09,1689.08,0.92,784.71,1791.76,0.994,473.15,1807.18,0.992,frontal,496.2208986544794,672.0371030582712,False,536.144384165302,993.9575999098322,624.2144284675336
99,3300,486.65,529.2,1.0,661.88,613.45,1.0,329.64,654.17,1.0,769.9,846.13,0.999,302.45,900.35,0.998,660.53,1032.66,0.995,359.17,1096.31,0.988,628.38,1037.75,1.0,454.52,1046.86,1.0,714.66,1342.84,0.997,445.82,1360.06,0.997,741.83,1646.75,0.998,495.45,1663.99,0.996,716.45,1677.4,0.95,522.09,1690.04,0.932,784.89,1792.5,0.996,472.18,1807.92,0.994,frontal,495.75832599312344,633.8116195731179,False,536.4110210005839,978.6755671801836,623.9044089708823
100,3333,482.47,488.34,1.0,661.44,569.05,1.0,332.89,596.98,1.0,759.55,811.61,0.999,324.91,854.0,0.997,678.57,1014.74,0.998,352.82,1069.25,0.992,627.99,1029.85,1.0,454.26,1037.2,1.0,712.22,1354.72,0.999,443.56,1366.27,0.998,741.63,1647.85,0.999,495.27,1664.3,0.997,715.84,1679.35,0.961,522.1,1690.43,0.945,785.08,1793.71,0.997,471.35,1808.43,0.995,frontal,497.16442717057316,583.0145875077619,False,536.7721447642978,956.9726909886891,623.5930755270234
101,3366,478.52,455.61,1.0,661.53,538.14,1.0,328.38,574.07,1.0,753.4,793.14,0.999,323.47,829.99,0.996,701.29,999.78,0.997,345.36,1055.53,0.991,630.51,1020.25,1.0,454.05,1029.11,1.0,703.7,1355.59,0.998,445.65,1365.34,0.998,741.33,1648.68,0.998,495.07,1665.29,0.996,715.38,1680.62,0.956,522.1,1691.65,0.933,785.14,1794.84,0.997,470.56,1809.28,0.994,frontal,494.9571412168027,556.1062611900933,False,535.6774216671323,943.1775355788902,623.2947963188941
102,3400,475.84,447.14,1.0,662.09,538.94,1.0,325.92,573.78,1.0,751.95,790.64,0.999,321.74,828.42,0.996,701.25,998.13,0.997,342.24,1054.81,0.991,631.34,1019.56,1.0,453.28,1028.44,1.0,701.13,1356.06,0.998,446.96,1365.17,0.998,741.09,1649.56,0.998,494.94,1666.35,0.996,715.01,1681.98,0.957,522.1,1692.85,0.935,785.2,1796.14,0.997,469.72,1810.37,0.994,frontal,494.0057759871554,556.3636829000278,False,535.1518860650716,942.958224425267,623.007556485929
103,3433,477.63,403.35,1.0,656.73,482.65,1.0,320.03,532.86,1.0,741.97,737.28,0.998,314.7,782.86,0.992,731.74,948.09,0.995,332.87,1007.36,0.981,633.32,993.21,1.0,452.71,1000.48,1.0,697.99,1358.47,0.997,457.61,1358.61,0.995,740.82,1650.47,0.997,494.79,1667.15,0.994,714.46,1683.57,0.91,522.12,1693.67,0.895,785.35,1796.86,0.995,469.12,1811.04,0.992,frontal,488.3767326595074,507.75382850461745,False,533.5370171757191,912.7529676742406,622.7625560090079
104,3466,479.64,384.76,1.0,657.35,467.07,1.0,317.46,513.68,1.0,739.85,714.89,0.997,311.68,763.05,0.988,746.45,915.4,0.994,334.06,980.01,0.978,633.26,980.74,1.0,451.02,990.22,1.0,687.5,1354.07,0.997,458.87,1355.68,0.994,740.64,1650.35,0.996,494.63,1667.15,0.993,714.16,1683.57,0.895,522.12,1693.52,0.898,785.54,1797.44,0.993,468.67,1811.04,0.991,frontal,487.40659688660037,490.3753526903629,False,531.9645756786151,900.6200082119944,622.6224214732125
105,3500,479.34,362.29,1.0,654.6,448.68,1.0,315.1,494.7,1.0,739.84,695.67,0.996,315.0,739.96,0.979,754.33,899.57,0.994,329.71,951.14,0.967,633.03,968.03,1.0,450.21,976.93,1.0,678.58,1345.43,0.996,462.19,1346.3,0.992,740.51,1650.63,0.995,494.52,1666.96,0.991,714.01,1684.14,0.853,522.15,1693.36,0.866,785.67,1798.2,0.991,468.29,1811.14,0.989,frontal,484.8452691506488,471.69084696463773,False,530.5514837147014,886.5797211429574,622.5289174806641
106,3533,479.48,359.31,1.0,655.14,440.11,1.0,319.3,480.08,1.0,742.14,670.29,0.981,318.76,717.08,0.939,757.12,870.24,0.961,328.55,931.38,0.898,633.53,976.08,1.0,450.75,977.84,1.0,680.05,1346.72,0.993,464.21,1350.75,0.988,740.51,1650.8,0.99,494.4,1666.96,0.987,713.9,1684.59,0.774,522.2,1693.5,0.85,786.07,1798.61,0.981,467.75,1811.33,0.982,frontal,487.22077578034146,460.0969333297644,False,532.0241159712673,883.2130923775596,622.480511731014
107,3566,477.99,349.54,1.0,651.61,432.36,1.0,317.94,470.85,1.0,740.57,656.51,0.988,317.36,704.77,0.919,765.16,859.95,0.98,321.85,905.24,0.911,633.7,972.39,1.0,450.52,973.03,1.0,676.89,1346.5,0.995,459.09,1352.59,0.99,740.41,1650.64,0.992,494.3,1666.8,0.991,713.9,1684.51,0.753,522.24,1693.35,0.876,786.33,1798.95,0.984,467.29,1811.52,0.988,frontal,484.7760259721163,451.6049396905154,False,530.4179899396173,878.0040952845657,622.438247574917
108,3600,479.05,339.23,1.0,645.56,422.96,1.0,316.11,466.01,1.0,739.4,635.25,0.99,315.67,696.44,0.941,770.83,839.61,0.987,322.9,897.09,0.929,631.46,959.22,1.0,448.5,962.57,1.0,672.01,1342.12,0.994,459.25,1352.31,0.989,740.32,1650.52,0.992,494.12,1666.69,0.99,713.9,1684.6,0.757,522.24,1693.3,0.851,786.59,1799.07,0.985,466.93,1811.62,0.987,frontal,480.8362913770728,444.4847849645977,False,527.801987816094,869.8110201052652,622.4144912837887
109,3633,478.3,335.44,1.0,641.94,420.38,1.0,316.39,463.62,1.0,740.2,631.79,0.988,313.23,691.86,0.941,771.48,835.8,0.985,315.53,891.01,0.939,629.63,952.19,1.0,448.2,956.35,1.0,670.8,1337.58,0.993,460.91,1351.16,0.987,740.22,1650.47,0.99,494.01,1666.67,0.988,713.86,1684.76,0.721,522.26,1693.36,0.835,786.87,1799.07,0.982,466.69,1811.85,0.984,frontal,479.1662954833993,441.9968718030176,False,526.8098544044706,865.7619960390524,622.4183556898329
110,3666,476.39,337.94,1.0,639.74,421.88,1.0,315.09,464.25,1.0,736.33,639.93,0.99,311.8,692.67,0.938,773.89,841.91,0.986,308.81,890.13,0.947,627.87,954.19,1.0,446.43,960.37,1.0,670.47,1336.09,0.993,461.57,1350.82,0.989,740.15,1650.42,0.991,493.79,1666.6,0.989,713.8,1684.63,0.743,522.26,1693.31,0.849,787.39,1799.07,0.984,466.23,1812.01,0.986,frontal,477.41442093950735,443.06160675143997,False,525.3986377545796,867.3950205389183,622.4195361432376
111,3699,476.56,339.67,1.0,641.18,426.1,1.0,315.13,470.31,1.0,737.0,647.46,0.985,311.07,696.58,0.934,778.2,850.57,0.98,304.97,894.8,0.937,628.44,963.47,1.0,446.79,967.81,1.0,672.62,1339.29,0.993,462.72,1356.58,0.989,740.09,1650.41,0.99,493.59,1666.52,0.988,713.8,1684.57,0.741,522.24,1693.27,0.841,787.94,1799.12,0.982,465.96,1812.01,0.985,frontal,478.15936535920855,448.20231128566616,False,526.0802635984411,873.3617277632967,622.4875782829172
112,3733,475.53,340.94,1.0,642.43,435.16,1.0,315.72,476.73,1.0,738.06,658.6,0.991,312.16,698.48,0.935,784.94,861.23,0.988,296.15,892.61,0.936,627.57,965.61,1.0,446.56,971.49,1.0,674.18,1338.55,0.994,464.88,1351.1,0.992,740.09,1650.4,0.994,493.43,1666.52,0.991,713.77,1684.57,0.821,522.32,1693.33,0.86,788.53,1799.12,0.989,465.67,1812.27,0.988,frontal,479.0763706925728,455.9417195439455,False,526.5472147408165,877.0104826159989,622.5702439245018
113,3766,474.42,346.01,1.0,641.03,444.05,1.0,315.51,484.65,1.0,738.37,666.36,0.992,308.95,700.19,0.907,785.6,863.21,0.99,294.43,897.46,0.9,624.68,968.41,1.0,445.81,974.45,1.0,676.35,1340.16,0.994,465.35,1351.98,0.99,740.09,1650.42,0.993,493.22,1666.44,0.989,713.74,1684.66,0.792,522.31,1693.3,0.831,789.13,1799.3,0.987,465.58,1812.27,0.986,frontal,478.27085954172776,464.3506988522407,False,525.7021802843685,881.4564488278919,622.6901614465003
114,3800,471.74,350.43,1.0,641.85,450.1,1.0,316.27,492.4,1.0,738.36,671.73,0.995,306.81,716.78,0.944,787.97,865.1,0.994,287.62,907.58,0.939,624.75,978.25,1.0,446.4,987.43,1.0,683.55,1347.08,0.995,463.61,1359.35,0.991,740.05,1650.46,0.993,493.09,1666.44,0.99,713.68,1684.71,0.815,522.35,1693.3,0.848,789.39,1799.41,0.987,465.51,1812.31,0.987,frontal,479.0611657546085,471.252145812251,False,526.4570596836672,889.9386177806854,622.7299833338715
115,3833,464.85,364.94,1.0,643.25,472.82,1.0,318.26,516.13,1.0,737.73,690.61,0.993,298.85,734.72,0.939,783.49,879.77,0.989,273.79,940.72,0.945,626.24,997.66,1.0,450.67,1007.05,1.0,692.79,1351.03,0.995,458.63,1361.53,0.994,740.05,1650.45,0.995,492.9,1666.46,0.993,713.68,1684.66,0.845,522.47,1693.32,0.901,789.56,1799.37,0.99,465.13,1812.48,0.99,frontal,480.75234124402357,494.47754617692306,False,528.1672135805945,906.8394812937981,622.7083895671647
116,3866,461.76,387.68,1.0,644.04,503.38,1.0,319.94,542.89,1.0,738.66,724.22,0.995,293.31,757.35,0.974,777.94,900.84,0.993,265.27,960.12,0.966,633.53,1010.25,1.0,457.56,1021.53,1.0,699.71,1353.85,0.995,455.13,1363.95,0.995,739.95,1650.52,0.995,492.68,1666.49,0.994,713.56,1684.85,0.885,522.49,1693.45,0.904,789.7,1799.41,0.991,464.73,1812.83,0.991,frontal,481.98856801056536,523.1361784897603,False,531.3606105798975,923.9094549302243,622.6207965627415
117,3900,461.75,417.06,1.0,647.09,533.03,1.0,321.88,569.73,1.0,747.21,752.99,0.998,289.12,783.76,0.991,783.93,954.92,0.997,259.81,970.73,0.985,638.52,1026.18,1.0,457.69,1037.28,1.0,703.42,1360.79,0.997,446.66,1368.17,0.997,739.85,1650.67,0.996,492.47,1666.78,0.995,713.41,1685.17,0.934,522.53,1693.78,0.925,789.86,1799.47,0.993,464.46,1813.26,0.992,frontal,484.48080175277846,551.3795082251154,False,532.9194579134878,942.1525423354134,622.5654511838544
118,3933,460.14,449.23,1.0,649.23,567.75,1.0,326.17,607.24,1.0,759.43,780.59,0.999,285.27,812.96,0.995,781.25,985.41,0.996,262.26,986.02,0.99,643.5,1035.36,1.0,461.46,1050.84,1.0,710.28,1362.15,0.997,439.66,1368.7,0.998,739.82,1651.03,0.997,492.36,1667.11,0.997,713.43,1685.77,0.946,522.56,1694.14,0.941,789.86,1799.64,0.995,464.53,1813.74,0.994,frontal,487.7010404084343,587.4977237693581,False,535.9132012699815,960.7143846790649,622.595830748543
119,3966,461.69,481.9,1.0,652.16,602.48,1.0,327.2,642.45,1.0,776.29,809.19,0.999,277.38,846.22,0.995,771.0,990.84,0.997,263.54,1004.95,0.992,643.77,1050.35,1.0,462.82,1063.84,1.0,714.19,1369.33,0.998,432.52,1374.51,0.997,739.6,1651.49,0.998,492.4,1667.48,0.997,713.36,1686.02,0.929,522.67,1694.69,0.947,789.86,1799.87,0.995,464.07,1814.28,0.995,frontal,489.68066137809785,622.4662069554922,False,536.9185354810469,980.9275383691382,622.4890402842022
120,4000,463.84,525.42,1.0,658.73,645.94,1.0,335.35,677.53,1.0,795.44,849.86,0.999,278.49,869.6,0.995,766.61,1001.39,0.997,265.88,1009.08,0.994,640.86,1064.0,1.0,461.65,1075.99,1.0,721.69,1366.09,0.997,424.17,1381.9,0.997,739.32,1652.09,0.997,492.44,1667.65,0.996,713.25,1686.45,0.925,522.71,1694.79,0.94,789.86,1800.34,0.994,463.81,1814.63,0.994,frontal,497.0381314387927,661.733615004317,False,539.2391828783425,1001.5510617716361,622.4090163093817
121,4033,464.92,569.28,1.0,660.66,678.12,1.0,338.31,724.03,1.0,802.75,873.77,1.0,272.79,925.69,0.998,753.42,1009.49,0.998,266.42,1004.42,0.997,640.17,1064.12,1.0,462.99,1082.61,1.0,723.6,1352.34,0.997,429.18,1374.97,0.997,739.39,1652.46,0.996,492.33,1667.8,0.996,713.28,1686.83,0.922,522.69,1694.91,0.933,789.98,1800.48,0.991,463.89,1815.01,0.993,frontal,499.48442395660516,701.0751446205406,False,540.7980513198729,1017.1513152950552,622.4619032180062
122,4066,466.31,614.67,1.0,667.47,721.01,1.0,346.73,759.87,1.0,818.64,919.14,0.999,273.49,986.49,0.996,730.8,1013.48,0.989,276.26,1017.72,0.993,641.84,1082.05,1.0,466.82,1103.81,1.0,725.18,1328.79,0.995,432.55,1355.91,0.995,739.39,1652.66,0.994,492.33,1667.93,0.996,713.28,1687.14,0.888,522.69,1695.17,0.93,790.06,1800.76,0.987,463.93,1815.46,0.992,frontal,507.0957081255724,740.4377696919382,False,545.349113287145,1037.9226887486202,622.4919289342539
123,4100,466.4,657.15,1.0,684.09,763.72,1.0,363.27,789.2,1.0,825.58,986.72,0.999,278.07,1027.84,0.995,702.09,1020.85,0.991,290.97,1041.71,0.993,648.32,1103.48,1.0,472.82,1121.18,1.0,726.57,1330.22,0.996,432.56,1354.57,0.996,739.42,1652.83,0.995,492.3,1668.06,0.997,713.31,1687.27,0.912,522.68,1695.4,0.947,789.97,1800.76,0.988,463.93,1816.04,0.993,frontal,523.6780492077793,776.4617734585734,False,553.8141884652014,1061.003142046512,622.4732051030102
124,4133,468.41,721.32,1.0,691.43,802.47,1.0,366.91,832.37,1.0,821.56,1040.46,0.997,275.7,1084.04,0.996,685.87,1028.31,0.982,308.99,1060.52,0.991,652.6,1109.66,1.0,476.84,1125.3,1.0,731.92,1336.82,0.994,431.18,1358.69,0.995,739.42,1653.18,0.994,492.3,1668.29,0.997,713.31,1687.37,0.895,522.68,1695.67,0.956,789.94,1800.84,0.987,463.9,1816.35,0.995,frontal,529.174223800481,817.4244168825428,False,557.3492219716919,1081.3116842021918,622.4574471457315
125,4166,472.89,765.16,1.0,688.14,840.28,1.0,366.12,869.68,1.0,815.31,1080.72,0.996,271.66,1131.83,0.997,669.9,1039.33,0.985,344.04,1073.01,0.993,651.0,1129.89,1.0,472.58,1141.81,1.0,734.28,1348.41,0.994,426.82,1380.13,0.996,739.42,1653.5,0.994,492.3,1668.59,0.998,713.32,1687.54,0.924,522.67,1695.96,0.96,789.93,1800.78,0.988,463.86,1816.63,0.995,frontal,527.1301824024878,854.9795114656147,False,555.0630836307507,1106.490588747213,622.4444570392102
126,4200,476.44,811.9,1.0,683.83,871.96,1.0,360.53,911.0,1.0,808.49,1106.01,0.997,269.72,1177.37,0.998,655.65,1050.93,0.989,358.64,1093.67,0.995,650.89,1136.69,1.0,470.97,1153.39,1.0,733.04,1345.52,0.991,428.58,1374.6,0.992,739.43,1653.86,0.992,492.32,1668.86,0.997,713.32,1687.81,0.898,522.74,1696.51,0.963,789.91,1800.72,0.984,463.86,1816.54,0.994,frontal,522.1783887393965,891.4784531544035,False,552.8136587888238,1123.9944302930944,622.4574132656101
127,4233,484.28,865.06,1.0,692.63,900.69,1.0,361.08,942.67,1.0,807.49,1154.56,0.996,266.18,1211.38,0.999,648.98,1060.94,0.986,379.45,1103.41,0.995,652.24,1156.04,1.0,469.61,1175.79,1.0,732.7,1344.63,0.991,430.28,1373.91,0.991,739.44,1654.48,0.991,492.32,1669.03,0.997,713.43,1688.04,0.893,522.73,1696.71,0.969,789.83,1800.86,0.981,463.89,1816.47,0.994,frontal,526.859031297586,921.6805182715409,False,554.3642645243166,1144.6712852626756,622.4724633393442
128,4266,498.88,899.36,1.0,705.37,936.12,1.0,367.32,960.23,1.0,805.43,1193.1,0.998,270.01,1231.95,0.999,647.11,1078.64,0.996,398.9,1105.68,0.998,656.29,1194.23,1.0,470.21,1214.79,1.0,732.73,1338.23,0.996,432.32,1363.73,0.993,739.45,1654.62,0.993,492.3,1669.03,0.998,713.43,1688.04,0.967,522.7,1696.61,0.987,789.54,1800.86,0.984,463.92,1816.37,0.994,frontal,536.3433849029868,948.1752974996332,False,558.6849744728203,1168.7507402450597,622.4002496830393
129,4300,510.36,928.51,1.0,708.02,956.83,1.0,374.63,987.08,1.0,799.06,1213.83,0.998,276.24,1262.55,1.0,627.95,1088.29,0.996,406.87,1122.95,0.999,662.03,1228.79,1.0,476.12,1247.43,1.0,738.39,1333.31,0.999,431.76,1366.28,0.998,739.45,1654.79,0.995,492.3,1669.13,0.999,713.42,1688.04,0.985,522.64,1696.67,0.995,789.26,1800.91,0.984,463.92,1816.4,0.995,frontal,541.3260508388516,971.9560689833706,False,562.9642562387197,1190.922939484931,622.3099323669626
130,4333,524.73,948.01,1.0,711.0,986.36,1.0,386.15,1008.6,1.0,795.75,1238.0,0.998,287.78,1283.75,1.0,625.99,1110.53,0.997,417.65,1138.94,0.999,663.54,1252.55,1.0,483.5,1268.38,1.0,743.17,1324.36,0.999,428.29,1365.74,0.999,739.45,1654.79,0.995,492.31,1669.13,0.999,713.53,1688.0,0.988,522.58,1696.67,0.996,789.26,1800.96,0.985,463.97,1816.37,0.996,frontal,548.5784374845608,997.4796321549652,False,567.4726215243481,1208.701328433772,622.331861908084
131,4366,535.36,972.96,1.0,713.31,1017.7,1.0,384.53,1037.04,1.0,798.7,1268.0,0.998,292.35,1306.08,1.0,629.68,1128.91,0.998,425.25,1165.17,0.999,662.21,1268.36,1.0,485.63,1287.59,1.0,748.93,1330.26,0.996,426.96,1374.28,0.996,739.42,1654.7,0.99,492.31,1669.09,0.999,713.51,1687.94,0.98,522.47,1696.6,0.993,788.86,1800.67,0.981,464.05,1816.07,0.995,frontal,548.9220113005686,1027.3712139593604,False,568.3344974226272,1228.2797052490957,622.220099571997
132,4400,540.37,999.6,1.0,714.64,1031.77,1.0,386.06,1056.46,1.0,798.01,1282.86,0.996,299.29,1318.16,1.0,629.39,1143.81,0.994,442.82,1178.55,0.998,659.92,1284.81,1.0,484.75,1299.95,1.0,748.21,1331.58,0.991,428.15,1372.42,0.994,739.4,1654.67,0.981,492.31,1669.09,0.998,713.49,1687.92,0.964,522.27,1696.6,0.989,788.64,1799.71,0.966,464.2,1815.79,0.991,frontal,550.3520166881635,1044.116819241764,False,568.468295922375,1240.2077045313233,622.1514712682552
133,4433,545.01,1011.32,1.0,717.1,1041.77,1.0,386.09,1062.39,1.0,801.12,1288.71,0.999,300.77,1330.98,1.0,635.64,1158.66,0.998,436.66,1195.95,0.999,659.51,1295.6,1.0,484.91,1310.35,1.0,751.61,1332.87,0.995,427.32,1370.29,0.996,739.4,1654.61,0.989,492.31,1669.05,0.999,713.49,1687.82,0.976,522.09,1696.59,0.994,788.35,1798.56,0.977,464.4,1815.55,0.994,frontal,551.5940381284206,1052.078329426196,False,569.1964820655322,1247.4247777563114,622.0832473802521
134,4466,551.15,1019.07,1.0,716.83,1046.22,1.0,385.09,1071.75,1.0,814.11,1304.1,0.999,296.55,1337.79,1.0,638.94,1169.35,0.999,439.93,1207.46,1.0,659.81,1304.6,1.0,486.22,1323.79,1.0,755.34,1331.75,0.999,427.33,1369.15,0.999,739.38,1654.56,0.996,492.31,1669.04,1.0,713.46,1687.57,0.994,521.99,1696.55,0.998,788.05,1797.55,0.988,464.66,1815.44,0.997,frontal,550.9621062749952,1058.9838703757603,False,569.8684324326606,1254.5193226390672,622.0418598305733
135,4500,552.85,1028.24,1.0,715.62,1045.32,1.0,388.95,1066.16,1.0,817.13,1298.11,0.999,298.24,1334.04,1.0,653.23,1176.65,0.998,439.71,1211.87,1.0,659.24,1305.47,1.0,488.79,1322.67,1.0,757.75,1332.05,0.999,427.17,1369.1,0.999,739.38,1654.55,0.996,492.3,1669.04,1.0,713.51,1687.44,0.993,521.78,1696.55,0.999,788.2,1797.4,0.988,464.84,1815.25,0.998,frontal,552.2830038660762,1055.7399566140004,False,571.0261018404686,1253.07260846097,622.0815353420941
136,4533,555.19,1025.0,1.0,718.29,1043.21,1.0,389.97,1069.36,1.0,830.14,1301.41,0.999,293.97,1332.45,1.0,662.73,1178.62,0.997,439.25,1215.01,1.0,659.37,1304.72,1.0,490.04,1327.0,1.0,759.47,1333.52,0.999,422.93,1369.38,0.999,739.38,1654.48,0.996,492.3,1669.03,1.0,713.64,1687.19,0.992,521.55,1696.51,0.998,787.89,1797.06,0.988,465.03,1815.31,0.997,frontal,554.1321072102402,1056.2851299604017,False,571.9936778992233,1254.1209753559433,622.0278142355497
137,4566,558.45,1018.12,1.0,716.63,1027.2,1.0,392.75,1056.14,1.0,828.61,1274.73,0.998,290.79,1314.66,1.0,665.54,1166.17,0.997,437.48,1203.73,1.0,658.77,1290.71,1.0,487.56,1310.66,1.0,758.7,1335.24,0.999,397.91,1381.32,0.998,739.38,1654.51,0.992,492.3,1669.05,0.999,713.69,1687.25,0.981,521.44,1696.52,0.996,787.94,1797.22,0.976,464.92,1815.07,0.994,frontal,554.6923480294839,1041.6664525268934,False,569.3917794575392,1243.1119402190607,621.9939378528879
138,4600,557.1,1007.77,1.0,719.36,1013.49,1.0,395.43,1041.76,1.0,821.42,1257.74,0.999,283.17,1300.08,1.0,666.68,1162.56,0.997,432.03,1189.46,1.0,660.81,1284.13,1.0,490.36,1301.59,1.0,755.39,1334.09,0.999,409.39,1377.95,0.999,739.39,1654.51,0.996,492.3,1669.08,1.0,713.85,1687.17,0.99,521.37,1696.54,0.998,787.9,1797.3,0.984,464.98,1815.02,0.996,frontal,557.3952227859379,1027.6250609546032,False,571.3909399985819,1234.015308219621,622.0254754006467
139,4633,559.44,1000.25,1.0,718.24,1003.55,1.0,395.28,1022.26,1.0,824.79,1238.55,0.999,274.51,1283.0,1.0,667.24,1157.22,0.997,433.12,1179.39,0.999,660.69,1277.69,1.0,489.22,1292.32,1.0,751.37,1332.52,0.999,419.87,1367.91,0.999,739.39,1654.52,0.996,492.32,1669.15,1.0,713.97,1687.17,0.992,521.17,1696.56,0.998,787.9,1797.3,0.986,465.23,1815.02,0.997,frontal,556.7588200687767,1012.9053903027373,False,571.2842988636731,1223.9586773878593,622.0669121515187
140,4666,558.61,974.44,1.0,720.8,975.24,1.0,392.11,994.52,1.0,832.08,1221.36,0.999,261.97,1239.07,1.0,668.18,1152.92,0.998,431.14,1172.41,0.999,660.74,1256.18,1.0,488.22,1271.1,1.0,744.84,1327.32,0.999,425.78,1361.63,0.999,739.39,1654.52,0.997,492.34,1669.17,1.0,714.01,1686.98,0.994,520.9,1696.56,0.999,787.66,1797.3,0.989,465.37,1815.02,0.998,frontal,556.457942972714,984.878606371416,False,570.7818578605632,1203.5147025313954,621.9851761713613
141,4700,554.26,935.72,1.0,722.46,941.67,1.0,386.53,966.81,1.0,838.31,1189.83,0.998,253.56,1213.82,0.999,665.19,1150.86,0.992,427.54,1176.21,0.996,664.93,1227.17,1.0,482.83,1244.08,1.0,740.86,1329.1,0.995,438.75,1366.11,0.995,739.39,1654.56,0.991,492.34,1669.21,0.998,713.96,1686.98,0.962,520.74,1696.56,0.988,787.42,1797.33,0.976,465.65,1815.06,0.994,frontal,554.4931003508465,954.238809259633,False,570.5382419428724,1181.2493076858527,621.9443170903925
142,4733,545.41,889.63,1.0,719.72,895.7,1.0,386.82,924.16,1.0,836.98,1138.65,0.999,260.01,1153.61,1.0,663.9,1154.44,0.996,416.84,1186.01,0.996,667.25,1203.87,1.0,480.16,1217.12,1.0,738.82,1330.73,0.998,445.44,1355.64,0.999,739.39,1654.62,0.997,492.36,1669.34,0.999,714.12,1687.01,0.982,520.69,1696.59,0.995,787.18,1797.33,0.99,465.75,1815.08,0.997,frontal,553.2716193957051,909.9264694762708,False,570.5975749976702,1152.4374648563755,621.9323748464537
143,4766,531.2,833.56,1.0,719.49,857.46,1.0,387.19,890.83,1.0,831.94,1100.05,0.999,266.21,1099.45,0.998,667.2,1160.85,0.986,400.35,1205.8,0.974,668.35,1176.2,1.0,482.51,1185.84,1.0,739.35,1339.21,0.995,454.82,1362.67,0.996,739.38,1654.86,0.995,492.36,1669.49,0.996,714.18,1687.04,0.922,520.61,1696.61,0.938,786.82,1797.35,0.989,465.97,1815.11,0.993,frontal,553.3392779900739,874.1428080529702,False,572.0969074233069,1127.4547680676926,621.8965580307001
144,4800,524.05,779.79,1.0,719.93,821.7,1.0,383.62,848.56,1.0,814.46,1050.27,0.998,290.74,1065.07,0.998,697.48,1168.14,0.979,384.98,1212.56,0.985,669.21,1140.3,1.0,485.35,1149.26,1.0,735.62,1351.0,0.993,455.19,1368.95,0.994,739.38,1655.06,0.995,492.37,1669.91,0.995,714.18,1687.07,0.919,520.61,1696.74,0.934,786.43,1797.42,0.988,466.2,1815.29,0.991,frontal,551.775543471228,835.1295158123665,False,572.2201244966514,1099.330902950916,621.8558741800581
145,4833,515.78,721.73,1.0,717.17,787.71,1.0,376.7,810.21,1.0,797.06,996.79,0.999,315.13,1034.19,0.998,723.12,1170.21,0.988,378.11,1213.98,0.987,667.87,1126.74,1.0,486.51,1132.62,1.0,735.57,1354.48,0.993,453.85,1366.73,0.994,739.38,1655.15,0.994,492.46,1670.24,0.994,714.18,1687.09,0.889,520.7,1696.92,0.917,786.27,1798.05,0.988,466.36,1815.5,0.991,frontal,546.937524781487,798.9601443499604,False,570.6584791485323,1078.7419025453203,621.876528476983
146,4866,510.24,676.48,1.0,711.42,737.58,1.0,371.44,766.35,1.0,789.72,950.21,0.999,328.49,1008.71,0.997,740.96,1164.86,0.988,372.53,1211.12,0.981,666.91,1111.51,1.0,487.24,1118.09,1.0,737.0,1357.65,0.993,457.73,1362.19,0.994,739.39,1655.44,0.991,492.5,1670.62,0.994,714.18,1687.15,0.858,520.7,1697.14,0.912,786.27,1798.68,0.985,466.54,1816.01,0.991,frontal,541.4340665400598,751.9655391228134,False,569.3689508344343,1054.7534050227512,621.9213949091658
147,4900,508.35,626.32,1.0,705.15,692.48,1.0,368.89,724.82,1.0,787.43,911.59,0.999,340.92,964.88,0.996,762.92,1132.25,0.994,361.06,1182.25,0.983,666.67,1089.2,1.0,489.43,1093.51,1.0,734.41,1350.9,0.991,458.68,1345.96,0.992,739.39,1655.71,0.991,492.53,1671.19,0.993,714.16,1687.32,0.846,520.7,1697.75,0.903,786.2,1799.19,0.985,466.69,1816.63,0.991,frontal,537.0206523131392,708.6495754938503,False,568.4319459732798,1026.7396581599394,621.9375173647728
148,4933,510.36,565.09,1.0,699.59,639.39,1.0,371.36,675.06,1.0,777.22,876.87,0.999,353.25,918.26,0.996,776.45,1100.78,0.997,357.48,1141.08,0.988,662.31,1061.84,1.0,489.67,1065.85,1.0,730.87,1348.61,0.995,459.02,1350.74,0.994,739.4,1656.3,0.995,492.58,1671.8,0.994,714.16,1687.98,0.9,520.72,1698.44,0.9,786.3,1800.14,0.991,466.69,1817.06,0.991,frontal,535.4751104957811,657.2211560495302,False,566.947359853166,996.5291465616892,621.967369347816
149,4966,508.95,526.13,1.0,697.45,594.36,1.0,367.73,633.82,1.0,775.0,836.31,0.999,357.45,879.73,0.996,789.99,1060.69,0.998,356.91,1105.24,0.988,660.8,1035.31,1.0,489.38,1042.12,1.0,724.07,1352.18,0.997,463.88,1361.41,0.996,739.41,1656.65,0.996,492.66,1672.58,0.994,714.15,1688.5,0.932,520.8,1699.3,0.914,786.35,1800.75,0.994,466.62,1817.76,0.992,frontal,532.5885064541651,614.0914147488625,False,565.5419617472545,971.0435541070642,621.9793841628265
150,5000,507.57,474.37,1.0,698.34,555.17,1.0,367.89,587.54,1.0,772.98,806.09,0.999,368.3,837.59,0.994,797.76,1026.96,0.996,356.58,1059.31,0.986,661.77,1015.58,1.0,488.36,1020.48,1.0,713.67,1356.06,0.997,466.6,1361.43,0.997,739.4,1657.37,0.998,492.7,1673.46,0.996,714.14,1689.44,0.948,520.87,1700.28,0.926,786.37,1801.63,0.996,466.59,1818.44,0.994,frontal,533.1163654313679,571.3584052960059,False,565.3856125360757,946.767400717989,621.9921034459255
151,5033,508.78,435.95,1.0,696.15,519.4,1.0,367.48,555.83,1.0,774.1,767.65,0.998,367.83,804.84,0.991,794.81,986.22,0.995,359.63,1024.83,0.971,661.94,987.65,1.0,486.9,994.18,1.0,705.68,1353.88,0.996,471.14,1359.86,0.996,739.4,1658.35,0.997,492.72,1674.04,0.995,714.15,1690.79,0.925,521.0,1701.27,0.896,786.44,1802.37,0.995,466.56,1818.91,0.993,frontal,531.8132608712708,537.6147620162302,False,564.4464374655361,922.5583215542729,622.0365753835096
152,5066,510.13,397.94,1.0,692.51,495.66,1.0,361.58,535.81,1.0,778.78,729.39,0.996,356.3,777.95,0.985,796.12,958.42,0.986,355.1,981.05,0.962,659.18,982.06,1.0,481.49,989.0,1.0,702.61,1350.77,0.997,476.14,1356.65,0.995,739.39,1658.5,0.997,492.72,1673.92,0.995,714.13,1691.34,0.897,521.11,1701.27,0.897,786.58,1802.5,0.995,466.56,1819.08,0.993,frontal,527.0449644931632,515.7356530042126,False,561.2249677642617,910.4790293708995,622.092900120164
153,5100,509.94,375.32,1.0,691.72,471.25,1.0,356.24,515.42,1.0,782.03,702.84,0.995,350.03,750.06,0.975,805.44,916.24,0.988,353.81,945.19,0.956,658.66,974.6,1.0,479.53,983.31,1.0,701.43,1347.07,0.996,479.21,1356.47,0.993,739.39,1658.31,0.996,492.76,1674.0,0.993,714.11,1691.34,0.822,521.39,1701.45,0.869,786.8,1802.5,0.992,466.56,1819.08,0.991,frontal,523.9810271562973,493.33654772392595,False,559.7720194149468,898.3133492643369,622.2139663568983
154,5133,508.85,357.72,1.0,688.21,457.86,1.0,356.67,495.67,1.0,787.05,675.38,0.993,349.74,725.63,0.966,815.72,888.91,0.982,351.65,924.34,0.945,658.08,970.98,1.0,477.76,974.15,1.0,695.56,1346.02,0.997,481.99,1355.21,0.994,739.39,1658.4,0.996,492.76,1673.86,0.992,714.13,1691.34,0.821,521.44,1701.45,0.852,786.76,1802.72,0.992,466.56,1819.08,0.99,frontal,522.4368525122715,476.7647359721217,False,558.7112166320978,888.4121231393675,622.220747395718
155,5166,508.44,348.31,1.0,686.55,442.45,1.0,357.71,486.33,1.0,787.6,662.49,0.99,348.09,710.39,0.963,815.5,884.31,0.979,345.19,901.82,0.947,657.92,970.57,1.0,478.99,971.8,1.0,696.04,1346.53,0.995,480.03,1354.52,0.993,739.44,1658.29,0.994,492.74,1673.82,0.993,714.14,1691.4,0.806,521.85,1701.76,0.872,787.14,1802.88,0.988,466.48,1819.29,0.99,frontal,522.1310242266362,464.38916044971745,False,558.6558501393323,882.7530875542899,622.404127394085
156,5200,508.15,344.81,1.0,685.24,435.64,1.0,358.88,482.15,1.0,789.33,647.75,0.989,347.17,699.46,0.941,816.47,870.24,0.976,346.68,897.41,0.916,659.02,968.23,1.0,480.53,968.52,1.0,692.91,1344.55,0.995,483.77,1354.35,0.992,739.43,1658.58,0.994,492.74,1673.73,0.992,714.16,1691.88,0.796,521.97,1701.67,0.844,787.33,1803.55,0.989,466.46,1819.29,0.989,frontal,522.0591439448311,458.89559454951404,False,559.2020947352183,878.8297142534143,622.4800797525556
157,5233,508.32,343.63,1.0,684.37,431.77,1.0,359.43,476.87,1.0,787.26,647.94,0.986,348.32,692.38,0.929,814.32,853.46,0.973,345.15,885.63,0.91,659.21,961.64,1.0,481.1,962.73,1.0,691.19,1343.07,0.994,488.08,1351.94,0.991,739.43,1659.2,0.994,492.74,1673.72,0.991,714.23,1692.89,0.785,522.21,1701.87,0.834,787.54,1804.43,0.988,466.47,1819.39,0.988,frontal,521.8976167173842,454.3184525808424,False,559.4655878746349,874.4359904469933,622.6130629428093
158,5266,508.73,342.77,1.0,681.79,429.56,1.0,360.32,478.6,1.0,780.55,643.95,0.987,351.55,698.66,0.946,812.99,850.34,0.979,344.91,888.42,0.933,659.37,959.22,1.0,481.7,961.96,1.0,691.02,1342.55,0.994,486.92,1347.7,0.991,739.43,1659.76,0.994,492.74,1673.71,0.992,714.32,1694.07,0.807,522.31,1702.16,0.849,787.78,1804.59,0.989,466.45,1819.39,0.989,frontal,521.0534158406343,454.0812129645939,False,559.1029607389672,873.4682037173393,622.7134608255662
159,5300,508.81,340.83,1.0,679.66,431.42,1.0,360.65,476.84,1.0,773.89,647.46,0.986,354.84,693.31,0.934,811.62,855.6,0.979,345.65,888.71,0.919,658.88,956.27,1.0,481.71,958.59,1.0,690.06,1342.9,0.993,486.65,1349.67,0.989,739.43,1660.24,0.992,492.74,1673.69,0.99,714.41,1694.99,0.786,522.31,1702.41,0.82,788.67,1804.9,0.986,466.46,1819.39,0.986,frontal,520.153276881899,454.12900243723914,False,558.4977098469384,872.4373785185252,622.9620164227072
160,5333,506.92,341.1,1.0,681.0,436.5,1.0,360.96,475.26,1.0,770.59,663.72,0.99,359.21,695.83,0.945,807.43,867.13,0.984,346.43,890.16,0.938,657.84,957.67,1.0,481.22,958.63,1.0,689.18,1342.16,0.993,487.38,1349.67,0.991,739.41,1660.24,0.993,492.76,1673.45,0.991,714.44,1694.99,0.815,522.48,1702.22,0.84,788.94,1804.82,0.987,466.47,1819.33,0.987,frontal,520.9804207471263,455.8810925005545,False,558.5146564638758,873.8482371836,623.0814498631996
161,5366,506.57,339.88,1.0,682.23,444.19,1.0,360.98,480.12,1.0,768.64,678.94,0.984,359.05,701.11,0.937,802.59,885.85,0.969,343.58,899.14,0.914,658.82,962.5,1.0,481.77,962.74,1.0,690.17,1342.61,0.991,488.2,1349.63,0.989,739.38,1660.24,0.991,492.77,1673.09,0.988,714.44,1695.1,0.789,522.74,1702.16,0.828,789.32,1804.73,0.984,466.47,1819.27,0.985,frontal,521.6049608811331,462.1523828563313,False,559.0898602220138,878.3437398533312,623.2411662904144
162,5400,504.82,338.73,1.0,680.97,450.31,1.0,360.24,482.38,1.0,762.91,684.66,0.978,358.48,705.3,0.925,791.73,875.39,0.965,339.74,901.22,0.924,656.54,963.76,1.0,477.37,966.74,1.0,690.94,1344.82,0.994,487.31,1350.57,0.993,739.24,1660.24,0.993,492.83,1672.95,0.992,714.41,1695.31,0.808,523.01,1702.22,0.857,789.74,1804.6,0.987,466.47,1819.16,0.989,frontal,520.6056934024239,466.3446464788983,False,557.2805400742659,881.3256521978151,623.4065843921903
163,5433,499.65,337.51,1.0,677.67,456.41,1.0,359.63,488.38,1.0,757.19,689.12,0.985,356.97,712.33,0.911,786.17,882.87,0.977,334.32,908.9,0.909,655.81,966.7,1.0,478.29,971.6,1.0,692.04,1347.03,0.993,486.2,1350.03,0.993,739.15,1660.29,0.993,492.85,1672.6,0.992,714.41,1695.57,0.818,523.25,1702.18,0.858,790.21,1804.58,0.986,466.47,1818.98,0.988,frontal,518.6528016435905,472.3947560743245,False,556.4154526390305,885.3426262482648,623.5852607176927
164,5466,498.58,340.82,1.0,677.5,466.69,1.0,358.31,495.24,1.0,753.72,719.19,0.984,354.55,717.22,0.921,780.73,899.26,0.973,324.49,920.91,0.912,655.55,979.1,1.0,477.37,986.19,1.0,694.09,1350.39,0.994,482.05,1350.84,0.993,739.01,1660.29,0.994,492.88,1672.65,0.992,714.41,1695.74,0.816,523.36,1702.3,0.858,790.48,1804.58,0.987,466.47,1819.04,0.988,frontal,517.9065479200168,480.96958084349717,False,555.5776890648702,894.7915164587137,623.6808944431978
165,5500,496.95,344.85,1.0,678.35,485.1,1.0,356.81,511.36,1.0,754.71,733.95,0.988,352.55,737.68,0.91,782.19,926.2,0.978,320.4,937.23,0.91,655.81,997.02,1.0,476.59,1004.71,1.0,700.48,1356.04,0.994,474.15,1359.12,0.993,738.9,1660.26,0.993,492.93,1672.73,0.992,714.41,1695.67,0.806,523.66,1702.33,0.874,790.48,1804.6,0.986,466.41,1819.07,0.989,frontal,517.5791594082154,498.22936553684093,False,555.2133110569155,909.7518247505594,623.7403494533794
166,5533,494.42,351.15,1.0,677.71,510.01,1.0,355.1,538.91,1.0,753.24,753.12,0.99,346.09,762.74,0.925,777.46,941.68,0.983,315.49,961.72,0.904,655.15,1013.45,1.0,475.93,1021.12,1.0,710.6,1361.82,0.995,463.47,1371.96,0.995,738.78,1660.26,0.994,492.9,1672.78,0.993,714.41,1695.75,0.859,523.66,1702.33,0.882,790.65,1804.62,0.989,466.41,1819.1,0.99,frontal,516.4048426092612,524.4580701354489,False,554.2601462582508,927.7577411630793,623.7818940614718
167,5566,493.48,374.48,1.0,677.89,533.6,1.0,357.89,558.48,1.0,755.35,768.86,0.997,346.12,775.75,0.974,770.81,969.74,0.996,312.98,964.72,0.968,654.81,1026.71,1.0,476.82,1031.1,1.0,712.99,1367.7,0.997,458.1,1373.56,0.997,738.78,1660.33,0.997,492.9,1672.8,0.996,714.35,1696.02,0.92,523.66,1702.44,0.923,790.56,1804.62,0.993,466.27,1819.22,0.993,frontal,517.8926037754968,546.0389792912724,False,554.6988597828546,940.9877198827309,623.7108670703279
168,5600,491.62,399.44,1.0,678.5,565.7,1.0,360.61,590.25,1.0,758.35,791.56,0.998,339.21,803.27,0.985,765.48,994.67,0.996,307.76,972.87,0.982,655.53,1043.18,1.0,479.15,1050.8,1.0,725.27,1375.58,0.998,447.4,1376.24,0.997,738.83,1660.52,0.997,492.84,1672.9,0.996,714.35,1696.32,0.929,523.62,1702.5,0.929,790.83,1804.81,0.995,466.15,1819.38,0.994,frontal,519.5540085404971,577.9769541980634,False,555.8362275580282,961.1147440759834,623.7381918584557
169,5633,491.97,439.58,1.0,679.03,598.89,1.0,360.17,623.29,1.0,768.38,815.54,0.999,331.08,829.35,0.993,757.35,993.5,0.997,305.94,991.28,0.992,656.92,1050.48,1.0,482.22,1061.16,1.0,730.84,1374.7,0.998,437.34,1375.93,0.998,738.86,1660.68,0.998,492.68,1672.99,0.997,714.34,1696.47,0.939,523.56,1702.47,0.941,790.99,1805.07,0.996,466.03,1819.61,0.995,frontal,519.6026010897838,611.0883330561843,False,556.387246722374,977.2216664352735,623.727912736686
170,5666,493.15,477.3,1.0,680.75,636.99,1.0,359.35,665.35,1.0,785.53,839.95,0.999,319.45,860.27,0.994,749.88,997.16,0.998,304.46,1002.09,0.992,656.06,1066.42,1.0,481.0,1078.42,1.0,729.99,1370.22,0.998,435.97,1390.02,0.998,738.87,1660.89,0.998,492.61,1673.57,0.997,714.33,1696.57,0.921,523.63,1702.95,0.94,790.99,1805.26,0.995,465.77,1820.08,0.994,frontal,520.0520991734159,651.168715863811,False,556.1499143214966,999.6654557449399,623.6783897979319
171,5700,493.63,520.24,1.0,682.18,670.42,1.0,360.58,701.76,1.0,800.45,866.2,1.0,311.42,902.26,0.996,743.17,1002.15,0.999,302.04,1006.21,0.996,652.03,1084.21,1.0,480.15,1097.59,1.0,732.42,1372.24,0.999,429.59,1400.61,0.998,738.87,1661.29,0.998,492.46,1673.98,0.998,714.33,1696.72,0.944,523.6,1702.95,0.956,790.99,1805.64,0.997,465.68,1820.5,0.996,frontal,521.3804737477647,686.0900243392368,False,555.5891008190665,1021.7189460438641,623.6492879871365
172,5733,492.81,567.94,1.0,688.85,710.79,1.0,365.73,745.09,1.0,818.73,900.12,0.999,308.44,948.45,0.993,737.59,1011.34,0.998,303.97,1017.83,0.991,650.42,1100.94,1.0,478.94,1111.91,1.0,731.51,1370.1,0.997,430.65,1389.14,0.997,738.87,1661.85,0.997,492.34,1674.08,0.997,714.33,1696.8,0.911,523.6,1702.9,0.943,790.91,1806.17,0.992,465.61,1820.98,0.995,frontal,527.2893224351194,727.9416406897737,False,557.5753998022453,1043.3057840166261,623.6139134434263
173,5766,490.55,609.38,1.0,693.44,751.94,1.0,373.75,777.05,1.0,812.79,953.51,0.999,306.26,993.2,0.992,720.04,1021.53,0.994,308.06,1039.82,0.989,651.47,1118.49,1.0,479.25,1131.8,1.0,731.1,1366.8,0.997,428.53,1388.56,0.997,738.87,1662.26,0.996,492.28,1674.44,0.997,714.34,1697.02,0.9,523.6,1703.05,0.947,790.89,1806.71,0.992,465.46,1821.65,0.994,frontal,533.5921198472532,764.4916059894531,False,559.5036318111266,1065.6547761790196,623.5735273248014
174,5800,484.46,655.6,1.0,707.52,796.48,1.0,379.56,817.18,1.0,819.11,1015.3,0.998,304.71,1055.52,0.993,707.7,1031.98,0.986,317.79,1058.93,0.991,652.99,1138.22,1.0,480.09,1151.17,1.0,733.73,1366.9,0.997,430.05,1380.95,0.997,738.88,1663.05,0.997,492.23,1675.21,0.998,714.38,1697.56,0.937,523.6,1703.64,0.963,790.85,1807.3,0.992,465.28,1822.62,0.996,frontal,543.5403522542808,806.831446749813,False,563.8170559661564,1090.8605524116492,623.5269665079522
175,5833,487.94,692.81,1.0,717.78,824.13,1.0,382.53,857.27,1.0,828.44,1064.37,0.998,298.08,1105.51,0.998,698.64,1048.94,0.992,330.93,1076.8,0.994,657.84,1144.09,1.0,480.7,1155.44,1.0,733.96,1366.33,0.997,428.61,1377.82,0.997,738.88,1663.64,0.997,492.18,1675.84,0.998,714.4,1697.8,0.932,523.58,1704.17,0.963,790.78,1808.01,0.991,465.2,1823.39,0.996,frontal,550.1576028680217,840.7019868019835,False,567.0800090725088,1107.2381143001905,623.4892940315368
176,5866,491.15,732.35,1.0,713.84,866.33,1.0,384.63,886.37,1.0,826.63,1094.25,0.998,290.13,1153.41,0.998,689.85,1058.34,0.991,349.39,1080.9,0.994,659.95,1156.12,1.0,482.94,1171.1,1.0,731.58,1365.14,0.996,430.37,1380.41,0.996,738.88,1664.15,0.996,492.18,1677.03,0.998,714.46,1697.9,0.92,523.57,1705.06,0.961,790.51,1808.16,0.991,465.23,1824.02,0.995,frontal,549.2347556513455,876.3485497581757,False,567.2142205752544,1127.240452934079,623.4425453973166
177,5900,491.85,774.36,1.0,711.19,893.31,1.0,385.18,909.4,1.0,832.65,1125.43,0.998,282.67,1196.56,0.999,682.75,1070.22,0.988,359.32,1093.64,0.996,664.98,1177.76,1.0,483.1,1195.07,1.0,729.68,1351.99,0.994,431.78,1364.92,0.994,738.87,1664.55,0.993,492.18,1677.81,0.997,714.49,1697.9,0.939,523.39,1705.64,0.974,790.25,1808.46,0.981,465.23,1824.67,0.992,frontal,548.1840309890707,901.3563938479515,False,567.7434138508507,1144.4554468746346,623.3413133133729
178,5933,495.8,810.54,1.0,712.57,929.05,1.0,389.81,944.91,1.0,833.79,1162.42,0.998,278.54,1224.46,0.999,675.22,1075.45,0.992,377.68,1096.81,0.995,665.36,1206.12,1.0,483.57,1221.87,1.0,729.59,1357.09,0.992,432.33,1365.85,0.993,738.85,1665.08,0.991,492.19,1678.52,0.997,714.59,1698.06,0.931,523.23,1706.17,0.977,789.77,1808.54,0.98,465.27,1825.12,0.993,frontal,551.1940321916084,936.9811167725867,False,568.8660634759963,1169.5384581921041,623.2130179090562
179,5966,504.41,843.12,1.0,710.24,947.1,1.0,390.25,968.06,1.0,830.27,1192.76,0.998,277.55,1241.36,0.999,667.95,1081.52,0.996,393.07,1098.55,0.996,665.14,1232.18,1.0,483.19,1248.49,1.0,729.74,1356.76,0.994,433.28,1365.32,0.992,738.79,1665.3,0.989,492.21,1679.19,0.997,714.59,1698.06,0.954,523.04,1706.69,0.985,788.94,1808.37,0.973,465.29,1825.12,0.992,frontal,550.246379241472,957.5798274639249,False,568.3705843942628,1187.9128233364934,622.9637391521244
180,6000,514.74,874.38,1.0,707.97,966.12,1.0,401.63,991.85,1.0,826.47,1205.64,0.999,274.58,1263.0,0.999,644.1,1078.16,0.998,405.34,1104.6,0.998,663.77,1255.13,1.0,484.57,1272.78,1.0,729.85,1347.3,0.998,433.43,1360.49,0.996,738.75,1665.0,0.995,492.2,1679.09,0.999,714.55,1697.95,0.984,522.78,1706.45,0.993,788.14,1808.26,0.988,465.34,1824.97,0.995,frontal,554.7989766616073,978.9846538189859,False,569.7196007565797,1204.0153505552437,622.703117106085
181,6033,524.88,899.22,1.0,710.34,990.18,1.0,400.9,1006.77,1.0,824.19,1232.19,0.999,274.27,1268.5,0.999,640.9,1088.58,0.998,416.01,1106.67,0.998,662.97,1270.28,1.0,486.42,1282.12,1.0,731.32,1345.76,0.996,425.85,1364.29,0.996,738.63,1665.06,0.988,492.2,1679.31,0.999,714.37,1697.95,0.981,522.71,1706.45,0.993,787.91,1808.0,0.975,465.42,1824.73,0.994,frontal,555.6188156732064,998.4772209298585,False,569.6190511887946,1216.4663235503244,622.5999886747028
182,6066,531.57,919.28,1.0,711.4,1004.38,1.0,400.81,1016.34,1.0,823.73,1231.89,0.999,273.37,1274.18,0.999,632.36,1089.8,0.998,427.58,1107.52,0.997,660.52,1282.39,1.0,486.27,1295.18,1.0,733.65,1346.22,0.996,422.84,1365.16,0.996,738.51,1664.94,0.988,492.2,1679.17,0.998,714.13,1697.89,0.972,522.64,1706.31,0.99,786.9,1807.01,0.975,465.79,1824.28,0.993,frontal,556.1058795650357,1010.3591281129018,False,569.1957473159998,1225.4968711885474,622.362785924224
183,6100,535.65,935.59,1.0,712.24,1008.31,1.0,403.44,1020.39,1.0,825.08,1234.2,0.999,268.62,1262.11,1.0,641.35,1101.03,0.999,422.81,1116.34,0.999,660.96,1287.92,1.0,491.06,1300.16,1.0,735.16,1345.75,0.999,422.52,1365.72,0.999,738.38,1664.9,0.994,492.2,1679.17,1.0,713.93,1697.74,0.989,522.56,1706.24,0.998,785.76,1806.0,0.984,465.75,1823.82,0.997,frontal,557.840930978109,1014.3458935224323,False,570.7462792903215,1228.5125261118474,621.99968492803
184,6133,538.26,949.24,1.0,712.33,1009.96,1.0,405.72,1025.45,1.0,826.33,1229.29,0.999,254.86,1246.73,0.999,642.46,1104.68,0.998,422.21,1108.57,0.995,661.21,1289.34,1.0,493.84,1300.6,1.0,737.25,1346.43,0.996,417.44,1369.85,0.997,738.28,1664.87,0.986,492.2,1679.07,0.999,713.79,1697.39,0.971,522.49,1706.23,0.993,784.99,1804.37,0.972,465.84,1822.45,0.992,frontal,559.0237195557087,1017.7077594571708,False,571.0684696238512,1229.7254377530749,621.7786711029815
185,6166,535.61,951.98,1.0,710.71,1011.41,1.0,408.1,1022.05,1.0,824.69,1222.62,0.998,255.3,1219.72,0.999,644.18,1101.78,0.997,429.94,1101.5,0.996,660.44,1280.24,1.0,494.41,1292.07,1.0,737.65,1345.48,0.997,414.78,1373.27,0.998,738.08,1664.75,0.988,492.22,1679.02,0.999,713.47,1696.91,0.985,522.49,1706.2,0.996,784.19,1801.67,0.968,465.93,1820.31,0.992,frontal,559.4054268354444,1016.73332044571,False,570.9362911089752,1225.18615913064,621.5191753681027
186,6200,537.78,950.32,1.0,707.33,1000.38,1.0,404.88,1017.91,1.0,814.44,1202.02,0.999,222.36,1214.44,1.0,638.09,1091.08,0.999,421.44,1088.3,0.997,660.07,1280.1,1.0,494.55,1296.54,1.0,739.67,1342.78,0.999,418.81,1372.27,0.999,738.02,1664.59,0.995,492.23,1679.0,1.0,713.18,1696.26,0.993,522.39,1706.02,0.998,783.91,1799.36,0.987,466.2,1818.48,0.998,frontal,556.1066322370091,1009.1433192909236,False,568.8490447166599,1222.2760720691406,621.4192124375516
187,6233,537.52,945.56,1.0,703.45,997.63,1.0,403.73,1017.58,1.0,830.71,1190.65,0.998,209.93,1188.33,0.999,642.33,1077.28,0.997,423.16,1062.57,0.991,659.93,1285.07,1.0,495.88,1297.42,1.0,739.92,1343.96,0.997,427.8,1377.43,0.997,738.02,1664.31,0.991,492.27,1678.98,0.998,713.26,1695.77,0.976,522.36,1705.9,0.991,783.13,1797.84,0.981,466.46,1817.8,0.993,frontal,553.590612692645,1007.6052517135893,False,569.084150850934,1222.1284144796873,621.3010178471501
188,6266,538.48,937.27,1.0,698.94,980.97,1.0,402.85,1001.15,1.0,832.45,1158.59,0.999,192.23,1163.31,0.999,637.75,1052.31,0.998,416.41,1050.84,0.992,658.29,1277.76,1.0,496.03,1291.75,1.0,738.18,1344.42,0.998,437.19,1377.91,0.997,737.98,1663.96,0.993,492.36,1678.96,0.998,713.18,1695.19,0.974,522.32,1705.75,0.989,782.6,1795.84,0.983,467.1,1817.15,0.993,frontal,550.8969632989066,991.0599866017475,False,567.9816397437825,1212.2796434517538,621.2973219378622
189,6300,537.24,929.45,1.0,700.36,963.81,1.0,401.65,986.68,1.0,841.11,1144.21,0.999,182.65,1143.62,1.0,634.57,1035.53,0.998,408.67,1035.21,0.991,657.12,1274.25,1.0,494.66,1286.8,1.0,734.55,1344.39,0.995,436.21,1376.79,0.995,737.79,1663.79,0.988,492.42,1678.97,0.997,713.09,1694.89,0.96,522.2,1705.79,0.985,782.24,1794.29,0.976,467.27,1817.02,0.991,frontal,551.0040390107263,975.2462076750345,False,567.1397586091423,1204.1119103713163,621.198897924027
190,6333,536.48,915.75,1.0,699.71,935.84,1.0,399.32,956.02,1.0,848.37,1126.53,0.999,182.58,1126.46,0.999,633.77,1028.02,0.997,405.3,1030.95,0.991,657.36,1247.03,1.0,494.08,1259.72,1.0,734.04,1350.96,0.992,435.41,1383.2,0.993,737.67,1663.79,0.982,492.46,1679.07,0.996,713.0,1695.0,0.932,522.15,1705.81,0.978,782.09,1793.8,0.964,467.27,1817.14,0.989,frontal,549.5163829157752,945.9284988396628,False,566.6951484616554,1183.8717481966946,621.1269571291633
191,6366,535.3,878.52,1.0,701.76,910.02,1.0,400.4,929.94,1.0,857.24,1105.22,0.999,181.19,1103.82,0.999,637.22,1025.95,0.997,406.72,1022.35,0.989,657.94,1231.14,1.0,493.47,1237.68,1.0,736.32,1366.81,0.99,435.1,1383.74,0.992,737.54,1663.91,0.981,492.46,1679.22,0.996,712.89,1695.2,0.895,521.95,1705.87,0.971,781.95,1794.36,0.961,467.19,1817.06,0.989,frontal,551.0811022456407,919.9827726436183,False,567.6187517533283,1167.8298114588904,620.9930792686367
192,6400,530.4,836.44,1.0,702.74,884.31,1.0,379.22,890.31,1.0,865.59,1090.27,0.999,193.58,1085.8,0.999,637.36,1027.94,0.996,407.99,1021.18,0.987,658.4,1213.16,1.0,489.3,1225.76,1.0,736.41,1367.47,0.995,439.63,1388.76,0.997,737.54,1663.94,0.993,492.53,1679.71,0.998,712.93,1695.2,0.941,521.95,1706.15,0.982,781.75,1794.87,0.985,467.19,1817.4,0.996,frontal,540.9816091356582,887.3110680174564,False,564.5352156463529,1150.5118531886442,620.9530950535714
193,6433,519.88,785.89,1.0,712.03,845.7,1.0,372.42,861.32,1.0,872.87,1073.4,0.999,196.78,1078.36,0.998,638.04,1030.43,0.99,402.93,1034.71,0.988,659.0,1181.73,1.0,481.24,1202.9,1.0,737.96,1368.37,0.996,444.49,1384.5,0.997,737.54,1664.03,0.996,492.67,1680.4,0.998,712.96,1695.25,0.957,522.02,1706.51,0.981,781.75,1795.17,0.99,467.28,1817.49,0.997,frontal,542.2225745619688,853.5126442856431,False,564.4169548460748,1127.8079343726963,621.0036125623367
194,6466,504.13,727.45,1.0,712.31,809.97,1.0,375.51,813.71,1.0,860.87,1040.09,0.999,217.85,1041.6,0.998,638.93,1030.86,0.987,401.93,1039.51,0.982,659.83,1160.49,1.0,477.02,1178.48,1.0,740.12,1388.32,0.997,444.76,1389.71,0.998,737.54,1664.11,0.995,492.91,1681.18,0.998,712.96,1695.25,0.934,522.04,1706.82,0.97,781.75,1795.19,0.987,467.47,1818.03,0.996,frontal,543.9089486949842,811.841110698514,False,564.8504600569701,1104.839976336123,621.0546970009409
195,6500,488.23,684.8,1.0,709.37,777.01,1.0,371.65,797.48,1.0,850.39,995.5,0.999,258.49,1022.93,0.997,653.08,1035.41,0.989,394.53,1050.94,0.978,659.33,1142.26,1.0,472.45,1152.61,1.0,742.12,1391.16,0.997,446.83,1403.3,0.998,737.57,1664.81,0.997,493.16,1681.92,0.998,712.98,1695.62,0.947,522.09,1707.27,0.958,781.89,1796.4,0.992,467.54,1819.01,0.996,frontal,540.5111920533718,787.244276577806,False,564.0594911782022,1087.5093381910544,621.1251833494659
196,6533,488.47,624.28,1.0,697.92,731.94,1.0,373.89,755.16,1.0,826.26,938.43,0.999,282.72,974.32,0.993,664.69,1026.74,0.993,387.36,1062.82,0.963,655.56,1124.45,1.0,471.23,1135.81,1.0,742.02,1387.01,0.995,445.28,1400.77,0.997,737.58,1665.62,0.995,493.38,1682.84,0.997,712.98,1696.28,0.907,522.23,1707.84,0.933,781.94,1797.14,0.989,467.62,1820.04,0.994,frontal,535.9067750992781,743.5492250031904,False,561.4350734237446,1062.244702772084,621.1917258443269
197,6566,489.35,567.95,1.0,692.72,691.39,1.0,374.39,708.82,1.0,810.29,898.06,0.999,302.8,924.69,0.989,674.69,1017.65,0.995,375.49,1065.82,0.966,649.03,1112.23,1.0,472.47,1120.11,1.0,740.93,1388.12,0.996,446.12,1406.06,0.997,737.63,1666.19,0.997,493.51,1683.38,0.997,713.0,1696.95,0.882,522.36,1708.08,0.932,782.0,1797.99,0.992,467.62,1820.89,0.994,frontal,533.5534141162213,700.1036058821359,False,559.7634985805764,1039.8598731336335,621.2428875555099
198,6600,486.91,530.91,1.0,690.18,654.19,1.0,367.33,677.17,1.0,785.58,867.08,0.999,325.72,895.0,0.996,683.39,1016.68,0.997,371.15,1073.39,0.992,642.89,1083.19,1.0,470.95,1083.48,1.0,737.92,1384.75,0.998,446.59,1402.44,0.998,737.66,1666.82,0.998,493.51,1683.92,0.998,713.0,1697.42,0.941,522.51,1708.56,0.951,782.21,1799.44,0.996,467.57,1821.79,0.996,frontal,528.7529969817563,665.6795251378971,False,556.4347157523061,1013.3482936982036,621.3234869806955
199,6633,489.29,483.75,1.0,687.97,605.67,1.0,362.78,632.71,1.0,761.65,827.31,0.998,343.44,867.24,0.993,690.16,1006.87,0.995,359.16,1066.56,0.989,643.95,1059.52,1.0,471.01,1066.96,1.0,730.98,1382.57,0.998,446.37,1387.51,0.998,737.72,1667.2,0.998,493.73,1684.62,0.998,713.02,1697.99,0.915,522.84,1709.56,0.943,782.54,1800.98,0.997,467.54,1823.4,0.996,frontal,525.376390873655,619.1912076314634,False,554.7297244022692,986.4736352523548,621.4830366856357
200,6666,490.36,451.97,1.0,686.43,570.07,1.0,358.92,591.98,1.0,748.18,803.54,0.995,361.7,842.43,0.989,703.16,995.18,0.99,359.61,1062.51,0.985,645.19,1048.85,1.0,470.19,1058.06,1.0,723.19,1382.25,0.997,450.96,1386.27,0.996,737.78,1667.63,0.997,493.93,1685.07,0.995,713.0,1698.74,0.901,523.29,1710.39,0.926,783.02,1801.96,0.993,467.44,1824.72,0.993,frontal,522.6730782041013,581.029262077468,False,553.7965710683766,968.1526941597157,621.689751247921
201,6700,486.88,412.61,1.0,680.78,528.14,1.0,355.82,559.6,1.0,746.52,765.79,0.994,360.57,816.63,0.981,720.84,955.38,0.99,359.82,1039.11,0.98,642.43,1029.21,1.0,464.66,1035.24,1.0,714.58,1380.85,0.997,452.94,1382.01,0.996,737.83,1668.04,0.996,493.93,1685.43,0.995,712.96,1699.64,0.875,523.68,1710.76,0.919,783.77,1802.99,0.993,467.39,1825.65,0.993,frontal,518.2991091207705,543.8675332822452,False,550.1365068883667,945.061399214031,621.9498322370248
202,6733,486.99,375.41,1.0,677.58,500.08,1.0,346.19,539.49,1.0,751.51,735.83,0.995,355.69,799.71,0.978,742.44,923.95,0.992,351.51,1022.02,0.975,641.82,1008.78,1.0,462.86,1016.82,1.0,708.31,1372.95,0.997,455.08,1374.66,0.995,738.14,1668.04,0.996,493.89,1685.51,0.995,713.01,1699.64,0.862,524.04,1710.88,0.907,784.33,1803.54,0.992,467.19,1826.43,0.992,frontal,511.883666510054,519.7820176123053,False,547.1844580127947,926.8470631588704,622.1418158676516
203,6766,485.06,350.83,1.0,675.1,480.26,1.0,344.93,519.53,1.0,754.27,714.77,0.996,343.65,765.4,0.965,754.02,910.23,0.993,348.71,982.63,0.96,641.6,992.68,1.0,461.99,999.62,1.0,699.13,1366.23,0.998,459.44,1371.26,0.995,738.34,1668.04,0.996,493.89,1685.51,0.995,713.06,1699.99,0.837,524.59,1711.14,0.925,784.73,1804.34,0.991,466.77,1827.04,0.993,frontal,510.0172667562402,499.8965710249824,False,545.6641865563172,911.2315969998658,622.287872361412
204,6800,481.82,331.13,1.0,673.4,463.83,1.0,344.06,505.1,1.0,764.11,687.46,0.994,333.46,744.88,0.959,773.44,888.61,0.988,338.26,963.8,0.942,642.89,982.53,1.0,462.67,990.66,1.0,693.83,1357.7,0.996,463.94,1369.47,0.994,738.49,1668.04,0.995,493.89,1685.44,0.993,713.21,1700.39,0.811,524.95,1711.34,0.875,785.83,1805.43,0.99,466.64,1827.42,0.991,frontal,508.7301320703945,484.46530226327593,False,545.5243703632445,900.0208233281089,622.6580888347461
205,6833,478.85,313.4,1.0,668.64,448.75,1.0,342.37,494.54,1.0,768.9,657.69,0.994,329.91,729.1,0.954,787.77,851.93,0.991,332.71,939.07,0.947,643.6,982.98,1.0,463.16,988.61,1.0,686.93,1358.79,0.996,471.01,1372.88,0.993,738.61,1668.25,0.994,493.96,1685.44,0.992,713.48,1701.46,0.799,525.57,1711.65,0.856,787.58,1806.71,0.987,466.56,1827.9,0.988,frontal,505.50138328356155,471.64403310910325,False,544.7118501077673,894.2474978759578,623.2975231200321
206,6866,477.7,305.82,1.0,666.21,442.82,1.0,340.43,488.77,1.0,771.15,648.48,0.994,323.8,722.04,0.958,799.58,842.09,0.99,320.42,935.93,0.948,644.49,978.9,1.0,463.68,985.74,1.0,684.59,1357.36,0.996,476.32,1369.63,0.994,738.57,1668.96,0.995,494.0,1685.55,0.993,713.61,1702.77,0.813,525.57,1712.32,0.858,788.71,1808.93,0.989,466.56,1828.57,0.99,frontal,503.3211475142209,465.7936759778444,False,544.3455421564136,890.0774629019018,623.6115191972616
207,6899,477.46,301.98,1.0,665.19,441.25,1.0,341.76,483.57,1.0,776.71,642.24,0.994,318.71,710.73,0.944,809.47,836.83,0.991,314.57,910.05,0.946,646.36,982.59,1.0,464.59,988.84,1.0,684.27,1360.29,0.995,479.47,1373.2,0.991,738.61,1669.16,0.993,494.09,1685.69,0.991,713.9,1703.3,0.796,526.06,1713.03,0.858,790.21,1810.14,0.986,466.59,1829.09,0.987,frontal,503.47396407863414,462.4090753187678,False,545.1644269558959,890.1583222417439,624.1906835351793
208,6933,475.23,295.94,1.0,664.35,440.6,1.0,340.66,483.12,1.0,776.13,638.52,0.994,315.17,707.67,0.942,815.75,839.11,0.991,308.85,909.72,0.942,646.11,980.39,1.0,464.51,986.65,1.0,685.15,1361.06,0.995,481.89,1373.59,0.991,738.61,1669.23,0.993,494.2,1685.69,0.991,714.02,1703.45,0.797,526.75,1713.31,0.86,791.21,1810.63,0.986,466.62,1829.45,0.987,frontal,502.50305223889603,461.85845755097216,False,544.905957769621,889.022349579528,624.6495087338164
209,6966,476.37,300.97,1.0,663.97,440.73,1.0,339.04,481.64,1.0,778.35,643.2,0.995,313.13,708.42,0.942,816.31,840.29,0.992,302.61,911.58,0.941,644.18,983.16,1.0,462.85,988.98,1.0,683.93,1362.22,0.997,481.43,1373.81,0.994,738.61,1669.29,0.994,494.2,1685.61,0.992,714.18,1703.45,0.822,526.63,1713.05,0.86,792.26,1811.41,0.988,466.65,1829.65,0.988,frontal,501.5057188991193,461.18480958172427,False,543.7655643801528,890.0365995395258,624.9283303336846
210,7000,475.49,297.42,1.0,662.54,441.28,1.0,341.4,481.26,1.0,776.72,636.77,0.994,311.73,706.32,0.935,813.11,845.33,0.991,301.01,903.23,0.944,641.3,980.67,1.0,463.06,985.31,1.0,678.77,1363.12,0.995,480.3,1382.76,0.991,738.61,1669.58,0.992,494.25,1685.71,0.992,714.27,1704.22,0.787,526.86,1713.56,0.855,793.76,1813.48,0.986,466.61,1830.07,0.988,frontal,501.96904274553583,461.2666138424072,False,542.8221035520072,889.4315023688132,625.3747860656398
211,7033,475.94,299.92,1.0,663.63,446.81,1.0,341.19,487.81,1.0,776.65,641.88,0.992,313.24,706.56,0.914,810.32,840.48,0.987,297.1,903.88,0.925,640.43,983.44,1.0,461.86,990.33,1.0,680.01,1362.97,0.996,479.68,1385.76,0.993,738.59,1669.94,0.995,494.27,1685.79,0.993,714.32,1704.89,0.823,526.96,1713.96,0.867,794.83,1815.05,0.99,466.61,1830.35,0.99,frontal,502.4117724989035,467.3110946449866,False,542.6815487811368,893.3613061781958,625.6780844651539
212,7066,472.75,301.05,1.0,664.78,453.83,1.0,340.88,490.63,1.0,776.58,657.15,0.992,313.25,709.85,0.896,806.62,854.97,0.986,297.39,912.42,0.917,637.7,985.68,1.0,461.33,992.29,1.0,681.29,1363.25,0.996,479.62,1382.4,0.994,738.59,1670.29,0.995,494.38,1685.96,0.995,714.47,1705.49,0.814,527.23,1714.52,0.89,795.51,1816.99,0.989,466.62,1831.0,0.992,frontal,502.83014810506825,472.22788616571523,False,542.3116100375942,896.1940091715977,625.9562626919185
213,7100,468.81,303.47,1.0,665.57,460.58,1.0,340.03,497.28,1.0,776.33,665.58,0.995,311.6,720.97,0.907,804.28,858.61,0.991,292.05,922.41,0.932,636.8,988.57,1.0,457.6,994.99,1.0,683.42,1363.28,0.996,478.03,1381.43,0.994,738.61,1670.38,0.996,494.38,1686.07,0.995,714.72,1705.96,0.852,527.32,1715.08,0.897,796.16,1817.59,0.991,466.62,1831.19,0.992,frontal,502.79842880915646,478.9293870799308,False,541.4153710385423,900.0856869138944,626.2052601783402
214,7133,469.65,307.88,1.0,669.39,471.91,1.0,340.4,501.24,1.0,776.14,689.27,0.995,312.44,729.02,0.911,798.48,878.94,0.991,290.92,933.86,0.923,638.72,997.39,1.0,458.79,1005.82,1.0,689.25,1367.04,0.997,475.17,1379.79,0.995,738.63,1670.62,0.996,494.38,1686.13,0.995,714.91,1706.66,0.874,527.32,1715.23,0.907,796.77,1818.51,0.992,466.59,1831.52,0.992,frontal,504.89443641815484,486.57463756521366,False,542.9690306867385,907.5799908060109,626.3999590666552
215,7166,470.59,314.63,1.0,672.01,490.25,1.0,341.34,525.08,1.0,772.83,710.43,0.997,310.9,752.98,0.96,777.85,902.23,0.995,291.48,956.25,0.961,641.79,1009.9,1.0,459.89,1016.59,1.0,697.37,1371.35,0.997,468.29,1379.61,0.996,738.78,1670.62,0.997,494.38,1686.13,0.995,715.21,1706.79,0.863,527.42,1715.23,0.924,797.04,1819.52,0.992,466.5,1832.09,0.993,frontal,506.67248470470037,507.6671987239773,False,544.3021749792314,920.9120646211293,626.541078587291
216,7200,471.17,329.84,1.0,673.38,517.32,1.0,344.5,552.47,1.0,770.18,738.42,0.998,309.66,780.07,0.982,765.63,931.07,0.996,292.29,981.66,0.977,645.37,1036.35,1.0,464.01,1043.68,1.0,711.46,1378.22,0.996,457.89,1383.42,0.994,739.04,1670.97,0.995,494.36,1686.21,0.993,715.44,1707.1,0.872,527.37,1715.16,0.911,797.22,1820.37,0.99,466.44,1832.49,0.99,frontal,508.9432315201464,534.8963824918553,False,546.6934968229414,942.8696143320774,626.6168031470113
217,7233,471.57,360.64,1.0,680.56,550.5,1.0,350.01,575.61,1.0,775.0,772.22,0.999,307.92,799.19,0.989,759.53,945.27,0.998,292.11,987.64,0.987,648.06,1049.16,1.0,470.52,1060.97,1.0,721.77,1386.66,0.997,447.23,1397.45,0.996,739.35,1671.93,0.996,494.41,1686.98,0.995,715.58,1707.92,0.909,527.62,1715.8,0.94,797.22,1821.11,0.992,466.26,1833.35,0.992,frontal,515.284638592763,563.0565946801566,False,550.6600757488117,961.6557341484,626.6727060503954
218,7266,472.42,400.36,1.0,682.84,587.33,1.0,357.8,611.96,1.0,798.07,807.59,0.999,303.86,823.17,0.989,742.56,955.37,0.998,293.58,999.0,0.986,650.05,1064.96,1.0,473.71,1073.29,1.0,725.49,1391.54,0.998,439.45,1409.71,0.997,739.61,1673.2,0.997,494.47,1687.9,0.996,715.82,1708.62,0.925,527.88,1716.38,0.947,797.31,1822.22,0.993,466.16,1834.07,0.993,frontal,520.3239301250283,599.6483466782861,False,553.6449322404063,982.7349803745951,626.7927407711738
219,7300,474.16,437.21,1.0,685.04,618.9,1.0,362.01,640.79,1.0,814.66,840.23,1.0,294.65,855.82,0.985,724.75,966.91,0.999,289.62,1016.38,0.982,648.35,1073.1,1.0,472.87,1083.57,1.0,732.55,1392.73,0.998,434.5,1405.66,0.997,739.85,1674.35,0.996,494.47,1688.35,0.996,716.12,1708.91,0.875,528.04,1716.52,0.922,797.31,1823.15,0.992,466.11,1834.71,0.992,frontal,523.525131061066,629.8455902326982,False,554.6734979581782,998.3973959312156,626.8941131558756
220,7333,477.13,480.56,1.0,685.35,653.76,1.0,363.84,678.71,1.0,825.56,870.48,0.999,292.76,885.38,0.985,704.01,979.28,0.997,291.27,1018.29,0.976,647.83,1087.36,1.0,473.81,1101.85,1.0,735.15,1386.72,0.997,433.87,1408.18,0.998,740.12,1675.27,0.996,494.47,1689.06,0.997,716.19,1709.34,0.892,528.3,1716.94,0.932,797.43,1823.9,0.992,466.11,1835.32,0.994,frontal,524.5952459209693,666.2357140276163,False,555.5736779475562,1018.5830797443283,627.006863725453
221,7366,482.28,525.59,1.0,687.6,688.91,1.0,367.92,716.78,1.0,825.68,902.05,0.999,288.44,921.54,0.991,693.95,987.72,0.998,295.43,1019.48,0.981,651.08,1100.32,1.0,477.42,1115.57,1.0,737.62,1381.46,0.996,431.61,1403.85,0.997,740.4,1676.09,0.996,494.46,1689.71,0.996,716.36,1709.79,0.873,528.3,1717.38,0.927,797.36,1824.75,0.989,466.14,1835.94,0.993,frontal,527.7556067440621,702.8444452282565,False,557.82258542972,1037.5125717190394,627.0420710421885
222,7399,489.54,576.2,1.0,691.3,730.69,1.0,371.38,754.01,1.0,825.46,951.97,0.999,285.36,980.0,0.996,677.74,996.88,0.997,303.21,1037.16,0.993,654.0,1112.28,1.0,478.95,1128.84,1.0,742.04,1382.5,0.998,432.72,1403.98,0.998,740.63,1676.76,0.996,494.51,1690.93,0.997,716.61,1710.17,0.912,528.59,1718.35,0.946,797.36,1825.49,0.991,466.17,1837.14,0.995,frontal,531.3363605429668,742.3477930716288,False,560.2196054486845,1059.3457287938127,627.1826112793627
223,7433,486.73,617.92,1.0,700.25,777.1,1.0,377.83,796.55,1.0,829.04,1012.97,0.998,286.54,1048.38,0.996,667.21,1004.48,0.988,323.71,1041.33,0.991,659.5,1132.66,1.0,479.17,1145.69,1.0,743.64,1384.24,0.998,432.11,1407.48,0.998,740.8,1677.63,0.996,494.57,1692.4,0.998,716.7,1710.53,0.927,528.68,1719.6,0.955,797.32,1826.66,0.99,466.17,1838.06,0.995,frontal,539.0417120774441,786.8260613133186,False,564.153048876777,1086.1421619635412,627.2172208285458
224,7466,485.14,661.41,1.0,704.73,807.44,1.0,379.97,827.15,1.0,827.66,1053.63,0.994,283.33,1095.77,0.996,659.15,1008.08,0.971,355.72,1033.86,0.986,662.81,1148.13,1.0,483.23,1158.96,1.0,744.12,1383.78,0.996,432.31,1398.12,0.997,740.98,1678.09,0.996,494.59,1693.05,0.998,717.03,1710.76,0.932,528.59,1719.88,0.965,797.29,1827.28,0.99,466.17,1838.8,0.995,frontal,542.3499991294357,817.2926280756119,False,566.5714418643618,1104.0021706277853,627.2706452637262
225,7500,487.97,706.82,1.0,707.54,844.12,1.0,382.4,868.77,1.0,829.07,1093.73,0.995,274.85,1149.6,0.995,643.35,1010.44,0.978,373.56,1037.69,0.98,666.47,1168.72,1.0,483.8,1179.24,1.0,742.85,1382.23,0.997,432.57,1399.43,0.997,741.28,1679.02,0.996,494.64,1693.8,0.998,717.16,1710.76,0.928,528.68,1720.12,0.968,797.23,1827.79,0.989,466.18,1839.69,0.995,frontal,544.9695027358532,856.4455090835908,False,567.9525487416436,1128.060910552326,627.3099743503083
226,7533,492.75,749.48,1.0,707.79,881.72,1.0,382.87,913.65,1.0,830.53,1128.13,0.997,272.86,1189.56,0.998,631.82,1008.55,0.991,391.03,1033.11,0.987,667.95,1190.45,1.0,483.72,1203.34,1.0,743.91,1380.47,0.994,433.41,1400.01,0.994,741.48,1679.02,0.992,494.68,1694.36,0.997,717.35,1710.61,0.909,528.62,1720.29,0.964,797.13,1828.15,0.981,466.18,1840.31,0.993,frontal,545.3314109186641,897.684166936669,False,568.4821734622924,1153.0117096432273,627.320252826262
227,7566,497.58,793.25,1.0,708.0,905.78,1.0,387.75,947.7,1.0,829.58,1151.42,0.999,276.54,1212.15,0.998,617.68,1007.24,0.997,395.85,1027.76,0.992,670.6,1220.81,1.0,487.4,1234.79,1.0,744.66,1377.41,0.996,433.26,1404.11,0.993,741.58,1679.02,0.991,494.68,1694.95,0.997,717.74,1710.49,0.924,528.58,1720.68,0.97,796.79,1828.54,0.977,466.2,1840.85,0.991,frontal,547.8750692474871,926.7373554142932,False,570.6722766201502,1176.0739182666302,627.3262198881322
228,7600,508.19,831.83,1.0,706.16,936.31,1.0,392.44,972.36,1.0,821.86,1186.82,0.998,276.79,1231.5,0.998,616.19,1006.31,0.996,399.43,1037.67,0.987,668.46,1246.56,1.0,487.79,1260.66,1.0,744.66,1372.2,0.995,434.17,1403.25,0.991,741.69,1679.18,0.99,494.66,1695.24,0.997,718.02,1710.49,0.939,528.29,1720.68,0.976,796.31,1828.63,0.978,466.21,1840.85,0.991,frontal,549.2988048812349,954.3340798438742,False,570.6627906967713,1196.4404405971009,627.2069771184368
229,7633,515.9,865.74,1.0,710.1,962.19,1.0,401.59,1003.23,1.0,822.46,1211.47,0.998,278.3,1254.28,0.997,623.71,1014.84,0.997,394.12,1053.22,0.989,669.71,1269.9,1.0,491.54,1284.75,1.0,746.57,1368.58,0.994,435.63,1400.11,0.991,741.74,1679.3,0.988,494.67,1695.74,0.996,718.2,1710.52,0.956,528.07,1720.89,0.98,795.63,1828.29,0.974,466.29,1840.85,0.988,frontal,555.8477666875756,982.7098781495547,False,574.1656050216648,1216.001307781214,627.0456089333051
230,7666,521.05,891.36,1.0,714.64,989.95,1.0,403.93,1020.96,1.0,819.37,1235.21,0.998,282.21,1273.53,0.999,629.67,1034.64,0.998,393.22,1073.58,0.997,670.04,1287.51,1.0,494.0,1303.62,1.0,753.93,1371.84,0.997,435.34,1406.97,0.994,741.98,1679.3,0.993,494.72,1695.96,0.998,718.55,1710.5,0.971,527.95,1720.89,0.989,795.03,1828.22,0.985,466.57,1840.85,0.994,frontal,559.2859772105292,1005.4547338668885,False,576.458888013802,1232.7877151080158,627.023822406058
231,7700,528.27,914.74,1.0,719.89,1014.11,1.0,404.2,1040.82,1.0,820.88,1253.43,0.998,284.19,1292.62,0.998,629.68,1048.15,0.997,406.13,1076.14,0.995,673.23,1311.98,1.0,496.24,1328.28,1.0,756.41,1369.8,0.997,435.1,1407.61,0.994,742.15,1679.42,0.993,494.81,1696.08,0.997,718.55,1710.5,0.968,527.8,1720.89,0.984,794.46,1828.14,0.985,467.09,1840.95,0.992,frontal,562.0463554102595,1027.4628135026865,False,578.7175736688757,1250.5901635597945,626.9725499304365
232,7733,532.78,932.25,1.0,720.6,1027.2,1.0,408.91,1056.77,1.0,816.36,1259.91,0.997,290.45,1295.82,0.998,627.14,1064.11,0.997,401.87,1094.44,0.995,673.17,1323.72,1.0,502.83,1340.06,1.0,755.64,1366.62,0.998,432.49,1406.54,0.996,742.29,1679.58,0.995,494.89,1696.08,0.999,718.68,1710.49,0.979,527.7,1720.84,0.993,793.34,1828.1,0.988,467.71,1841.0,0.995,frontal,564.7595944488278,1041.9832419211216,False,580.6560886827723,1259.9157101979365,626.8567083544175
233,7766,534.18,945.99,1.0,723.91,1045.65,1.0,411.73,1073.88,1.0,818.06,1269.94,0.997,300.09,1306.1,0.998,627.93,1079.47,0.997,404.68,1111.48,0.995,672.67,1330.42,1.0,507.34,1346.14,1.0,755.58,1368.71,0.998,424.53,1406.19,0.998,742.56,1679.58,0.994,495.06,1696.15,0.999,719.18,1710.46,0.987,527.7,1720.84,0.997,792.38,1827.96,0.986,468.21,1841.0,0.996,frontal,567.8228542589684,1059.7672164029077,False,582.1873958895462,1269.1609474531576,626.8663125373862
234,7800,536.54,957.85,1.0,726.19,1056.42,1.0,413.37,1076.12,1.0,823.67,1292.92,0.997,300.62,1318.51,0.996,629.42,1099.04,0.997,419.19,1116.58,0.991,671.21,1344.61,1.0,505.88,1358.58,1.0,756.64,1369.92,0.998,413.98,1408.62,0.997,742.77,1679.69,0.993,495.24,1696.04,0.999,719.4,1710.43,0.982,527.66,1720.79,0.993,791.91,1827.83,0.986,469.34,1840.92,0.994,frontal,569.7810080343047,1066.2695772731145,False,581.75792812598,1277.8074198850313,627.079087510534
235,7833,539.99,968.98,1.0,727.48,1073.63,1.0,415.93,1086.4,1.0,822.14,1306.7,0.999,310.02,1323.56,0.998,632.48,1107.53,0.999,425.3,1124.98,0.998,670.92,1355.66,1.0,506.74,1367.96,1.0,760.3,1371.74,1.0,411.75,1407.62,0.999,743.05,1679.79,0.998,495.43,1696.04,1.0,719.92,1710.35,0.996,527.66,1720.79,0.999,791.59,1827.59,0.993,470.12,1840.92,0.998,frontal,571.7037555391399,1080.0164673125064,False,582.9048813090237,1286.993051405502,627.3240682926349
236,7866,541.96,978.48,1.0,725.79,1077.61,1.0,418.53,1091.12,1.0,821.83,1300.47,0.997,314.34,1326.02,0.998,635.59,1115.97,0.998,423.83,1137.47,0.998,667.74,1359.52,1.0,503.8,1368.68,1.0,759.12,1371.94,1.0,414.82,1407.54,0.999,743.29,1679.79,0.998,495.51,1696.17,1.0,720.66,1710.22,0.995,527.59,1720.79,0.999,791.69,1827.05,0.993,470.47,1840.93,0.998,frontal,572.1598859170213,1084.3622005700843,False,582.2018151872675,1289.2195141798659,627.6018641475226
237,7899,545.44,982.56,1.0,724.01,1078.07,1.0,418.07,1092.48,1.0,821.51,1294.31,0.998,307.89,1324.33,0.998,637.12,1119.2,0.999,431.42,1149.58,0.998,666.38,1359.64,1.0,503.32,1372.96,1.0,758.14,1371.12,1.0,412.96,1406.34,0.999,743.5,1679.77,0.998,495.69,1696.13,1.0,721.11,1710.08,0.995,527.52,1720.76,0.999,791.79,1826.68,0.993,472.14,1840.86,0.998,frontal,571.0384121623374,1085.275144351704,False,581.0408301318241,1289.934514206922,628.1388778654725
238,7933,549.18,984.59,1.0,725.54,1078.16,1.0,418.9,1091.23,1.0,799.63,1297.18,0.997,304.27,1313.55,0.998,640.48,1129.76,0.998,431.04,1158.91,0.996,666.62,1354.44,1.0,502.53,1362.68,1.0,758.68,1375.7,0.999,415.54,1408.93,0.998,743.75,1679.79,0.996,495.79,1696.22,1.0,721.77,1709.89,0.989,527.45,1720.76,0.997,791.9,1826.15,0.99,472.35,1840.78,0.998,frontal,572.2241081855811,1084.697404260269,False,580.7707579702446,1287.1583692616507,628.3664156510279
239,7966,553.02,982.1,1.0,724.26,1065.21,1.0,415.32,1077.52,1.0,807.35,1296.68,0.996,293.02,1305.66,0.998,640.49,1142.65,0.997,432.52,1168.14,0.996,665.18,1343.98,1.0,499.52,1355.97,1.0,758.05,1376.0,0.998,416.92,1410.3,0.998,743.94,1679.79,0.995,495.9,1696.19,1.0,722.16,1709.78,0.988,527.4,1720.74,0.997,791.99,1825.39,0.989,473.67,1840.01,0.997,frontal,569.7898587185239,1071.366068954972,False,579.0644937231245,1279.2635645473597,628.8040697842953
240,8000,553.26,972.86,1.0,721.88,1048.26,1.0,412.1,1067.03,1.0,820.53,1279.32,0.999,284.67,1299.07,0.999,642.61,1146.14,0.998,445.53,1168.94,0.998,662.3,1338.05,1.0,494.07,1350.1,1.0,758.11,1378.16,0.998,420.44,1412.67,0.997,744.08,1679.76,0.991,496.1,1696.24,0.999,722.16,1709.69,0.984,527.34,1720.75,0.996,791.94,1824.39,0.979,474.11,1840.11,0.996,frontal,566.9906199653317,1057.647158069368,False,577.004258558881,1271.972408783463,628.8871693514379
241,8033,550.18,967.37,1.0,720.39,1028.23,1.0,403.5,1041.6,1.0,826.44,1271.79,0.999,265.16,1274.96,1.0,646.0,1155.88,0.998,445.56,1181.53,0.997,664.34,1322.76,1.0,490.39,1337.04,1.0,757.28,1385.7,0.999,424.36,1415.02,0.998,744.29,1679.76,0.995,496.35,1696.3,0.999,722.41,1709.44,0.984,527.34,1720.75,0.996,791.85,1823.49,0.986,474.31,1840.2,0.997,frontal,561.9452049499537,1034.9187004002124,False,574.8003208151383,1258.6922794925754,628.9759714265366
242,8066,547.79,938.95,1.0,719.07,1003.49,1.0,399.72,1004.78,1.0,834.64,1245.26,0.999,251.48,1247.76,1.0,662.94,1175.36,0.998,437.38,1189.26,0.998,664.84,1301.16,1.0,485.5,1317.0,1.0,756.58,1389.45,0.999,429.61,1417.04,0.998,744.37,1679.85,0.996,496.43,1696.49,0.999,722.32,1709.51,0.986,527.29,1720.78,0.996,791.85,1823.49,0.986,474.44,1840.21,0.996,frontal,559.3953910325282,1004.1338327691496,False,573.3007245945026,1239.1435789488366,628.9725886516229
243,8100,541.2,901.8,1.0,719.2,971.76,1.0,396.76,968.66,1.0,853.3,1215.49,0.999,254.03,1209.39,1.0,671.72,1187.11,0.996,430.71,1200.08,0.998,664.35,1280.01,1.0,481.02,1295.4,1.0,755.46,1390.18,0.999,436.03,1414.45,0.999,744.47,1680.09,0.998,496.49,1696.7,1.0,722.22,1709.59,0.988,527.22,1720.87,0.997,791.85,1823.95,0.989,474.44,1840.51,0.998,frontal,557.9810824818405,970.2068143222375,False,573.0053312187952,1217.243727286536,628.9302034011363
244,8133,537.86,845.12,1.0,716.76,926.55,1.0,395.27,935.04,1.0,852.42,1159.68,1.0,260.85,1157.39,1.0,674.64,1198.89,0.998,423.44,1223.89,0.997,668.49,1259.24,1.0,484.2,1277.05,1.0,752.56,1386.22,0.999,437.32,1407.39,0.999,744.7,1680.26,0.998,496.62,1697.17,1.0,722.26,1709.6,0.987,527.26,1721.14,0.995,791.81,1824.06,0.993,474.67,1841.01,0.998,frontal,556.0149773379751,930.7957679561209,False,573.7859044061055,1192.1425886298248,629.000348643819
245,8166,525.47,796.81,1.0,721.24,877.7,1.0,390.19,898.31,1.0,843.02,1118.41,0.999,268.16,1114.58,0.995,679.4,1201.35,0.992,400.61,1233.23,0.945,667.51,1231.49,1.0,482.54,1238.04,1.0,753.64,1393.16,0.996,438.78,1408.88,0.996,744.7,1680.71,0.995,496.74,1697.81,0.996,722.18,1709.62,0.922,527.28,1721.52,0.936,791.84,1824.09,0.986,474.8,1841.48,0.992,frontal,555.7127586799036,888.0027681390623,False,573.3259017959972,1163.048368103513,629.0245321894956
246,8200,519.97,736.68,1.0,723.34,837.09,1.0,384.02,855.29,1.0,838.06,1069.44,0.999,287.16,1074.43,0.998,700.08,1197.67,0.992,389.29,1243.23,0.979,666.81,1194.71,1.0,483.36,1193.83,1.0,751.99,1395.79,0.994,439.35,1409.44,0.995,744.81,1681.01,0.994,496.86,1698.24,0.994,722.17,1709.71,0.917,527.35,1721.8,0.932,791.87,1824.24,0.987,474.62,1842.1,0.99,frontal,553.6819760864043,846.1939297064243,False,573.0364580970007,1131.0286527709623,629.0013278090009
247,8233,506.24,686.15,1.0,722.25,801.08,1.0,377.5,809.75,1.0,828.78,1005.52,0.998,301.14,1045.96,0.997,725.84,1185.0,0.984,367.45,1232.82,0.978,667.8,1163.37,1.0,484.26,1166.46,1.0,747.86,1392.55,0.995,445.55,1417.39,0.995,744.92,1681.4,0.995,497.3,1699.0,0.995,722.17,1709.89,0.907,527.68,1722.36,0.924,791.92,1824.5,0.989,474.54,1842.92,0.991,frontal,549.8729925272419,805.4152926259419,False,572.4301369748189,1103.5653774741866,629.0782388900859
248,8266,503.5,636.35,1.0,704.36,741.94,1.0,368.3,768.7,1.0,820.2,942.61,0.999,317.78,1012.73,0.997,744.39,1176.39,0.993,358.36,1224.88,0.984,666.85,1146.6,1.0,483.99,1157.18,1.0,746.62,1403.31,0.998,449.89,1438.77,0.997,745.03,1682.06,0.997,497.95,1699.98,0.996,722.18,1710.32,0.94,528.08,1723.07,0.948,792.18,1825.02,0.994,474.52,1843.96,0.994,frontal,536.3334903351857,755.3193284348135,False,568.130599327106,1081.1424782590666,629.2410228970506
249,8300,502.17,569.04,1.0,703.49,695.31,1.0,366.02,718.99,1.0,803.87,911.46,0.999,330.97,970.93,0.996,771.71,1140.61,0.996,349.66,1201.02,0.986,666.0,1116.04,1.0,484.28,1128.26,1.0,743.56,1394.03,0.997,452.16,1432.61,0.996,745.23,1682.59,0.996,498.29,1700.72,0.996,722.2,1711.03,0.914,528.5,1724.01,0.929,792.69,1825.89,0.994,474.52,1844.63,0.994,frontal,534.7564027779956,707.1497243469372,False,567.3396007492648,1050.0451239813904,629.4768232482393
250,8333,502.32,522.71,1.0,701.41,646.84,1.0,366.11,676.65,1.0,796.83,881.86,0.999,343.72,928.37,0.996,793.63,1113.75,0.997,343.14,1151.76,0.991,659.42,1089.94,1.0,480.99,1097.95,1.0,743.5,1393.71,0.998,452.02,1415.55,0.997,745.65,1682.85,0.998,498.88,1701.21,0.996,722.52,1711.83,0.938,529.08,1724.62,0.929,793.39,1826.66,0.996,474.52,1845.38,0.994,frontal,533.760951249368,661.7410002325505,False,565.350130393573,1020.3154924453381,629.8743658078643
251,8366,501.09,470.84,1.0,700.7,601.25,1.0,368.27,630.35,1.0,786.99,850.63,0.999,347.01,877.2,0.995,805.06,1078.21,0.998,337.84,1095.46,0.988,660.48,1059.24,1.0,481.68,1064.47,1.0,739.64,1380.33,0.998,456.16,1388.86,0.997,745.92,1683.37,0.998,499.44,1701.46,0.997,722.6,1712.94,0.931,529.59,1724.97,0.931,794.46,1827.6,0.996,474.51,1846.11,0.995,frontal,534.4880430269775,615.7963833944223,False,565.7615029007991,986.7998997438046,630.2890976928791
252,8400,501.54,429.82,1.0,700.1,558.36,1.0,366.69,581.51,1.0,779.4,815.61,0.998,350.8,841.14,0.994,815.19,1031.45,0.997,337.86,1068.05,0.99,660.35,1038.64,1.0,477.54,1045.57,1.0,734.57,1379.17,0.998,462.8,1391.89,0.998,746.22,1683.83,0.998,500.35,1701.81,0.996,722.76,1714.08,0.943,530.3,1725.4,0.934,795.75,1828.3,0.995,474.51,1846.85,0.994,frontal,533.3954104904209,569.9325355895435,False,564.626926411439,961.6658562096256,630.8288904861281
253,8433,500.0,387.69,1.0,698.66,522.52,1.0,363.3,554.52,1.0,785.27,772.51,0.998,344.27,805.72,0.985,823.43,1002.06,0.997,336.7,1020.62,0.973,660.56,1020.95,1.0,476.87,1028.25,1.0,721.95,1381.89,0.997,473.43,1388.61,0.997,746.53,1684.07,0.997,500.94,1702.17,0.995,722.76,1714.62,0.914,531.13,1725.79,0.909,796.71,1828.65,0.994,474.5,1847.34,0.993,frontal,530.9780461863581,538.5182125845199,False,563.5669827532789,941.840971589318,631.2755504029444
254,8466,496.35,347.84,1.0,694.93,492.32,1.0,361.76,526.71,1.0,785.54,720.43,0.997,345.04,773.13,0.97,829.67,935.91,0.996,335.18,978.54,0.958,661.01,1002.41,1.0,477.28,1009.56,1.0,712.22,1378.49,0.996,477.9,1384.91,0.994,747.07,1684.28,0.995,501.07,1702.32,0.993,723.0,1715.02,0.847,531.21,1726.04,0.877,797.52,1829.27,0.99,474.5,1847.54,0.99,frontal,528.3446259584371,509.51264102333505,False,562.4649143362426,921.6900968672295,631.559525725818
255,8500,493.73,322.52,1.0,689.6,469.52,1.0,359.83,505.11,1.0,786.53,685.25,0.995,337.31,734.75,0.94,830.38,900.1,0.992,327.47,934.75,0.938,660.09,995.75,1.0,477.43,999.61,1.0,702.56,1367.93,0.997,481.22,1376.71,0.995,747.55,1684.03,0.996,501.58,1702.53,0.995,723.54,1715.1,0.825,531.73,1726.45,0.891,798.47,1829.37,0.991,474.48,1847.85,0.992,frontal,524.7183331773979,487.31545100278004,False,560.3888008657556,907.1353657537459,632.0559405317854
256,8533,492.11,314.32,1.0,687.74,455.36,1.0,361.92,492.28,1.0,789.54,666.12,0.993,334.96,715.84,0.929,832.51,870.32,0.989,318.64,912.02,0.937,659.68,992.98,1.0,477.29,994.93,1.0,691.02,1367.5,0.997,484.37,1382.33,0.994,747.72,1683.94,0.996,502.07,1702.46,0.994,723.82,1715.47,0.825,532.16,1726.45,0.889,798.81,1829.37,0.991,474.49,1847.85,0.992,frontal,524.8305433290711,473.8218935780396,False,559.695529236877,900.325777827807,632.3184790956445
257,8566,492.17,309.6,1.0,685.28,449.92,1.0,361.4,491.85,1.0,789.76,651.68,0.995,331.5,711.06,0.934,826.45,850.66,0.994,316.61,897.12,0.945,659.99,989.8,1.0,477.62,992.8,1.0,693.36,1364.09,0.997,484.24,1378.73,0.995,747.95,1683.94,0.996,502.45,1702.71,0.996,723.93,1716.31,0.864,532.55,1727.1,0.909,800.0,1829.58,0.993,474.49,1848.18,0.993,frontal,523.338544369836,470.887276814742,False,559.3982416495885,897.1536470774623,632.7443068246284
258,8600,493.3,305.53,1.0,684.99,445.27,1.0,360.69,487.96,1.0,791.93,640.93,0.992,329.93,697.93,0.933,830.82,852.96,0.988,312.01,890.94,0.929,661.02,985.26,1.0,478.76,988.66,1.0,693.01,1365.09,0.996,490.93,1374.08,0.994,748.05,1683.97,0.996,502.84,1702.6,0.994,724.11,1716.85,0.853,533.06,1727.23,0.88,801.15,1829.75,0.992,474.5,1848.18,0.992,frontal,522.840702131838,466.6165027452241,False,560.1767208246031,893.0042292442586,633.2060378229952
259,8633,494.63,301.42,1.0,685.48,438.83,1.0,359.67,485.69,1.0,792.49,640.8,0.994,329.78,698.93,0.939,829.38,849.87,0.993,308.19,883.39,0.944,662.38,978.57,1.0,480.91,983.06,1.0,692.5,1360.55,0.997,492.06,1373.95,0.994,748.58,1683.94,0.996,503.03,1702.5,0.994,724.52,1717.16,0.86,533.46,1727.35,0.875,802.39,1829.9,0.992,474.51,1848.18,0.99,frontal,522.5733737590425,462.25675029376225,False,560.828237143203,888.8678534874219,633.7205868006118
260,8666,493.48,296.57,1.0,686.1,440.51,1.0,360.59,486.7,1.0,792.24,640.45,0.992,330.87,698.89,0.904,830.67,841.96,0.988,312.75,885.42,0.919,662.84,983.91,1.0,481.93,986.55,1.0,696.44,1364.62,0.996,492.96,1373.62,0.993,748.69,1684.03,0.995,503.23,1702.47,0.994,724.52,1717.89,0.865,534.07,1727.68,0.885,804.07,1830.07,0.991,474.51,1848.29,0.991,frontal,523.340843801169,463.60198986713726,False,561.79116067486,891.2691382423825,634.2904386537358
261,8700,492.37,292.87,1.0,685.94,441.27,1.0,359.7,483.92,1.0,791.72,648.36,0.993,330.77,708.19,0.94,829.49,858.05,0.99,317.57,902.65,0.933,662.63,983.04,1.0,483.48,986.2,1.0,696.27,1365.54,0.996,494.33,1377.49,0.993,748.78,1684.11,0.995,503.53,1702.46,0.993,724.71,1718.46,0.842,534.85,1727.75,0.868,805.21,1830.22,0.99,474.51,1848.22,0.99,frontal,522.8236388213651,462.59351260326207,False,561.9533793469819,891.642394663671,634.8192652762614
262,8733,492.19,298.06,1.0,686.2,446.4,1.0,361.1,491.07,1.0,790.88,658.39,0.992,332.34,712.77,0.909,833.9,873.88,0.987,315.68,909.36,0.912,662.72,990.37,1.0,484.02,994.5,1.0,695.42,1368.82,0.996,492.88,1389.66,0.994,748.78,1684.33,0.995,503.9,1702.49,0.994,724.84,1719.2,0.833,535.7,1728.35,0.875,806.17,1830.76,0.99,474.5,1848.22,0.99,frontal,523.6510685819478,468.7334763820345,False,562.2054114404422,898.3777208571652,635.3033062289272
263,8766,491.3,300.74,1.0,687.34,457.69,1.0,362.29,499.01,1.0,788.87,671.26,0.994,332.59,726.66,0.924,833.78,886.89,0.989,313.94,924.56,0.923,662.87,995.01,1.0,485.2,999.49,1.0,697.62,1370.8,0.996,490.93,1394.43,0.994,748.88,1684.33,0.995,504.08,1702.48,0.994,725.03,1719.63,0.84,536.39,1728.45,0.883,807.31,1830.76,0.989,474.47,1848.17,0.991,frontal,524.8160791170816,478.3527412505432,False,562.8213137098537,904.8651615725288,635.7988267144119
264,8800,492.76,306.77,1.0,687.75,467.21,1.0,362.57,504.89,1.0,787.44,680.07,0.995,334.26,734.19,0.949,830.46,908.05,0.992,316.56,931.98,0.938,662.65,996.75,1.0,484.9,1000.95,1.0,701.68,1377.16,0.996,490.14,1395.16,0.993,748.93,1684.49,0.995,504.36,1702.52,0.994,725.09,1720.46,0.84,537.1,1729.03,0.879,808.23,1831.07,0.99,474.39,1848.3,0.991,frontal,525.1635271557774,486.051667801141,False,563.120465890788,909.1866144014917,636.2024347761247
265,8833,492.95,310.18,1.0,692.46,477.89,1.0,363.33,509.53,1.0,786.27,714.31,0.996,333.74,743.31,0.963,831.32,935.83,0.994,316.86,954.53,0.95,662.41,1005.53,1.0,483.93,1008.63,1.0,710.38,1382.11,0.996,487.67,1391.52,0.995,749.14,1684.49,0.996,504.47,1702.52,0.995,725.15,1720.67,0.867,537.42,1729.29,0.891,808.88,1831.59,0.991,474.41,1848.36,0.992,frontal,527.8973314519193,493.70648672699656,False,564.277994242898,916.3888929134971,636.464976342382
266,8866,493.34,318.2,1.0,696.22,503.14,1.0,362.96,531.61,1.0,785.41,748.43,0.997,332.35,771.97,0.981,827.17,956.01,0.996,314.95,987.74,0.962,664.41,1024.95,1.0,483.64,1032.0,1.0,718.29,1384.6,0.998,481.13,1392.85,0.998,749.44,1684.67,0.998,504.36,1702.64,0.997,725.24,1721.33,0.946,537.42,1729.65,0.928,809.56,1831.76,0.995,474.41,1848.74,0.994,frontal,529.5944533160324,517.3755356668903,False,565.2167573474613,934.8126432268042,636.657514087575
267,8900,494.61,339.0,1.0,696.83,531.17,1.0,363.28,557.99,1.0,785.7,776.88,0.997,330.72,802.99,0.985,816.62,986.26,0.995,311.61,1016.57,0.975,664.54,1050.9,1.0,482.68,1056.6,1.0,733.36,1405.0,0.997,468.52,1409.93,0.997,749.73,1685.51,0.996,504.41,1703.24,0.996,725.17,1722.4,0.925,537.74,1730.44,0.931,810.48,1832.2,0.992,474.4,1849.12,0.992,frontal,530.059687441128,544.5799545592961,False,565.3824255667346,958.5151202994796,636.9498769872249
268,8933,494.96,367.71,1.0,698.38,558.16,1.0,363.05,586.63,1.0,787.12,803.42,0.999,320.41,832.59,0.987,804.83,1029.05,0.998,308.39,1044.65,0.98,663.9,1066.69,1.0,480.07,1076.99,1.0,741.18,1408.28,0.998,454.69,1422.88,0.997,750.03,1686.19,0.996,504.49,1703.62,0.996,725.26,1722.95,0.922,537.96,1730.66,0.937,811.27,1832.71,0.993,474.4,1849.44,0.993,frontal,530.714598351021,572.397369875416,False,564.2372278925328,977.9122319634645,637.2231609778742
269,8966,496.23,407.61,1.0,696.97,593.14,1.0,363.04,619.52,1.0,800.81,833.98,0.999,314.1,853.43,0.993,775.93,1040.98,0.998,310.87,1051.69,0.986,663.35,1079.64,1.0,480.64,1088.55,1.0,745.24,1414.38,0.998,451.07,1437.69,0.998,750.25,1687.05,0.998,504.56,1704.32,0.997,725.26,1723.5,0.946,538.24,1731.2,0.944,811.45,1832.98,0.996,474.39,1849.75,0.995,frontal,530.0018871697059,606.3281230740595,False,564.2817105568953,997.4351233283203,637.3348877046486
270,9000,497.44,448.09,1.0,695.7,628.98,1.0,366.7,652.53,1.0,808.33,848.1,0.999,306.56,878.64,0.994,756.95,1025.43,0.998,316.04,1056.03,0.988,661.08,1086.73,1.0,479.72,1096.87,1.0,744.27,1404.27,0.998,443.82,1436.48,0.998,750.25,1687.82,0.997,504.72,1705.08,0.997,725.26,1723.95,0.925,538.39,1731.74,0.942,811.45,1833.3,0.995,474.4,1849.98,0.995,frontal,531.1988616877203,640.7516927840493,False,563.4387633415288,1012.4453490687736,637.3745373041628
271,9033,500.4,499.03,1.0,694.36,669.58,1.0,368.54,691.54,1.0,818.59,877.83,1.0,300.18,903.32,0.994,734.06,1023.59,0.998,318.52,1051.95,0.987,660.37,1106.34,1.0,480.02,1120.77,1.0,745.3,1408.95,0.998,436.8,1448.82,0.998,750.47,1688.3,0.997,504.72,1705.89,0.997,725.36,1724.07,0.911,538.64,1732.52,0.94,811.16,1833.56,0.994,474.38,1850.51,0.994,frontal,531.4498425976467,680.560514765471,False,563.1004633685641,1037.3083988809092,637.3853370167863
272,9066,504.18,549.26,1.0,694.95,708.41,1.0,371.59,736.55,1.0,818.62,912.38,0.999,300.35,949.71,0.994,712.49,1025.53,0.997,319.59,1051.86,0.986,658.72,1117.29,1.0,480.61,1134.05,1.0,746.71,1406.15,0.997,433.19,1435.11,0.997,750.64,1688.64,0.996,504.65,1706.35,0.997,725.44,1723.96,0.882,538.64,1733.05,0.93,810.97,1834.05,0.99,474.38,1851.0,0.993,frontal,533.2704381414437,722.480597386654,False,563.353110520723,1057.4380140524586,637.3572671738143
273,9100,507.24,600.15,1.0,695.06,755.71,1.0,374.83,782.38,1.0,816.86,974.45,0.999,295.26,1024.35,0.997,697.81,1031.95,0.995,344.17,1065.19,0.991,658.97,1143.92,1.0,480.42,1161.59,1.0,749.79,1405.65,0.998,431.27,1444.55,0.998,750.83,1688.98,0.996,504.64,1707.27,0.997,725.61,1723.96,0.901,538.64,1733.42,0.945,810.9,1834.66,0.991,474.35,1851.41,0.995,frontal,534.945792623484,769.0457817158145,False,563.8081391875487,1088.623007705692,637.3730862916416
274,9133,503.58,650.73,1.0,704.9,799.31,1.0,379.54,819.71,1.0,816.29,1035.94,0.997,292.25,1083.13,0.995,681.56,1039.72,0.982,357.01,1069.03,0.987,659.88,1150.19,1.0,480.39,1168.51,1.0,747.4,1397.0,0.997,431.36,1430.43,0.997,750.88,1689.44,0.996,504.66,1708.0,0.997,725.72,1723.96,0.916,538.78,1734.01,0.948,810.71,1835.19,0.99,474.35,1852.01,0.994,frontal,542.2181997137161,809.5087207711517,False,566.1481775757389,1106.9775753187105,637.3901546319801
275,9166,505.12,690.09,1.0,708.45,835.57,1.0,380.24,866.55,1.0,814.68,1080.68,0.997,291.22,1130.2,0.996,669.97,1043.8,0.986,368.26,1078.55,0.988,660.29,1164.77,1.0,480.04,1184.54,1.0,745.72,1390.73,0.997,424.17,1432.15,0.997,750.88,1689.88,0.996,504.65,1708.54,0.998,725.86,1723.87,0.918,538.78,1734.16,0.957,810.45,1835.44,0.99,474.35,1852.57,0.995,frontal,544.3446575243584,851.0555776473591,False,566.0877031159748,1129.4923605082759,637.3591624209512
276,9200,505.79,735.52,1.0,703.82,875.19,1.0,377.21,903.03,1.0,812.8,1128.68,0.997,287.13,1185.91,0.997,654.69,1052.03,0.991,387.35,1074.85,0.989,660.77,1183.53,1.0,477.74,1201.2,1.0,745.09,1383.79,0.997,422.72,1430.79,0.996,750.85,1690.26,0.995,504.64,1708.98,0.997,725.78,1723.81,0.917,538.69,1734.39,0.96,809.67,1835.54,0.987,474.35,1852.85,0.994,frontal,540.5144209794752,889.1081577006246,False,564.082108211112,1151.8020938145994,637.1245058435409
277,9233,506.15,776.56,1.0,703.03,907.28,1.0,375.92,943.52,1.0,812.11,1158.92,0.998,283.0,1220.13,0.998,629.53,1047.91,0.994,401.22,1083.65,0.989,662.53,1212.46,1.0,476.69,1229.78,1.0,746.56,1377.47,0.996,424.23,1414.33,0.994,750.85,1690.37,0.994,504.61,1709.34,0.997,726.0,1723.77,0.932,538.67,1734.39,0.973,809.0,1835.91,0.983,474.35,1853.29,0.992,frontal,539.4736121164848,925.4009584555815,False,563.9434844364812,1175.2113705794197,637.0043976756166
278,9266,508.93,817.39,1.0,701.16,935.33,1.0,377.86,962.93,1.0,802.98,1187.66,0.998,281.89,1242.87,0.999,620.44,1055.01,0.997,414.56,1084.2,0.993,663.18,1242.12,1.0,476.79,1258.26,1.0,748.0,1376.72,0.996,420.67,1415.99,0.995,750.85,1690.37,0.994,504.59,1709.88,0.998,726.0,1723.67,0.956,538.52,1734.8,0.985,808.42,1835.91,0.985,474.34,1853.6,0.995,frontal,539.5109944483438,949.1272987106667,False,563.592659458117,1195.941904223497,636.8209933345775
279,9300,509.27,851.01,1.0,695.69,961.44,1.0,378.96,994.89,1.0,800.54,1225.27,0.998,284.52,1266.92,0.997,617.71,1068.52,0.997,416.46,1102.85,0.991,665.63,1275.43,1.0,477.73,1292.89,1.0,750.84,1377.35,0.996,422.23,1415.19,0.993,750.87,1690.29,0.994,504.56,1710.12,0.997,726.09,1723.39,0.953,538.33,1734.8,0.981,807.74,1835.79,0.986,474.34,1853.91,0.994,frontal,537.3234411713033,978.1620513015649,False,563.8425968109245,1220.545621178421,636.624336715374
280,9333,511.02,878.46,1.0,697.66,991.96,1.0,384.29,1017.18,1.0,801.96,1254.95,0.998,285.86,1297.33,0.998,621.21,1093.06,0.998,407.65,1125.01,0.995,666.77,1301.75,1.0,480.98,1314.89,1.0,750.25,1371.02,0.995,424.18,1409.8,0.991,750.87,1690.18,0.992,504.48,1710.32,0.997,726.14,1722.86,0.961,537.87,1734.8,0.984,806.74,1835.67,0.983,474.36,1853.91,0.993,frontal,540.97946929221,1004.5700602977579,False,566.10538136342,1239.6045245861155,636.2760504633525
281,9366,513.81,910.36,1.0,702.14,1009.81,1.0,386.09,1041.88,1.0,794.57,1271.78,0.998,288.24,1316.13,0.999,624.71,1107.07,0.999,401.2,1153.37,0.998,665.13,1305.37,1.0,482.21,1320.54,1.0,752.66,1369.35,0.999,425.03,1410.39,0.997,750.87,1690.13,0.996,504.36,1710.1,0.999,726.11,1722.42,0.987,537.18,1734.65,0.995,805.59,1835.63,0.986,474.41,1853.77,0.995,frontal,544.1147344540257,1025.8441076512613,False,567.1886512222181,1249.6370505626196,635.8258279741742
282,9400,520.42,935.3,1.0,703.81,1024.5,1.0,389.02,1057.83,1.0,797.16,1278.9,0.999,298.08,1320.65,0.999,617.76,1115.54,0.999,411.67,1163.79,0.998,662.08,1312.22,1.0,482.69,1326.54,1.0,754.69,1372.59,0.998,425.86,1406.88,0.996,750.92,1690.13,0.992,504.25,1709.96,0.999,726.14,1722.15,0.982,536.11,1734.62,0.994,804.6,1835.49,0.979,474.55,1853.7,0.994,frontal,546.4147463318475,1041.163784433229,False,568.1176560210195,1257.6085950810718,635.3497052671954
283,9433,526.34,959.15,1.0,706.23,1044.04,1.0,387.44,1076.23,1.0,798.3,1294.53,0.999,299.68,1341.73,0.999,625.22,1142.29,0.999,415.79,1180.66,0.998,657.72,1324.13,1.0,482.44,1340.03,1.0,754.92,1374.14,0.999,425.34,1410.15,0.998,750.92,1690.12,0.996,504.08,1709.89,1.0,726.12,1721.49,0.991,535.12,1734.41,0.997,803.85,1835.16,0.987,474.72,1853.66,0.997,frontal,546.8337223921039,1060.1348736780042,False,567.4579637595042,1270.3985484583895,634.9531224396821
284,9466,532.81,976.46,1.0,707.65,1062.26,1.0,387.3,1090.49,1.0,804.05,1312.16,0.999,305.19,1356.19,0.999,629.84,1157.16,0.999,420.43,1192.21,0.999,655.59,1328.88,1.0,482.89,1347.97,1.0,754.56,1374.25,0.999,425.1,1410.64,0.999,750.95,1690.09,0.997,504.01,1709.88,1.0,726.3,1721.04,0.995,534.72,1734.31,0.999,803.85,1835.06,0.988,474.8,1853.64,0.997,frontal,547.4780802631954,1076.374495431438,False,567.6788450849322,1279.388822682632,634.918177568843
285,9500,539.39,989.22,1.0,708.07,1074.01,1.0,391.36,1097.23,1.0,811.23,1314.85,0.999,308.17,1346.6,1.0,633.52,1168.92,0.999,427.24,1202.74,0.999,654.16,1328.53,1.0,483.62,1346.04,1.0,755.95,1376.9,0.998,420.81,1411.68,0.998,750.99,1690.06,0.993,503.94,1709.88,1.0,726.42,1720.59,0.992,534.23,1734.27,0.998,803.85,1834.17,0.98,475.37,1852.98,0.997,frontal,549.7140414784476,1085.6213987555284,False,568.4054776458386,1282.1755507871044,634.9668466935298
286,9533,544.71,996.07,1.0,707.43,1075.92,1.0,389.43,1101.29,1.0,811.9,1324.23,0.999,306.42,1354.18,1.0,636.29,1180.52,0.999,427.79,1216.82,0.999,654.2,1338.97,1.0,483.93,1359.55,1.0,758.18,1378.66,0.999,415.82,1417.67,0.999,750.99,1690.06,0.996,503.88,1709.82,1.0,726.42,1720.34,0.995,533.8,1733.97,0.999,803.85,1833.3,0.987,475.69,1852.46,0.998,frontal,548.4342945207188,1088.6056833341577,False,567.7782107928015,1288.8480676965578,634.9398900940471
287,9566,544.49,997.68,1.0,707.26,1075.91,1.0,389.64,1097.12,1.0,809.87,1323.27,0.999,303.68,1349.05,1.0,640.24,1188.19,0.999,430.44,1222.99,0.999,652.82,1344.03,1.0,483.47,1362.73,1.0,758.62,1380.25,0.999,413.45,1420.31,0.999,750.99,1690.03,0.996,503.77,1709.74,1.0,726.48,1720.01,0.995,533.18,1733.63,0.999,803.85,1832.56,0.987,476.82,1851.91,0.998,frontal,548.4487240824791,1086.5146043850846,False,567.1262849600488,1289.821451721727,635.0814480222905
288,9600,545.61,998.0,1.0,706.34,1076.91,1.0,389.56,1101.35,1.0,815.87,1319.06,0.999,303.54,1348.2,1.0,646.35,1194.61,0.999,429.06,1219.54,0.999,652.87,1340.4,1.0,484.48,1355.36,1.0,759.55,1383.81,0.998,417.03,1423.5,0.998,751.03,1690.04,0.994,503.71,1709.7,1.0,726.65,1720.01,0.992,532.54,1733.52,0.998,803.96,1831.7,0.979,477.62,1851.3,0.996,frontal,547.9522182975933,1089.1311997071416,False,567.7056923016468,1289.0217472937857,635.1920943300527
289,9633,546.27,993.25,1.0,706.2,1065.8,1.0,387.02,1087.53,1.0,812.66,1312.54,0.999,296.54,1344.01,1.0,643.44,1190.0,0.999,426.5,1218.38,0.999,652.63,1334.61,1.0,483.97,1350.15,1.0,760.0,1383.36,0.999,419.47,1420.63,0.999,751.06,1690.04,0.996,503.62,1709.7,1.0,726.87,1719.81,0.994,532.1,1733.52,0.999,803.92,1831.61,0.985,477.49,1851.3,0.997,frontal,546.6072860329788,1076.6631809603437,False,567.0049918617749,1282.1068388929348,635.0920512747807
290,9666,543.72,983.41,1.0,706.58,1051.11,1.0,386.18,1071.25,1.0,815.35,1313.94,0.999,286.54,1335.2,1.0,645.9,1188.54,0.999,429.36,1211.83,0.999,650.49,1330.86,1.0,480.17,1348.1,1.0,758.41,1380.02,0.999,421.95,1420.01,0.999,751.04,1690.04,0.997,503.44,1709.7,1.0,726.87,1719.76,0.992,531.36,1733.52,0.998,803.61,1831.41,0.987,477.6,1851.3,0.997,frontal,546.3839495751715,1061.1799710033445,False,565.6438853821236,1275.1967629012963,634.8599715692382
291,9700,541.39,975.18,1.0,707.04,1034.81,1.0,384.72,1042.97,1.0,816.25,1300.47,0.999,278.97,1318.1,0.999,647.95,1177.02,0.997,425.4,1205.52,0.998,651.83,1325.62,1.0,477.97,1344.03,1.0,757.37,1377.5,0.998,426.18,1420.16,0.997,751.04,1689.98,0.996,503.44,1709.72,0.999,726.8,1719.52,0.987,530.99,1733.59,0.994,803.29,1831.18,0.985,477.5,1851.46,0.994,frontal,545.8790248469384,1038.8902034816251,False,565.3492711896652,1264.6882272837615,634.6449703346873
292,9733,539.5,941.02,1.0,706.46,1004.09,1.0,383.58,1016.56,1.0,816.41,1252.45,0.999,272.66,1276.5,1.0,650.07,1172.37,0.998,414.62,1197.92,0.998,653.55,1297.35,1.0,477.9,1318.69,1.0,755.02,1374.32,0.999,431.25,1419.81,0.997,751.03,1689.98,0.996,503.3,1709.73,0.999,726.79,1719.42,0.988,530.47,1733.61,0.995,802.72,1831.29,0.986,477.5,1851.52,0.995,frontal,545.0243427569991,1010.3276252262112,False,565.3827141749292,1241.730164917228,634.36744446377
293,9766,538.93,894.41,1.0,707.24,970.18,1.0,381.96,973.41,1.0,830.76,1222.76,0.998,277.47,1243.04,0.999,658.84,1159.83,0.995,411.55,1174.45,0.997,657.11,1273.26,1.0,476.01,1292.31,1.0,751.22,1374.47,0.998,437.66,1415.6,0.998,751.02,1689.99,0.997,503.23,1709.77,0.999,726.76,1719.42,0.975,530.16,1733.62,0.991,802.16,1831.49,0.988,477.5,1851.64,0.996,frontal,544.5952660193391,971.7963192719578,False,566.3789886517155,1216.7911787024316,634.1436944195445
294,9800,531.2,858.22,1.0,707.32,931.07,1.0,380.47,946.89,1.0,828.76,1174.33,0.999,280.88,1199.25,0.999,663.03,1156.09,0.997,402.32,1169.37,0.997,661.76,1238.63,1.0,475.64,1258.62,1.0,747.83,1368.82,0.999,440.12,1397.03,0.998,751.02,1690.01,0.998,503.23,1709.79,0.999,726.73,1719.42,0.978,529.93,1733.62,0.99,801.61,1831.53,0.991,477.44,1851.89,0.996,frontal,543.8940441667326,938.9799182968877,False,566.9135343221681,1187.8890467183153,633.9261208152451
295,9833,521.78,812.92,1.0,710.64,886.97,1.0,376.14,904.49,1.0,832.44,1143.13,0.999,279.53,1153.27,0.998,663.36,1157.48,0.995,394.94,1173.06,0.989,669.52,1219.33,1.0,476.54,1237.39,1.0,743.06,1363.15,0.997,444.91,1377.05,0.997,751.02,1690.07,0.996,503.23,1709.85,0.997,726.7,1719.34,0.942,530.1,1733.63,0.967,800.98,1831.58,0.989,477.48,1852.15,0.994,frontal,543.3901027302502,895.728856262366,False,568.4428320197958,1161.0314363493205,633.8160419771843
296,9866,510.9,763.01,1.0,716.02,840.14,1.0,374.73,863.51,1.0,831.91,1090.95,0.999,281.38,1092.04,0.997,685.69,1157.66,0.993,379.97,1173.66,0.983,665.86,1180.02,1.0,476.6,1193.97,1.0,744.27,1364.39,0.997,446.09,1386.58,0.997,751.0,1690.33,0.996,503.23,1709.93,0.996,726.63,1719.43,0.926,530.23,1733.64,0.935,800.76,1831.7,0.988,477.46,1852.47,0.991,frontal,545.374147928464,851.8251353013918,False,568.6753255661098,1127.7760521509083,633.7693897387655
297,9900,490.68,708.26,1.0,712.81,812.33,1.0,375.22,816.71,1.0,827.82,1036.84,0.999,289.9,1040.85,0.997,701.16,1147.56,0.993,366.87,1168.29,0.983,664.85,1151.5,1.0,477.07,1158.25,1.0,746.72,1388.24,0.997,448.24,1392.35,0.997,751.01,1690.63,0.997,503.23,1710.1,0.997,726.63,1719.53,0.944,530.33,1733.75,0.943,800.55,1831.85,0.992,477.46,1852.75,0.993,frontal,544.016204038129,814.5172402652356,False,568.6254521045659,1102.00765825918,633.7436726486803
298,9933,487.8,640.34,1.0,699.29,754.29,1.0,369.94,770.65,1.0,819.78,958.42,0.999,297.01,996.84,0.997,716.24,1128.98,0.996,353.85,1160.11,0.989,663.62,1125.57,1.0,477.42,1131.64,1.0,747.06,1399.54,0.998,452.54,1408.17,0.998,751.02,1690.7,0.998,503.2,1710.1,0.997,726.63,1719.62,0.941,530.34,1733.75,0.945,800.73,1832.15,0.995,477.45,1853.05,0.995,frontal,534.6170022510737,762.4681881566837,False,565.6063385542976,1072.6527662531146,633.7883836942466
299,9966,492.43,586.86,1.0,694.88,705.42,1.0,366.06,725.13,1.0,816.74,919.85,0.999,307.71,960.19,0.995,729.14,1113.84,0.996,343.1,1152.39,0.977,662.23,1102.17,1.0,478.88,1111.28,1.0,745.17,1394.01,0.996,458.35,1405.24,0.996,751.03,1690.75,0.995,503.2,1710.18,0.996,726.63,1719.7,0.885,530.36,1733.86,0.904,800.8,1832.33,0.991,477.43,1853.33,0.993,frontal,530.4703858069057,715.2724744087121,False,564.7704618774698,1045.282779022282,633.8044928892754
300,10000,494.43,535.58,1.0,694.36,656.21,1.0,364.23,684.22,1.0,806.99,879.97,0.999,316.52,923.64,0.996,743.44,1083.9,0.997,341.44,1136.66,0.982,659.59,1080.29,1.0,480.4,1088.3,1.0,738.35,1390.48,0.996,461.12,1390.96,0.996,751.03,1690.93,0.996,503.19,1710.37,0.996,726.59,1719.95,0.917,530.44,1734.12,0.908,800.8,1832.58,0.993,477.43,1853.81,0.993,frontal,529.292924075333,670.2165274146644,False,563.8053252520206,1017.6544044521877,633.8133191162459
301,10033,491.95,479.72,1.0,698.28,610.28,1.0,358.97,646.86,1.0,797.12,854.26,0.999,322.37,899.51,0.994,760.89,1067.92,0.997,333.71,1126.19,0.983,660.03,1066.78,1.0,480.12,1075.81,1.0,731.16,1385.93,0.998,462.68,1388.51,0.998,751.03,1691.18,0.998,503.19,1710.44,0.997,726.59,1720.39,0.938,530.55,1734.4,0.934,800.85,1832.95,0.996,477.25,1854.24,0.995,frontal,528.6271731374255,628.5708887487517,False,563.0285817820343,996.4519665213691,633.8112387080992
302,10066,491.96,431.72,1.0,697.68,569.51,1.0,362.6,596.54,1.0,776.13,814.42,0.999,331.53,852.21,0.994,770.74,1036.06,0.998,327.71,1082.25,0.987,659.07,1046.3,1.0,479.49,1052.16,1.0,726.14,1385.96,0.998,468.7,1388.74,0.997,751.03,1691.41,0.998,503.2,1710.49,0.996,726.47,1720.91,0.942,530.75,1734.61,0.93,800.86,1833.51,0.996,477.04,1854.48,0.994,frontal,530.1404150510649,583.0226359664291,False,562.9405115249755,969.887292232313,633.7798540376019
303,10100,490.43,388.42,1.0,696.05,533.03,1.0,361.29,568.64,1.0,772.42,787.59,0.998,334.43,821.77,0.99,781.27,1024.08,0.996,326.84,1054.28,0.981,660.06,1023.66,1.0,479.96,1029.6,1.0,718.73,1386.88,0.997,477.12,1384.06,0.996,751.03,1691.68,0.997,503.23,1710.75,0.995,726.39,1721.56,0.907,531.07,1735.13,0.907,800.95,1834.09,0.994,476.75,1855.06,0.992,frontal,528.6719401755051,550.8349210483284,False,562.7702573910052,948.3230112571625,633.7882672757316
304,10133,488.5,356.57,1.0,691.1,498.92,1.0,358.15,538.03,1.0,773.68,735.62,0.996,332.95,798.01,0.985,777.35,946.05,0.993,326.35,1020.04,0.975,660.31,1008.15,1.0,479.57,1015.06,1.0,705.47,1382.81,0.997,481.96,1386.18,0.995,751.07,1691.76,0.996,503.23,1710.8,0.994,726.43,1721.97,0.883,531.32,1735.36,0.894,801.06,1834.48,0.992,476.52,1855.14,0.991,frontal,524.626603369246,518.4745937147608,False,560.6892922560982,929.0702269254082,633.8309683305342
305,10166,484.23,337.58,1.0,687.94,483.35,1.0,353.71,522.44,1.0,778.03,716.13,0.996,328.66,774.94,0.97,792.9,921.35,0.992,319.51,1001.13,0.965,661.27,1006.71,1.0,479.33,1011.84,1.0,692.53,1376.85,0.997,482.82,1385.55,0.996,751.07,1691.71,0.996,503.23,1710.73,0.995,726.45,1722.37,0.868,531.42,1735.36,0.914,801.06,1834.68,0.993,476.32,1855.14,0.993,frontal,520.824659255386,502.8951664076767,False,558.5677957907327,920.988674709056,633.8104621888647
306,10200,482.2,320.43,1.0,684.13,468.48,1.0,355.08,507.45,1.0,778.41,691.96,0.996,328.81,754.06,0.958,808.64,892.1,0.992,317.31,971.0,0.96,661.0,992.83,1.0,479.24,998.9,1.0,687.92,1371.1,0.997,484.39,1384.26,0.996,751.06,1691.76,0.997,503.25,1710.69,0.996,726.45,1722.83,0.832,531.64,1735.54,0.904,801.19,1835.19,0.992,476.27,1855.4,0.993,frontal,519.6068044610607,487.969134162533,False,557.8615262639335,908.8547596393653,633.8883389825403
307,10233,482.89,313.43,1.0,680.56,455.13,1.0,355.64,495.29,1.0,779.75,674.0,0.991,332.05,732.19,0.954,807.19,873.66,0.983,323.69,942.05,0.938,661.27,983.91,1.0,479.85,987.01,1.0,686.38,1367.83,0.995,488.76,1380.97,0.993,751.03,1691.73,0.994,503.26,1710.67,0.992,726.45,1723.26,0.807,531.93,1735.7,0.857,801.51,1835.58,0.988,476.09,1855.31,0.989,frontal,518.096261924564,475.2102142199299,False,557.8868975909589,898.7961029479483,633.9951325609761
308,10266,481.51,298.8,1.0,682.6,445.73,1.0,356.57,488.72,1.0,775.66,667.46,0.991,334.88,723.88,0.939,809.18,874.24,0.985,326.86,931.75,0.925,663.42,981.59,1.0,482.67,982.97,1.0,688.17,1367.35,0.995,491.85,1373.37,0.991,751.03,1691.8,0.994,503.3,1710.61,0.992,726.47,1723.92,0.802,532.43,1735.87,0.86,801.83,1835.7,0.988,475.85,1855.24,0.988,frontal,519.5876814927365,467.22505005083684,False,559.675406502613,893.7617870324597,634.1455214951118
309,10300,482.53,298.49,1.0,681.16,443.48,1.0,357.84,487.8,1.0,771.53,658.55,0.984,338.01,716.86,0.938,798.79,860.59,0.978,327.45,916.37,0.921,664.3,973.63,1.0,484.49,975.84,1.0,689.42,1361.8,0.994,498.32,1370.81,0.99,751.02,1691.92,0.994,503.34,1710.57,0.991,726.5,1724.71,0.812,532.61,1736.22,0.828,802.42,1835.7,0.989,475.9,1855.2,0.988,frontal,519.4989879131947,465.6373511821527,False,560.7373668072225,889.2269158435249,634.3591187767224
310,10333,481.04,293.87,1.0,679.17,443.25,1.0,359.68,484.91,1.0,768.71,666.2,0.979,338.05,707.95,0.914,799.59,864.19,0.973,326.49,909.11,0.914,663.37,972.87,1.0,483.05,976.53,1.0,688.98,1364.64,0.994,499.27,1374.83,0.992,751.0,1692.25,0.993,503.36,1710.57,0.992,726.58,1725.55,0.783,532.69,1736.77,0.815,802.83,1836.18,0.987,475.9,1855.27,0.987,frontal,519.4244653046653,464.0794807153035,False,560.2181952253164,889.2018138233759,634.5024286724481
311,10366,482.58,298.36,1.0,678.93,444.69,1.0,359.32,486.25,1.0,770.25,656.57,0.982,338.86,709.97,0.929,797.95,850.95,0.979,327.37,909.96,0.924,662.35,970.59,1.0,482.47,975.35,1.0,688.54,1364.53,0.994,502.26,1376.72,0.991,750.92,1692.72,0.992,503.45,1710.59,0.991,726.58,1726.6,0.792,532.83,1737.48,0.806,803.64,1836.7,0.987,475.97,1855.36,0.987,frontal,519.1251189053073,465.4719472236737,False,560.0960660615921,888.9355733292714,634.7551919786112
312,10400,483.35,301.0,1.0,678.79,444.55,1.0,359.31,486.16,1.0,771.52,656.61,0.983,339.06,710.2,0.928,798.07,852.47,0.981,327.42,911.5,0.925,661.0,969.37,1.0,481.66,974.2,1.0,688.65,1364.49,0.993,503.04,1377.46,0.991,750.82,1693.28,0.992,503.55,1710.6,0.991,726.58,1727.66,0.783,532.95,1738.22,0.802,804.56,1837.19,0.985,475.99,1855.45,0.986,frontal,519.0514691061273,465.3546380674179,False,559.7864287243652,888.5334483645632,635.0219645955433
313,10433,483.75,300.81,1.0,679.21,452.02,1.0,360.41,489.78,1.0,769.58,675.91,0.988,339.88,719.59,0.945,808.32,872.94,0.98,327.89,920.92,0.931,656.01,969.92,1.0,479.95,974.25,1.0,687.34,1365.14,0.994,498.12,1376.84,0.991,750.68,1693.28,0.993,503.51,1710.49,0.991,726.57,1728.04,0.802,532.83,1738.22,0.829,805.2,1837.19,0.987,475.92,1855.39,0.987,frontal,519.8115341273216,470.9001049737222,False,558.246771544718,891.462090211194,635.1294958770792
314,10466,485.32,301.71,1.0,679.46,455.92,1.0,360.58,492.12,1.0,767.6,679.54,0.988,338.4,726.54,0.949,809.09,877.12,0.982,327.78,925.56,0.936,650.69,973.9,1.0,474.95,977.85,1.0,686.84,1366.19,0.994,496.5,1377.42,0.99,750.53,1693.28,0.993,503.51,1710.4,0.991,726.57,1728.3,0.793,532.79,1738.37,0.832,806.26,1837.69,0.986,475.78,1855.37,0.987,frontal,520.0215030917611,474.0208588659118,False,556.0982975508289,894.4173484872362,635.3488719657388
315,10500,486.83,300.95,1.0,678.71,458.85,1.0,360.07,495.67,1.0,767.58,677.2,0.991,340.16,732.68,0.947,807.64,880.62,0.987,327.05,933.99,0.94,650.16,977.18,1.0,474.13,981.38,1.0,687.63,1366.85,0.994,491.71,1377.94,0.989,750.38,1693.28,0.993,503.51,1710.31,0.991,726.56,1728.76,0.808,532.79,1738.37,0.845,806.91,1837.95,0.987,475.61,1855.39,0.987,frontal,519.3915550035404,477.26155975270274,False,555.363120950395,897.010999308988,635.4640683629169
316,10533,486.26,301.33,1.0,679.28,461.87,1.0,359.91,497.86,1.0,766.41,685.03,0.994,338.85,738.59,0.959,810.3,899.75,0.992,325.83,955.66,0.96,647.45,979.33,1.0,472.54,984.01,1.0,685.55,1367.85,0.994,488.8,1377.72,0.991,750.22,1693.17,0.994,503.57,1710.25,0.992,726.56,1728.76,0.823,532.9,1738.46,0.873,807.06,1838.24,0.988,475.48,1855.4,0.989,frontal,519.5973617559022,479.86715427495415,False,554.1444490762324,899.2974111729435,635.4978905919792
317,10566,485.88,303.0,1.0,680.0,466.15,1.0,357.75,502.61,1.0,767.97,712.24,0.994,338.07,749.49,0.952,815.19,924.46,0.991,321.93,975.05,0.952,646.21,998.07,1.0,469.51,1002.58,1.0,686.82,1373.55,0.996,484.06,1386.18,0.994,750.15,1693.15,0.995,503.62,1710.3,0.994,726.56,1729.05,0.845,533.06,1738.92,0.895,807.28,1838.51,0.991,475.2,1855.51,0.992,frontal,518.8763576044594,484.3793127375726,False,552.8442165566355,910.1988974615991,635.5238472507885
318,10600,485.18,305.07,1.0,683.81,488.72,1.0,356.62,514.33,1.0,768.86,733.25,0.994,330.06,766.34,0.97,811.86,927.79,0.993,316.25,994.3,0.958,646.54,1021.13,1.0,464.32,1027.97,1.0,694.29,1382.02,0.996,473.8,1389.81,0.996,750.15,1693.14,0.996,503.59,1710.21,0.995,726.56,1729.05,0.917,533.18,1738.83,0.918,807.78,1838.51,0.991,474.85,1855.62,0.991,frontal,520.2133636018866,501.52343633817276,False,551.9331877922966,927.3077976264839,635.5916862008346
319,10633,486.8,313.08,1.0,686.55,505.19,1.0,357.0,532.26,1.0,770.56,747.79,0.995,322.59,781.39,0.983,804.9,956.46,0.992,311.82,1000.61,0.968,648.89,1040.61,1.0,465.62,1047.84,1.0,705.44,1391.33,0.996,467.66,1398.58,0.996,750.18,1693.13,0.995,503.52,1710.23,0.994,726.53,1729.05,0.902,533.18,1738.83,0.909,808.21,1838.64,0.988,474.56,1855.77,0.989,frontal,521.7759864817167,518.72656173667,False,553.3609570681923,942.9427901313863,635.6171335493244
320,10666,487.57,331.28,1.0,688.9,534.95,1.0,357.67,557.43,1.0,771.15,769.18,0.996,315.63,796.86,0.992,791.87,973.27,0.994,311.41,1007.18,0.982,649.9,1051.65,1.0,467.22,1059.49,1.0,716.15,1396.44,0.998,453.26,1409.81,0.998,750.18,1693.21,0.997,503.5,1710.3,0.997,726.47,1729.46,0.942,533.26,1739.08,0.946,808.38,1838.9,0.994,474.21,1856.1,0.993,frontal,523.2882549070298,546.1917873939776,False,553.8611045104955,959.0458611792641,635.5813393939497
321,10700,491.35,367.23,1.0,688.98,561.66,1.0,358.09,588.14,1.0,778.85,788.0,0.999,304.64,825.39,0.995,779.75,988.9,0.997,312.98,1013.05,0.989,649.86,1075.61,1.0,466.74,1083.61,1.0,728.04,1405.91,0.998,443.04,1425.87,0.998,750.19,1693.39,0.997,503.5,1710.56,0.997,726.47,1729.68,0.942,533.36,1739.37,0.951,808.45,1839.26,0.994,473.69,1856.51,0.994,frontal,523.5350429415885,574.8977992344992,False,553.8749181932823,981.4155386773225,635.4924622141355
322,10733,494.51,406.1,1.0,689.18,591.48,1.0,361.46,610.1,1.0,797.33,823.83,0.999,292.66,844.34,0.996,766.08,1001.21,0.998,315.16,1013.79,0.991,649.57,1085.91,1.0,466.42,1092.25,1.0,734.36,1410.74,0.998,437.21,1423.13,0.998,750.21,1693.53,0.997,503.23,1710.7,0.997,726.44,1729.74,0.925,533.36,1739.46,0.94,808.45,1839.26,0.994,473.12,1856.78,0.994,frontal,525.3197883629473,600.7867622425479,False,554.6097878447192,995.7256281376193,635.3409091450438
323,10766,496.13,450.18,1.0,689.03,630.23,1.0,364.29,648.32,1.0,805.32,855.85,0.999,291.8,874.42,0.991,753.23,1001.19,0.996,315.85,1014.7,0.983,648.16,1097.72,1.0,466.56,1108.62,1.0,739.32,1405.29,0.998,434.68,1436.83,0.998,750.19,1693.68,0.997,503.23,1710.91,0.997,726.36,1729.74,0.914,533.47,1739.5,0.94,808.38,1839.32,0.993,473.12,1856.92,0.994,frontal,526.662904737462,639.2763084100284,False,555.2554877728385,1016.7829727864998,635.331945324477
324,10800,499.14,496.29,1.0,689.01,668.71,1.0,365.7,693.22,1.0,818.96,880.78,0.999,286.56,919.03,0.994,739.74,997.58,0.997,318.5,1013.62,0.988,648.04,1110.61,1.0,467.27,1123.28,1.0,744.32,1411.66,0.997,430.06,1441.5,0.998,750.16,1694.13,0.996,503.26,1711.24,0.997,726.18,1729.98,0.917,533.6,1739.63,0.935,808.34,1839.45,0.992,473.17,1857.14,0.994,frontal,527.3544552621881,680.9659843775611,False,555.9041099587233,1039.2905954861783,635.3218841744495
325,10833,503.88,538.73,1.0,689.4,709.7,1.0,368.53,729.65,1.0,812.99,918.44,0.999,282.44,967.47,0.997,713.16,999.24,0.995,325.0,1017.91,0.99,648.41,1124.09,1.0,467.52,1139.3,1.0,744.61,1407.71,0.997,430.3,1432.05,0.998,750.16,1694.45,0.997,503.15,1711.61,0.997,726.08,1730.17,0.916,533.6,1739.88,0.941,808.29,1839.72,0.993,473.17,1857.49,0.995,frontal,528.9651101235568,719.6755281305732,False,556.2782026015756,1059.7282653720276,635.2867680979516
326,10866,507.44,585.32,1.0,691.68,749.2,1.0,370.76,774.63,1.0,812.5,967.7,0.998,286.41,1039.47,0.997,692.83,1003.14,0.994,356.97,1026.67,0.994,648.63,1142.48,1.0,466.02,1157.32,1.0,742.39,1413.14,0.998,432.1,1440.56,0.998,750.16,1694.87,0.996,503.19,1712.44,0.997,726.13,1730.29,0.912,533.82,1740.39,0.945,808.27,1840.05,0.992,473.12,1858.36,0.995,frontal,531.2192351584608,761.9155537657123,False,556.8856658747661,1086.0121677675509,635.3362949130916
327,10900,508.05,631.58,1.0,697.28,794.63,1.0,370.61,815.43,1.0,814.19,1021.19,0.997,287.79,1086.31,0.998,677.58,1004.08,0.987,370.32,1034.46,0.993,648.87,1147.99,1.0,465.16,1162.82,1.0,743.87,1410.97,0.998,433.44,1438.05,0.998,750.14,1695.21,0.997,503.19,1712.9,0.998,726.13,1730.29,0.934,533.78,1740.55,0.955,808.24,1840.6,0.993,473.12,1858.98,0.996,frontal,533.9466036917178,805.0290073565747,False,558.022350761953,1105.645421472115,635.3190025599815
328,10933,510.97,678.31,1.0,709.37,832.08,1.0,376.75,852.79,1.0,819.08,1074.26,0.997,288.75,1115.32,0.997,674.3,1013.12,0.987,391.62,1039.53,0.99,649.9,1166.72,1.0,466.01,1177.2,1.0,742.48,1403.82,0.997,434.49,1433.58,0.996,750.09,1695.83,0.995,503.2,1713.65,0.996,726.06,1730.38,0.917,533.82,1740.95,0.943,808.01,1840.66,0.989,473.12,1859.59,0.993,frontal,543.0623474102833,842.4366593351194,False,561.6349642494536,1126.3519405271086,635.2518952069942
329,10966,514.86,729.66,1.0,715.37,859.47,1.0,380.62,892.5,1.0,817.72,1125.96,0.997,287.8,1166.11,0.998,653.72,1015.07,0.991,415.9,1039.07,0.989,652.01,1186.91,1.0,467.65,1193.89,1.0,741.4,1396.22,0.996,432.38,1431.62,0.996,750.07,1696.04,0.995,503.14,1714.25,0.997,726.0,1730.31,0.918,533.76,1741.32,0.954,807.66,1840.66,0.987,473.08,1860.04,0.993,frontal,547.997167747782,875.983426506626,False,563.6815425793104,1147.2631976591833,635.1241890541148
330,11000,517.55,779.35,1.0,714.2,897.32,1.0,387.26,927.95,1.0,815.75,1155.23,0.998,288.43,1201.06,0.997,646.36,1031.3,0.995,427.81,1051.59,0.988,658.47,1219.66,1.0,471.65,1230.99,1.0,743.49,1395.9,0.997,431.17,1436.21,0.994,750.07,1696.16,0.996,503.14,1714.99,0.997,726.03,1730.27,0.927,533.76,1742.01,0.961,806.88,1840.66,0.989,472.88,1860.54,0.994,frontal,550.7290718963184,912.6315027560754,False,566.5997919392021,1175.2754172580908,634.888237692918
331,11033,516.2,809.8,1.0,711.56,924.42,1.0,390.35,953.52,1.0,814.15,1188.5,0.997,289.3,1232.87,0.996,637.66,1037.98,0.992,434.4,1068.92,0.986,660.23,1243.93,1.0,470.67,1257.96,1.0,744.93,1387.94,0.995,431.81,1431.5,0.991,750.07,1696.33,0.994,503.05,1715.8,0.995,726.05,1730.26,0.937,533.72,1742.35,0.96,806.37,1840.85,0.985,472.92,1861.07,0.991,frontal,550.9508534634546,938.9731276866354,False,566.9629086883971,1194.967168078749,634.7639389711688
332,11066,521.45,846.55,1.0,710.51,958.44,1.0,392.07,976.76,1.0,810.23,1217.57,0.996,290.66,1256.47,0.998,635.63,1060.8,0.994,427.2,1087.72,0.993,663.01,1265.15,1.0,475.5,1278.61,1.0,745.03,1379.26,0.994,431.45,1423.72,0.991,750.07,1696.33,0.991,502.99,1716.21,0.997,726.06,1730.21,0.941,533.63,1742.68,0.978,805.41,1840.81,0.98,472.92,1861.19,0.992,frontal,551.2893795016752,967.5964691400188,False,568.3986894268452,1212.9579735782381,634.5032954017026
333,11100,525.45,876.75,1.0,710.49,985.02,1.0,391.28,1003.11,1.0,807.98,1245.58,0.996,294.81,1284.28,0.997,633.08,1076.31,0.995,428.37,1108.91,0.991,663.78,1291.61,1.0,477.92,1308.48,1.0,746.42,1382.46,0.99,431.85,1426.8,0.981,750.05,1696.39,0.988,502.9,1716.6,0.995,726.02,1730.16,0.935,533.4,1742.68,0.965,804.71,1840.73,0.978,472.92,1861.34,0.989,frontal,550.8810453020213,994.0664026790782,False,569.0587834562627,1234.8501721603152,634.2605521930233
334,11133,527.14,902.24,1.0,711.39,1000.81,1.0,391.62,1030.02,1.0,804.92,1272.95,0.998,303.41,1301.21,0.999,634.32,1094.4,0.997,429.65,1133.38,0.997,663.03,1298.76,1.0,481.35,1318.41,1.0,751.47,1382.56,0.998,429.46,1424.9,0.995,750.03,1696.45,0.994,502.72,1716.77,0.999,725.97,1730.03,0.983,533.01,1742.68,0.992,803.94,1840.71,0.985,472.94,1861.45,0.995,frontal,551.5059513779042,1015.4137279942527,False,570.1597199502961,1246.6140162701683,633.9640284255944
335,11166,531.91,927.06,1.0,714.12,1019.93,1.0,391.28,1049.39,1.0,806.22,1284.75,0.998,308.3,1323.77,0.999,636.01,1116.1,0.998,434.42,1151.81,0.997,663.72,1312.46,1.0,481.22,1331.55,1.0,754.78,1383.36,0.996,426.16,1425.07,0.994,750.03,1696.45,0.993,502.55,1716.85,0.998,725.91,1729.88,0.976,532.54,1742.58,0.99,803.37,1840.7,0.984,472.97,1861.6,0.994,frontal,552.6987286626663,1034.6626021223822,False,570.8688634588311,1259.3872112590568,633.6983354785438
336,11200,537.67,942.71,1.0,715.26,1029.91,1.0,392.4,1062.33,1.0,806.25,1293.58,0.998,313.15,1334.28,0.999,635.3,1127.54,0.998,439.89,1159.07,0.998,662.14,1318.56,1.0,481.59,1337.23,1.0,753.71,1381.54,0.998,426.31,1423.39,0.996,750.03,1696.45,0.995,502.37,1716.73,0.999,725.91,1729.68,0.987,532.11,1742.49,0.995,802.31,1840.51,0.987,473.01,1861.43,0.996,frontal,553.8278398033876,1046.120546659115,False,571.1065694505794,1265.8373801123694,633.3337788969144
337,11233,543.06,956.55,1.0,713.49,1037.93,1.0,393.44,1072.9,1.0,810.92,1300.29,0.999,312.05,1337.63,0.999,639.86,1146.54,0.999,445.4,1175.05,0.998,661.46,1324.38,1.0,483.49,1338.65,1.0,754.14,1381.82,0.998,422.72,1422.71,0.998,750.03,1696.4,0.994,502.27,1716.73,0.999,725.91,1729.49,0.986,531.67,1742.47,0.997,801.14,1840.45,0.985,473.02,1861.35,0.997,frontal,553.4678544241024,1055.410657429219,False,571.0708181946397,1270.6475823875396,632.9337345335556
338,11266,546.48,965.83,1.0,715.12,1045.57,1.0,394.58,1076.22,1.0,819.56,1313.01,0.998,314.46,1344.12,0.999,642.73,1164.28,0.997,446.03,1184.05,0.998,661.79,1326.51,1.0,484.98,1341.84,1.0,754.34,1382.3,0.999,421.18,1420.98,0.998,750.04,1696.38,0.996,502.1,1716.65,1.0,725.91,1729.2,0.992,531.23,1742.47,0.998,800.15,1840.2,0.989,473.05,1861.32,0.998,frontal,554.8480631732441,1060.8949244909468,False,572.1299196797712,1274.0293714050433,632.581819747646
339,11300,547.11,969.14,1.0,714.35,1047.28,1.0,392.99,1075.76,1.0,820.12,1313.79,0.999,314.89,1343.66,0.999,641.58,1167.29,0.998,444.3,1189.16,0.999,661.35,1327.59,1.0,484.16,1343.52,1.0,754.73,1382.89,0.998,417.96,1421.74,0.998,750.04,1696.42,0.995,501.91,1716.65,1.0,725.92,1729.07,0.991,530.65,1742.43,0.998,800.15,1840.27,0.987,473.52,1861.15,0.998,frontal,553.6669270939315,1061.518833141722,False,571.2907092097053,1274.8784409154043,632.558004538331
340,11333,547.28,966.64,1.0,712.56,1044.34,1.0,392.28,1070.36,1.0,820.08,1307.91,0.999,311.83,1347.41,1.0,644.37,1165.6,0.999,438.9,1201.09,0.999,659.77,1327.9,1.0,482.87,1340.56,1.0,753.65,1384.85,0.997,413.78,1419.39,0.997,750.03,1696.41,0.992,501.62,1716.63,0.999,725.89,1728.79,0.982,529.57,1742.4,0.995,799.66,1839.96,0.98,473.68,1861.01,0.995,frontal,552.4182645414016,1057.349057960695,False,569.797636768988,1272.8620092513336,632.2003164128657
341,11366,546.45,959.67,1.0,712.87,1039.52,1.0,391.95,1062.73,1.0,818.13,1300.65,0.999,310.26,1333.04,0.999,647.05,1164.25,0.999,437.84,1199.84,0.999,658.43,1325.0,1.0,482.99,1340.65,1.0,753.56,1384.99,0.999,415.02,1419.84,0.998,750.0,1696.41,0.996,501.28,1716.61,1.0,725.87,1728.6,0.992,529.11,1742.36,0.998,799.56,1839.73,0.986,473.75,1860.84,0.997,frontal,552.4105059276587,1051.1277183936868,False,569.5321915446156,1269.5652042473093,632.0737542300004
342,11400,544.17,952.36,1.0,712.79,1025.02,1.0,388.39,1050.42,1.0,813.45,1287.66,0.999,304.47,1318.87,1.0,645.99,1158.2,0.998,438.25,1197.98,0.999,657.26,1316.83,1.0,482.48,1332.99,1.0,752.83,1384.09,0.999,417.39,1420.74,0.998,749.91,1696.44,0.996,500.96,1716.61,0.999,725.8,1728.51,0.99,528.44,1742.23,0.996,798.71,1839.63,0.988,473.79,1860.88,0.996,frontal,550.5919770384338,1037.7207192527237,False,568.380499549671,1261.1556712582465,631.6847257099589
343,11433,540.75,947.13,1.0,706.76,1016.12,1.0,381.25,1035.87,1.0,808.38,1278.59,0.999,299.27,1303.78,0.999,638.81,1149.82,0.998,440.83,1189.12,0.997,657.43,1312.9,1.0,480.86,1329.36,1.0,752.12,1384.27,0.998,419.14,1421.23,0.996,749.84,1696.47,0.995,500.71,1716.69,0.999,725.6,1728.41,0.984,527.99,1742.27,0.993,798.36,1839.63,0.985,473.79,1860.92,0.994,frontal,544.0051951044269,1025.9926735071049,False,565.6068277664275,1255.0243102904255,631.4354759309292
344,11466,531.38,918.31,1.0,699.65,987.73,1.0,375.63,998.78,1.0,810.54,1245.72,0.999,290.77,1270.1,0.999,640.82,1150.8,0.997,436.49,1186.99,0.997,658.07,1291.78,1.0,476.58,1308.81,1.0,750.15,1384.53,0.999,424.15,1423.02,0.998,749.84,1696.46,0.996,500.58,1716.84,0.999,725.6,1728.02,0.985,527.83,1742.28,0.995,797.69,1839.72,0.986,473.79,1860.96,0.996,frontal,537.6393882690786,993.2548720308547,False,562.7947353062885,1234.0837211292117,631.2277173222219
345,11500,519.62,869.92,1.0,700.42,953.85,1.0,374.79,961.97,1.0,808.57,1199.52,0.998,289.51,1236.36,0.999,641.56,1147.1,0.993,428.67,1182.0,0.994,657.43,1266.05,1.0,472.03,1283.42,1.0,750.94,1385.58,0.998,426.0,1424.66,0.998,749.7,1696.48,0.996,500.42,1717.02,0.999,725.51,1727.8,0.961,527.62,1742.28,0.987,797.13,1839.74,0.988,473.79,1861.04,0.997,frontal,537.6062913962901,957.9094954524572,False,561.905144507149,1210.1050878633055,631.0139070126384
346,11533,510.89,816.68,1.0,697.91,915.33,1.0,376.13,927.03,1.0,807.57,1159.21,0.998,289.84,1188.04,0.998,645.15,1145.09,0.992,429.11,1177.15,0.991,656.47,1233.78,1.0,466.13,1255.76,1.0,746.74,1378.96,0.998,429.62,1418.48,0.998,749.63,1696.48,0.997,500.21,1717.3,0.998,725.28,1727.67,0.961,527.26,1742.31,0.981,797.13,1839.75,0.99,473.76,1861.33,0.995,frontal,537.0229207222288,921.1762319097697,False,560.3460188334377,1182.4820791660104,630.8591252752265
347,11566,498.09,764.83,1.0,701.26,869.04,1.0,368.04,885.72,1.0,808.7,1126.13,0.999,288.7,1135.76,0.996,658.76,1139.44,0.992,413.69,1177.59,0.978,657.33,1206.28,1.0,465.69,1229.88,1.0,746.86,1379.8,0.998,429.12,1416.3,0.997,749.5,1696.52,0.997,500.02,1717.4,0.998,725.07,1727.56,0.943,527.26,1742.32,0.962,796.79,1839.75,0.99,473.75,1861.67,0.995,frontal,534.6480266802413,877.3828178621283,False,559.5768027692025,1154.705225143551,630.7178357427292
348,11600,482.36,710.68,1.0,701.83,829.26,1.0,363.16,850.3,1.0,801.01,1076.59,0.997,290.84,1089.1,0.994,668.37,1136.46,0.984,401.59,1177.85,0.977,654.36,1176.91,1.0,461.43,1194.31,1.0,745.51,1375.87,0.997,431.14,1412.28,0.997,749.31,1696.63,0.996,500.02,1717.65,0.996,724.75,1727.64,0.922,527.45,1742.41,0.939,796.69,1839.9,0.988,473.73,1862.04,0.992,frontal,532.4906252878134,839.7793447635689,False,557.3541180023948,1125.993877680949,630.6565971566894
349,11633,476.83,655.63,1.0,694.48,784.83,1.0,356.64,806.63,1.0,796.11,1014.0,0.999,292.88,1043.68,0.996,674.57,1130.79,0.99,392.38,1177.58,0.978,653.51,1151.13,1.0,461.63,1167.26,1.0,745.25,1381.77,0.997,429.06,1426.06,0.997,749.21,1696.72,0.995,499.87,1717.65,0.996,724.63,1727.72,0.893,527.51,1742.39,0.932,796.54,1840.16,0.988,473.62,1862.24,0.992,frontal,525.5563811997952,795.7341843866803,False,554.5855493660075,1099.180391963567,630.5744911221818
350,11666,476.31,599.11,1.0,684.42,734.56,1.0,350.76,763.67,1.0,795.95,948.45,0.999,298.98,1001.51,0.996,688.91,1122.68,0.994,377.01,1173.17,0.977,649.95,1122.82,1.0,463.51,1134.88,1.0,743.99,1394.44,0.997,430.3,1427.72,0.998,749.14,1696.83,0.996,499.65,1717.74,0.997,724.46,1727.73,0.91,527.39,1742.41,0.932,796.67,1840.39,0.992,473.35,1862.55,0.994,frontal,517.5910404663301,749.1150972204442,False,551.7475930678656,1069.6017279507685,630.4664461096754
351,11700,480.12,548.08,1.0,680.97,686.18,1.0,351.42,713.81,1.0,788.57,911.85,0.999,303.83,959.83,0.997,703.27,1104.89,0.996,359.86,1161.47,0.979,648.02,1096.18,1.0,465.4,1109.39,1.0,737.59,1390.57,0.998,435.22,1425.33,0.997,749.14,1697.05,0.997,499.54,1718.14,0.996,724.28,1727.95,0.92,527.39,1742.72,0.919,796.67,1840.58,0.994,473.25,1863.15,0.993,frontal,516.1955243223484,699.9970950155443,False,551.0633098451848,1040.099020648296,630.397002373845
352,11733,477.37,501.83,1.0,680.71,637.5,1.0,351.03,669.27,1.0,783.42,877.79,0.999,310.3,923.89,0.996,721.85,1085.05,0.997,347.86,1146.29,0.983,647.49,1084.86,1.0,466.81,1098.52,1.0,729.01,1395.52,0.998,441.87,1425.44,0.997,749.09,1697.45,0.998,499.38,1718.53,0.996,724.07,1728.35,0.926,527.43,1743.09,0.921,796.67,1840.69,0.995,472.95,1863.68,0.994,frontal,515.8706074205993,653.3817780986959,False,550.9980225850176,1018.2448404591858,630.27854619612
353,11766,477.8,452.31,1.0,684.7,595.66,1.0,348.27,628.99,1.0,778.1,842.98,0.999,315.15,889.96,0.996,742.43,1065.4,0.997,334.55,1122.53,0.988,649.41,1063.71,1.0,469.77,1076.11,1.0,723.2,1394.42,0.998,447.32,1403.33,0.997,749.09,1697.61,0.998,499.25,1718.53,0.996,724.07,1728.63,0.919,527.43,1743.09,0.919,796.7,1840.83,0.995,472.76,1863.89,0.994,frontal,516.4851518009892,612.3270869901974,False,552.0741602599131,992.0332071931991,630.2384908972869
354,11800,479.73,411.29,1.0,683.45,558.51,1.0,344.32,595.43,1.0,767.79,815.78,0.999,320.1,862.54,0.993,756.51,1047.71,0.997,325.59,1093.94,0.986,651.82,1054.42,1.0,471.09,1062.01,1.0,719.2,1406.11,0.998,456.29,1407.02,0.997,749.09,1697.78,0.998,498.83,1718.53,0.996,724.07,1729.01,0.93,527.43,1743.12,0.92,796.74,1841.01,0.996,472.15,1864.18,0.994,frontal,513.8866639923702,576.9680602162338,False,552.100895839896,975.0845943135621,630.0959500570686
355,11833,480.0,371.63,1.0,680.5,518.29,1.0,343.9,561.15,1.0,760.58,775.84,0.997,316.37,832.21,0.992,765.14,993.38,0.995,312.58,1062.81,0.985,652.28,1037.68,1.0,470.0,1045.17,1.0,707.88,1401.26,0.998,461.05,1405.69,0.997,749.03,1697.71,0.997,498.53,1718.46,0.996,723.92,1729.11,0.92,527.44,1743.12,0.931,796.83,1841.01,0.993,471.51,1864.18,0.992,frontal,512.1994001394423,539.7171743688125,False,550.5164332509971,953.3409780792007,629.9216756337424
356,11866,479.51,334.21,1.0,678.55,496.13,1.0,343.79,535.44,1.0,764.33,739.73,0.996,314.94,805.87,0.988,775.25,938.6,0.993,306.38,1035.8,0.977,652.16,1023.09,1.0,468.83,1030.6,1.0,700.27,1399.64,0.997,466.33,1407.36,0.995,749.03,1697.76,0.995,498.38,1718.46,0.993,723.86,1729.52,0.885,527.44,1743.17,0.89,797.12,1841.16,0.99,471.29,1864.33,0.989,frontal,511.1728390085255,515.7848819386945,False,549.8113668457116,937.7107493900717,629.9294603202989
357,11900,479.01,316.43,1.0,674.4,469.18,1.0,343.91,516.0,1.0,770.35,707.58,0.994,315.01,771.89,0.976,793.39,937.54,0.99,300.85,996.57,0.966,651.75,1006.18,1.0,468.34,1011.05,1.0,689.87,1389.09,0.995,470.49,1390.31,0.993,748.99,1697.76,0.995,498.28,1718.46,0.993,723.83,1729.88,0.848,527.44,1743.52,0.882,797.22,1841.26,0.99,470.48,1864.5,0.99,frontal,509.1532618408196,492.59206566291857,False,548.6481098072412,918.6328021787795,629.7408806979095
358,11933,476.17,298.58,1.0,670.51,454.43,1.0,343.78,503.21,1.0,772.51,684.82,0.995,311.97,757.66,0.982,805.36,905.86,0.992,300.84,991.4,0.971,650.61,994.34,1.0,466.81,1000.85,1.0,687.0,1386.19,0.995,470.05,1387.21,0.992,748.99,1697.76,0.993,498.28,1718.43,0.991,723.85,1730.39,0.808,527.44,1743.59,0.85,797.65,1841.47,0.985,470.12,1864.61,0.986,frontal,507.1470844327309,478.8232216331579,False,547.1732577815754,908.1367689031975,629.7643562500836
359,11966,476.04,292.91,1.0,669.42,445.38,1.0,343.53,497.98,1.0,773.63,672.88,0.992,308.26,740.54,0.972,813.25,886.48,0.986,289.56,965.61,0.953,650.65,990.69,1.0,467.18,995.29,1.0,683.22,1378.02,0.995,472.83,1387.14,0.992,748.96,1697.83,0.994,498.28,1718.42,0.992,723.88,1731.31,0.836,527.48,1743.81,0.865,798.36,1841.54,0.988,469.76,1864.61,0.989,frontal,506.47673530552674,471.67979930674517,False,546.8586055146594,902.3786340772083,629.8680733626031
360,12000,476.1,291.63,1.0,669.2,443.74,1.0,344.24,491.52,1.0,772.53,662.08,0.994,308.11,727.84,0.968,812.63,873.46,0.99,286.25,938.88,0.955,650.61,987.06,1.0,467.38,992.28,1.0,678.04,1376.04,0.995,476.09,1388.92,0.991,748.85,1697.79,0.993,498.31,1718.42,0.991,723.88,1731.8,0.812,527.55,1744.01,0.847,798.75,1841.59,0.987,469.47,1864.54,0.988,frontal,506.7212709493847,467.6301880559146,False,546.7737077385586,898.9779828796346,629.9127917753783
361,12033,475.52,289.0,1.0,667.31,438.14,1.0,345.15,491.79,1.0,771.8,653.3,0.991,308.55,719.84,0.967,816.35,873.28,0.986,285.41,919.54,0.955,651.56,983.38,1.0,468.82,988.0,1.0,679.36,1374.21,0.994,481.04,1383.54,0.99,748.74,1697.87,0.992,498.29,1718.37,0.99,723.86,1732.37,0.808,527.67,1744.31,0.832,799.22,1841.59,0.985,469.2,1864.49,0.985,frontal,506.22922583845536,464.96356494627514,False,547.542956400383,895.4560657939115,629.986722759957
362,12066,474.32,288.8,1.0,664.22,436.02,1.0,345.65,486.96,1.0,764.55,650.3,0.985,309.34,711.57,0.938,807.57,870.65,0.982,282.97,921.95,0.924,651.91,972.28,1.0,468.91,977.27,1.0,680.7,1371.31,0.994,484.44,1384.8,0.991,748.48,1698.32,0.992,498.24,1718.38,0.99,723.78,1733.3,0.795,527.62,1745.02,0.783,799.92,1841.97,0.985,469.33,1864.55,0.984,frontal,504.9364431747772,461.49037817390166,False,547.3444135415969,889.6975646238891,630.1637821416128
363,12100,474.38,289.85,1.0,662.91,435.1,1.0,346.16,482.18,1.0,761.82,647.93,0.989,310.46,707.05,0.941,803.72,864.18,0.987,289.06,916.74,0.926,648.33,961.68,1.0,468.5,968.48,1.0,675.52,1367.22,0.994,483.66,1382.0,0.991,748.08,1698.51,0.992,498.24,1718.48,0.991,723.65,1733.66,0.763,527.69,1745.96,0.801,800.47,1841.97,0.986,469.33,1864.62,0.985,frontal,504.5326399699795,458.638063345924,False,545.918945973063,884.3251598004931,630.2851544059936
364,12133,474.61,287.31,1.0,660.16,433.34,1.0,346.43,479.12,1.0,755.97,642.01,0.986,315.71,708.37,0.94,803.28,855.63,0.986,293.46,917.08,0.927,642.66,962.14,1.0,465.69,971.17,1.0,675.48,1366.38,0.994,490.16,1380.72,0.991,747.46,1698.84,0.992,498.21,1718.46,0.991,723.35,1734.2,0.811,527.67,1746.14,0.802,800.74,1841.97,0.986,469.43,1864.68,0.985,frontal,503.2943483665214,456.22835687647853,False,544.386751798343,883.7880543120273,630.2970483478666
365,12166,475.28,288.63,1.0,659.7,439.75,1.0,347.11,481.77,1.0,758.99,659.03,0.991,318.71,712.63,0.959,803.41,875.62,0.99,299.43,919.15,0.954,638.04,964.54,1.0,464.6,974.23,1.0,676.17,1369.37,0.994,488.0,1382.67,0.991,747.28,1699.12,0.992,498.13,1718.57,0.991,723.35,1734.58,0.767,527.66,1746.73,0.802,801.12,1841.92,0.985,469.38,1864.77,0.986,frontal,503.4023145624856,460.7583569696394,False,543.4218961824118,887.4504133837718,630.3741738758937
366,12200,475.15,290.5,1.0,659.12,441.52,1.0,349.14,483.82,1.0,752.8,659.5,0.992,322.9,717.68,0.947,804.7,876.57,0.993,305.29,931.11,0.943,633.79,967.07,1.0,463.02,976.76,1.0,672.57,1369.88,0.994,486.49,1380.51,0.99,746.96,1699.2,0.991,498.09,1718.57,0.99,723.29,1734.48,0.719,527.63,1746.81,0.788,801.12,1841.92,0.983,469.38,1864.84,0.984,frontal,504.13102628039724,462.6698082077938,False,542.0921232801188,889.0969303093711,630.3543497633788
367,12233,475.4,292.61,1.0,658.7,446.22,1.0,349.92,483.52,1.0,754.55,668.09,0.992,324.69,724.47,0.949,804.75,880.83,0.99,307.75,931.89,0.951,631.8,971.05,1.0,462.72,980.48,1.0,669.3,1369.06,0.994,484.39,1379.1,0.991,746.54,1699.28,0.992,498.01,1718.63,0.992,723.14,1734.58,0.745,527.63,1747.27,0.828,801.18,1841.94,0.985,469.02,1864.99,0.987,frontal,504.31031930801777,464.86868026979727,False,541.3942554188758,891.6160521738059,630.2436597674925
368,12266,475.19,294.9,1.0,659.49,446.11,1.0,350.61,482.42,1.0,750.71,667.17,0.987,327.41,726.37,0.938,801.92,878.0,0.98,311.04,935.39,0.938,630.77,970.59,1.0,461.66,980.64,1.0,670.93,1368.97,0.994,481.93,1377.85,0.99,746.45,1699.34,0.991,498.01,1718.71,0.99,723.19,1734.47,0.675,527.63,1747.61,0.789,801.06,1841.94,0.982,468.93,1865.06,0.984,frontal,505.0508530844395,464.2664912344843,False,541.1484577083552,891.2827862368291,630.2027965116187
369,12300,475.48,296.88,1.0,657.88,451.06,1.0,349.67,489.11,1.0,748.16,671.32,0.985,329.61,730.95,0.924,794.93,881.3,0.983,312.14,940.54,0.927,626.47,973.93,1.0,458.22,983.22,1.0,671.57,1370.12,0.992,478.09,1377.86,0.988,746.05,1699.39,0.989,497.98,1718.68,0.988,723.15,1734.52,0.708,527.51,1747.52,0.775,801.06,1841.93,0.98,468.97,1865.0,0.982,frontal,503.77530741246017,470.087316385692,False,538.9856285744228,894.74876539203,630.1709894254928
370,12333,475.83,301.03,1.0,659.34,459.69,1.0,349.06,493.01,1.0,751.52,686.73,0.99,330.27,737.14,0.916,793.98,893.9,0.986,310.95,957.06,0.934,629.78,988.69,1.0,458.94,997.15,1.0,673.24,1380.94,0.995,473.53,1380.06,0.993,745.7,1699.65,0.993,497.98,1718.75,0.993,723.0,1734.63,0.758,527.53,1747.7,0.863,801.06,1842.03,0.987,468.91,1865.08,0.99,frontal,504.1999965107309,476.35143071800053,False,539.7733023181494,904.0125000580739,630.1240521990082
371,12366,475.12,307.34,1.0,662.69,478.23,1.0,349.67,506.24,1.0,752.22,711.56,0.99,328.9,752.6,0.915,794.59,902.8,0.983,308.82,965.57,0.922,630.53,1007.81,1.0,457.83,1014.96,1.0,677.69,1380.17,0.995,464.46,1386.0,0.995,745.53,1699.78,0.994,497.83,1718.81,0.995,722.88,1734.82,0.808,527.53,1748.07,0.89,801.31,1842.26,0.989,468.58,1865.35,0.991,frontal,506.17809788598254,492.23625389245615,False,539.9786071135783,918.0664855051177,630.0764720968629
372,12400,475.8,323.07,1.0,667.65,497.26,1.0,348.39,528.24,1.0,753.32,724.26,0.994,326.7,768.14,0.967,787.8,915.9,0.992,306.21,981.19,0.958,633.01,1031.79,1.0,456.32,1037.07,1.0,691.05,1392.01,0.997,451.73,1397.91,0.996,745.35,1699.69,0.996,497.57,1718.81,0.996,722.62,1734.82,0.888,527.53,1748.07,0.92,801.31,1842.33,0.992,468.0,1865.35,0.993,frontal,508.0225037039023,512.7515476472317,False,540.7886474222521,936.4983589041207,629.8660230038989
373,12433,477.04,351.74,1.0,669.62,525.65,1.0,348.4,555.28,1.0,755.0,753.59,0.997,319.45,790.34,0.972,787.86,947.75,0.995,302.74,992.98,0.97,636.39,1050.2,1.0,457.61,1053.74,1.0,702.72,1397.59,0.998,444.31,1406.53,0.997,745.35,1699.74,0.997,497.25,1718.81,0.996,722.36,1734.91,0.901,527.53,1747.99,0.926,801.26,1842.43,0.994,467.41,1865.35,0.994,frontal,509.01261726883405,540.4644895188864,False,542.1501248711367,955.3109574351762,629.6408501271652
374,12466,480.21,383.87,1.0,669.89,563.34,1.0,348.13,593.62,1.0,756.47,782.34,0.997,311.49,818.76,0.986,786.91,986.48,0.996,299.68,1011.77,0.975,639.74,1065.53,1.0,458.48,1074.79,1.0,718.08,1408.13,0.998,437.38,1424.47,0.997,745.2,1700.0,0.997,497.09,1718.9,0.996,722.12,1735.04,0.922,527.51,1748.06,0.921,801.26,1842.55,0.994,467.04,1865.33,0.993,frontal,509.0106559037728,578.4769355936351,False,543.3930659294452,979.2031941430728,629.4815394225232
375,12500,482.3,434.26,1.0,673.31,600.81,1.0,345.47,625.89,1.0,771.31,824.94,0.999,299.33,852.61,0.988,780.34,1010.99,0.997,292.28,1034.69,0.981,641.03,1084.1,1.0,458.88,1097.78,1.0,724.33,1410.26,0.998,433.73,1442.7,0.997,744.96,1700.25,0.997,496.6,1718.96,0.996,721.82,1735.11,0.901,527.4,1748.06,0.92,801.25,1842.65,0.994,466.44,1865.33,0.993,frontal,509.3911657291147,613.3509650841659,False,544.1140187793291,1002.9750475494722,629.2270742839544
376,12533,482.09,478.54,1.0,677.19,638.9,1.0,344.56,669.44,1.0,784.21,848.91,0.999,286.19,884.73,0.994,776.58,1014.82,0.997,292.61,1046.38,0.989,641.69,1104.63,1.0,458.71,1119.38,1.0,732.31,1413.0,0.997,424.43,1446.51,0.997,744.91,1700.76,0.996,496.11,1719.34,0.996,721.44,1735.4,0.882,527.37,1748.4,0.912,801.15,1842.76,0.991,465.92,1865.43,0.992,frontal,510.8742489847981,654.168819870506,False,544.5801187582891,1027.1271205832572,628.9705886355957
377,12566,484.74,528.33,1.0,675.93,676.98,1.0,345.35,706.72,1.0,799.01,873.97,0.999,282.83,917.14,0.994,769.54,1058.63,0.998,293.14,1050.77,0.99,640.2,1119.42,1.0,458.45,1133.65,1.0,737.13,1412.73,0.998,420.93,1451.29,0.998,744.76,1701.07,0.997,495.65,1719.94,0.997,721.02,1735.4,0.914,527.37,1748.66,0.936,801.06,1842.98,0.994,465.57,1865.54,0.995,frontal,510.63981911149,691.8500087761894,False,544.6310272564774,1047.6410992792494,628.7567270820298
378,12600,485.1,569.42,1.0,677.05,724.46,1.0,345.99,758.11,1.0,804.76,895.78,0.999,283.34,958.87,0.995,764.51,1072.35,0.998,290.48,1060.95,0.993,640.69,1135.25,1.0,458.59,1153.55,1.0,736.1,1407.54,0.997,415.35,1455.71,0.997,744.61,1701.37,0.995,494.95,1720.47,0.997,720.42,1735.4,0.893,527.28,1748.91,0.925,800.82,1843.17,0.99,465.26,1865.7,0.993,frontal,511.51813392111455,741.2893252168863,False,544.6976031792365,1073.1799054290364,628.4438047466562
379,12633,483.73,625.99,1.0,679.43,764.95,1.0,350.36,800.77,1.0,811.69,928.94,0.999,278.98,1005.91,0.997,756.49,1089.77,0.997,293.45,1082.72,0.995,639.78,1156.13,1.0,456.43,1173.13,1.0,734.08,1405.67,0.997,416.26,1455.24,0.997,744.43,1701.97,0.996,494.76,1720.95,0.997,720.3,1735.68,0.906,527.22,1749.13,0.946,800.47,1843.77,0.992,465.08,1865.89,0.994,frontal,514.894608214884,782.8604066397221,False,545.2527160236649,1097.3531348408062,628.2643811695347
380,12666,481.69,682.68,1.0,688.11,807.67,1.0,354.82,848.33,1.0,814.51,995.47,0.999,277.53,1075.43,0.997,739.6,1111.97,0.994,308.59,1114.26,0.994,641.06,1177.43,1.0,457.22,1191.19,1.0,734.88,1407.49,0.997,419.33,1446.32,0.997,744.23,1702.3,0.995,494.51,1721.53,0.997,720.07,1735.75,0.909,527.16,1749.42,0.945,799.91,1844.42,0.989,465.08,1866.13,0.994,frontal,521.4677319344979,828.0000997173171,False,548.2165174952056,1123.961258693086,628.054644793168
381,12700,482.28,739.38,1.0,698.64,844.36,1.0,355.9,885.99,1.0,821.22,1061.56,0.999,276.47,1131.44,0.998,719.41,1137.27,0.994,325.44,1133.74,0.995,645.13,1187.37,1.0,458.39,1209.89,1.0,732.05,1397.16,0.998,420.61,1441.74,0.997,744.04,1702.84,0.997,494.28,1721.96,0.997,720.07,1735.83,0.935,527.16,1749.59,0.959,799.57,1845.0,0.991,464.86,1866.64,0.994,frontal,527.2724655247791,865.1763254552147,False,551.219183391196,1144.7755234983479,627.9150445544332
382,12733,482.11,777.52,1.0,701.49,887.94,1.0,358.34,924.58,1.0,819.39,1128.16,0.999,275.5,1178.95,0.998,701.73,1146.09,0.993,363.0,1154.95,0.995,653.15,1210.8,1.0,460.22,1233.61,1.0,732.48,1393.8,0.997,421.84,1422.2,0.997,743.79,1703.54,0.995,494.0,1722.53,0.996,719.7,1736.01,0.942,527.1,1749.97,0.96,799.09,1845.4,0.986,464.71,1867.07,0.992,frontal,529.9120664181276,906.260853088125,False,553.9884296446265,1169.4998835656727,627.6476691915855
383,12766,481.71,813.41,1.0,699.6,921.95,1.0,364.64,957.0,1.0,817.31,1161.19,0.999,274.52,1230.09,0.998,684.27,1159.06,0.995,380.03,1163.16,0.996,653.73,1237.11,1.0,459.63,1260.88,1.0,736.42,1390.22,0.997,422.08,1425.44,0.997,743.62,1703.63,0.996,493.77,1723.02,0.998,719.38,1735.92,0.959,526.93,1750.14,0.977,798.29,1845.4,0.989,464.71,1867.41,0.995,frontal,532.1178021419857,939.4754472065414,False,554.9613521678876,1193.5640313924566,627.3257580713521
384,12800,487.87,845.72,1.0,696.78,959.19,1.0,368.89,981.92,1.0,820.93,1194.59,0.999,278.86,1260.2,0.999,670.66,1174.22,0.998,392.16,1174.41,0.997,653.08,1272.94,1.0,461.59,1291.73,1.0,735.07,1385.34,0.998,420.21,1429.19,0.997,743.41,1703.49,0.996,493.58,1723.46,0.998,719.3,1735.87,0.97,526.75,1750.26,0.988,797.02,1845.4,0.989,464.53,1867.64,0.995,frontal,532.8333596826164,970.5580764333129,False,555.4393660722328,1218.6154231019227,626.9014428865355
385,12833,490.92,877.41,1.0,697.92,988.23,1.0,372.55,1014.63,1.0,819.04,1232.39,0.998,282.83,1297.88,0.999,655.89,1176.6,0.995,400.95,1185.96,0.998,654.23,1297.14,1.0,465.46,1313.13,1.0,735.12,1383.63,0.998,421.02,1427.02,0.996,743.3,1703.35,0.996,493.26,1723.67,0.998,719.18,1735.86,0.978,526.25,1750.34,0.991,795.8,1845.4,0.987,464.58,1867.72,0.995,frontal,535.2347121412988,1001.4274502139815,False,557.3203558904945,1239.806737771326,626.4510711230658
386,12866,499.17,904.4,1.0,695.5,1009.68,1.0,375.42,1033.81,1.0,815.45,1258.09,0.998,287.1,1314.2,0.999,642.4,1183.08,0.996,407.08,1202.27,0.997,654.3,1312.67,1.0,473.32,1332.67,1.0,739.47,1382.48,0.998,419.98,1435.87,0.996,743.24,1703.26,0.994,493.13,1724.21,0.998,719.18,1735.65,0.972,525.83,1750.62,0.989,794.58,1845.3,0.982,464.52,1867.93,0.993,frontal,535.4612781389585,1021.742574721435,False,559.1642879005204,1255.2855974325387,626.026151007968
387,12900,506.98,933.14,1.0,697.02,1025.62,1.0,377.56,1057.25,1.0,812.4,1283.88,0.999,292.2,1331.48,1.0,638.23,1190.95,0.998,416.94,1204.97,0.999,653.58,1322.5,1.0,473.37,1340.59,1.0,744.39,1385.1,0.998,411.93,1436.87,0.998,743.24,1703.26,0.996,492.98,1724.21,0.999,719.18,1735.61,0.987,525.26,1750.55,0.995,793.49,1845.34,0.987,464.52,1867.81,0.996,frontal,537.2889894926409,1041.434988941463,False,559.4728463576937,1266.997159317604,625.609599025915
388,12933,515.94,956.62,1.0,699.5,1038.55,1.0,379.24,1069.46,1.0,808.42,1299.61,0.999,299.59,1344.04,1.0,640.53,1194.01,0.998,422.14,1206.67,0.999,652.73,1333.44,1.0,474.08,1351.01,1.0,746.46,1383.94,0.999,402.16,1436.83,0.998,743.18,1703.25,0.996,492.81,1724.1,0.999,719.11,1735.46,0.991,524.71,1750.45,0.997,791.79,1845.29,0.987,464.52,1867.69,0.996,frontal,539.3731448474799,1054.0048780978323,False,559.6421302894069,1276.0976059344596,625.0325963949767
389,12966,521.45,963.05,1.0,699.88,1050.43,1.0,379.79,1075.61,1.0,807.76,1312.32,0.999,300.78,1342.64,1.0,641.47,1201.9,0.999,424.31,1214.1,0.999,652.38,1335.18,1.0,477.21,1353.26,1.0,747.47,1385.74,0.999,402.22,1436.93,0.999,743.18,1703.24,0.995,492.69,1724.1,1.0,719.11,1735.26,0.99,524.22,1750.41,0.998,790.71,1845.17,0.985,464.47,1867.67,0.997,frontal,539.8347199344505,1063.0164339250211,False,560.4212065749284,1280.429747790102,624.6276807715199
390,13000,527.73,973.58,1.0,698.14,1052.94,1.0,378.02,1087.62,1.0,807.95,1315.68,0.999,299.35,1350.5,1.0,640.79,1209.62,0.999,425.65,1217.01,0.999,650.77,1337.7,1.0,475.61,1352.78,1.0,746.77,1390.54,0.998,399.35,1438.59,0.998,743.15,1703.24,0.994,492.69,1724.22,0.999,719.06,1735.04,0.985,523.78,1750.43,0.996,789.62,1844.73,0.982,464.51,1867.67,0.995,frontal,538.0805920997383,1070.2795135960778,False,558.8975000089023,1284.1651492348165,624.2429495854888
391,13033,530.36,983.02,1.0,698.31,1056.07,1.0,380.0,1082.21,1.0,810.94,1314.04,0.999,296.9,1348.95,1.0,645.78,1217.01,0.999,421.89,1220.66,0.999,647.63,1338.24,1.0,474.18,1351.87,1.0,747.26,1390.34,0.999,397.73,1437.17,0.999,743.15,1703.25,0.994,492.63,1724.27,1.0,719.1,1734.92,0.99,523.41,1750.42,0.998,789.62,1844.53,0.981,464.69,1867.43,0.995,frontal,539.1562683355397,1069.139598800055,False,558.3302035678862,1283.4759722592867,624.2057327818397
392,13066,530.84,976.66,1.0,699.65,1051.92,1.0,380.52,1071.53,1.0,812.35,1312.21,0.999,294.23,1346.83,1.0,647.01,1218.95,0.999,416.04,1228.32,1.0,647.18,1337.77,1.0,474.2,1355.24,1.0,745.29,1391.0,0.999,396.33,1437.66,0.999,743.11,1703.25,0.998,492.49,1724.24,1.0,719.1,1734.85,0.994,522.94,1750.29,0.998,789.11,1844.53,0.992,464.81,1867.35,0.998,frontal,540.0859735657255,1061.727365703914,False,558.2496691414278,1281.463605792915,623.9909881789157
393,13100,531.02,971.06,1.0,699.71,1042.26,1.0,377.84,1065.78,1.0,811.31,1300.12,0.999,289.24,1336.97,1.0,647.53,1217.05,0.998,413.67,1227.08,0.999,646.6,1332.86,1.0,473.49,1351.61,1.0,742.51,1388.91,0.999,400.42,1432.96,0.999,742.95,1703.25,0.998,492.31,1724.3,1.0,719.0,1734.79,0.995,522.31,1750.31,0.999,788.88,1844.58,0.99,464.81,1867.37,0.998,frontal,538.7752866747204,1054.0194193722136,False,557.4610840583285,1275.986768771214,623.7509794627528
394,13133,530.25,963.22,1.0,700.34,1032.93,1.0,377.01,1048.15,1.0,811.6,1285.99,0.999,286.77,1322.69,1.0,646.48,1214.24,0.997,412.62,1221.18,0.999,645.49,1325.55,1.0,472.34,1342.41,1.0,739.84,1386.25,1.0,403.26,1431.22,0.999,742.84,1703.21,0.999,492.27,1724.36,1.0,718.96,1734.57,0.994,521.91,1750.31,0.998,788.48,1844.54,0.994,464.81,1867.37,0.998,frontal,538.6748554475381,1040.541404584352,False,556.9414207010071,1267.0330702806211,623.541217569513
395,13166,530.1,956.24,1.0,697.35,1023.53,1.0,376.73,1032.39,1.0,812.23,1278.33,0.999,282.17,1310.14,1.0,645.14,1210.68,0.999,410.25,1218.19,0.999,646.13,1315.46,1.0,472.23,1329.83,1.0,738.86,1375.75,1.0,409.48,1421.47,0.999,742.76,1703.18,0.998,492.27,1724.36,1.0,718.98,1734.52,0.995,521.72,1750.31,0.999,788.2,1844.57,0.99,464.81,1867.38,0.998,frontal,537.0389925545448,1027.9588368184207,False,556.7726297073245,1256.227969348523,623.429584385409
396,13200,527.68,935.54,1.0,696.86,989.32,1.0,373.84,997.84,1.0,811.7,1242.2,0.999,281.9,1264.45,1.0,644.66,1205.43,0.997,399.7,1213.34,0.999,644.36,1293.08,1.0,469.24,1307.01,1.0,739.83,1373.49,0.999,412.56,1422.48,0.999,742.52,1703.18,0.998,492.16,1724.52,1.0,718.72,1734.43,0.994,521.19,1750.34,0.998,787.82,1844.61,0.991,464.8,1867.43,0.997,frontal,535.3519525035276,993.5812647138766,False,555.593607887824,1233.3087875559993,623.1313767559717
397,13233,528.02,893.21,1.0,695.73,950.55,1.0,374.78,959.05,1.0,812.73,1198.81,0.999,280.78,1229.24,0.999,646.14,1193.21,0.997,390.73,1201.4,0.994,644.78,1271.0,1.0,460.6,1286.19,1.0,738.32,1373.24,0.997,414.9,1416.12,0.996,742.45,1703.18,0.996,491.99,1724.77,0.998,718.52,1734.39,0.961,520.82,1750.37,0.981,787.9,1844.65,0.987,464.82,1867.81,0.994,frontal,535.2590244101192,954.7994104019559,False,554.0783279667019,1209.003115103284,623.0156389213738
398,13266,517.34,853.94,1.0,695.62,908.0,1.0,371.51,935.22,1.0,810.28,1161.53,0.999,281.99,1188.66,0.998,648.05,1177.86,0.997,377.21,1193.62,0.995,648.4,1246.27,1.0,460.52,1263.9,1.0,737.2,1369.81,0.999,419.47,1398.46,0.999,742.4,1703.19,0.998,491.91,1724.86,0.999,718.16,1734.39,0.98,520.61,1750.37,0.989,787.97,1844.68,0.992,464.82,1868.18,0.996,frontal,533.5650038325902,921.6090506493431,False,554.3966164992255,1184.6879170835584,622.8909794331233
399,13299,505.97,813.46,1.0,695.21,874.12,1.0,363.97,899.72,1.0,811.72,1122.35,0.999,280.81,1137.46,0.996,649.68,1170.76,0.991,366.53,1182.2,0.983,648.48,1213.87,1.0,458.14,1228.09,1.0,737.81,1373.45,0.996,423.74,1400.9,0.995,742.33,1703.26,0.995,491.83,1724.95,0.996,717.97,1734.41,0.92,520.61,1750.39,0.938,787.87,1844.78,0.986,464.85,1868.45,0.99,frontal,529.5923827788732,886.9204222462025,False,553.0077057456969,1157.658317917885,622.8224500104164
400,13333,489.3,753.24,1.0,695.6,832.74,1.0,359.84,857.7,1.0,803.73,1064.71,0.999,281.27,1078.66,0.996,657.03,1157.02,0.99,374.26,1176.03,0.981,644.74,1174.99,1.0,453.05,1186.51,1.0,737.7,1374.81,0.996,423.33,1406.87,0.996,742.33,1703.46,0.995,491.83,1725.21,0.996,718.02,1734.43,0.905,520.82,1750.58,0.93,788.02,1845.07,0.986,464.85,1868.9,0.991,frontal,527.7186221499422,845.2186584343838,False,550.431288114085,1125.2090763727801,622.9270753888106
401,13366,482.13,690.62,1.0,687.69,785.2,1.0,351.97,808.25,1.0,797.13,1004.76,0.999,283.49,1032.76,0.997,670.53,1148.28,0.991,364.05,1168.44,0.984,644.53,1146.69,1.0,453.84,1158.57,1.0,738.39,1397.0,0.996,426.79,1423.22,0.997,742.33,1703.57,0.995,491.83,1725.29,0.996,718.05,1734.5,0.903,520.88,1750.65,0.931,788.02,1845.26,0.988,464.85,1868.9,0.992,frontal,519.8322570358066,796.7261268860898,False,548.0468867271219,1097.8253593341856,622.9514771222168
402,13400,479.56,616.27,1.0,681.21,732.32,1.0,347.37,757.63,1.0,792.56,942.04,0.999,287.05,983.84,0.996,684.12,1132.42,0.995,350.18,1142.79,0.979,644.28,1124.23,1.0,454.96,1133.73,1.0,737.19,1390.62,0.995,428.73,1418.47,0.996,742.33,1703.61,0.995,491.79,1725.37,0.996,717.95,1734.61,0.874,520.85,1750.84,0.909,788.04,1845.57,0.988,464.87,1869.11,0.992,frontal,514.2909376496002,744.9741881820391,False,546.3492955279286,1066.8456724286327,622.9279472353599
403,13433,477.49,546.19,1.0,677.8,685.8,1.0,344.89,720.65,1.0,788.08,910.08,0.999,289.45,955.85,0.996,692.81,1109.47,0.993,346.56,1140.65,0.974,641.12,1106.15,1.0,456.7,1109.35,1.0,736.24,1395.94,0.995,433.7,1409.33,0.996,742.29,1703.68,0.995,491.73,1725.46,0.995,717.67,1734.72,0.917,520.85,1751.06,0.895,788.05,1845.57,0.99,464.87,1869.28,0.991,frontal,511.3451805133708,703.2251526512017,False,545.3338633237609,1042.4408145288644,622.8604162833113
404,13466,477.94,501.55,1.0,672.66,632.84,1.0,343.67,662.18,1.0,777.45,874.45,0.999,297.54,920.01,0.996,706.07,1086.23,0.996,337.93,1132.56,0.985,639.67,1077.58,1.0,457.38,1084.35,1.0,731.92,1398.29,0.998,440.03,1410.08,0.998,742.21,1703.79,0.998,491.73,1725.42,0.997,717.25,1734.84,0.929,520.88,1751.03,0.923,788.14,1845.57,0.995,464.87,1869.5,0.995,frontal,508.16822984464704,647.5112114815095,False,544.1847303180177,1011.3817879710195,622.784509691385
405,13500,479.44,460.06,1.0,674.11,592.27,1.0,340.55,623.94,1.0,766.81,841.0,0.999,301.71,882.46,0.995,713.56,1054.65,0.997,326.41,1112.69,0.985,640.1,1059.03,1.0,459.6,1069.32,1.0,723.31,1396.45,0.998,447.44,1408.42,0.997,742.21,1703.88,0.998,491.67,1725.37,0.996,717.25,1735.08,0.932,520.88,1751.03,0.915,788.37,1845.57,0.996,464.86,1869.5,0.994,frontal,507.3326990971508,608.1078198306647,False,544.0900757288734,989.1012685881747,622.8385464565692
406,13533,480.1,417.73,1.0,673.83,551.11,1.0,336.6,590.77,1.0,758.05,802.44,0.999,306.28,860.37,0.994,724.06,1017.63,0.997,318.3,1089.41,0.989,642.13,1046.68,1.0,464.68,1059.93,1.0,709.3,1397.03,0.998,450.2,1403.08,0.996,742.24,1703.81,0.997,491.58,1725.27,0.995,717.25,1735.2,0.91,520.89,1750.98,0.917,788.49,1845.52,0.995,464.75,1869.37,0.992,frontal,505.21464369212947,570.940188963911,False,543.6653064749896,970.0317862915767,622.8442291249905
407,13566,478.19,376.05,1.0,674.33,518.53,1.0,336.67,559.08,1.0,759.29,767.64,0.998,305.42,835.51,0.995,733.56,989.01,0.997,310.81,1069.44,0.989,646.34,1035.0,1.0,465.37,1051.79,1.0,697.34,1395.87,0.997,456.54,1400.72,0.996,742.25,1703.78,0.997,491.43,1725.15,0.994,717.32,1735.31,0.916,520.9,1750.98,0.908,788.78,1845.52,0.994,464.61,1869.35,0.991,frontal,505.50460999799486,538.8055738342063,False,544.2407455534898,953.1649949082923,622.9041732585989
408,13600,474.97,347.49,1.0,668.5,496.55,1.0,335.83,537.52,1.0,763.01,744.02,0.998,306.47,816.16,0.99,742.59,962.59,0.996,304.67,1057.38,0.981,648.65,1019.18,1.0,465.77,1034.49,1.0,692.06,1394.92,0.996,465.09,1401.29,0.994,742.27,1703.78,0.995,491.37,1725.11,0.992,717.36,1735.61,0.882,520.9,1750.99,0.865,789.22,1845.51,0.989,464.56,1869.34,0.987,frontal,502.16533029161303,517.0390642079221,False,544.0285745956662,938.1269261590267,623.0103887797768
409,13633,471.72,324.01,1.0,665.31,477.09,1.0,335.41,526.42,1.0,768.52,717.69,0.998,308.51,801.4,0.99,760.9,923.49,0.996,302.25,1037.61,0.983,648.84,1013.3,1.0,464.59,1025.83,1.0,684.53,1394.66,0.995,470.48,1395.98,0.992,742.31,1703.83,0.993,491.37,1724.72,0.989,717.36,1736.08,0.852,520.93,1750.95,0.841,789.84,1845.53,0.986,464.6,1869.24,0.983,frontal,500.3635078784621,501.75756786404605,False,543.3079477772529,928.4128821620519,623.1817294845507
410,13666,464.01,313.01,1.0,662.69,469.38,1.0,334.05,518.75,1.0,770.25,709.65,0.997,304.78,784.36,0.978,760.39,924.77,0.994,289.97,1023.67,0.971,648.41,1008.11,1.0,464.8,1018.62,1.0,680.79,1393.52,0.995,479.35,1397.48,0.992,742.29,1703.83,0.991,491.42,1724.58,0.989,717.36,1736.52,0.793,520.95,1750.97,0.821,790.5,1845.64,0.984,464.62,1869.07,0.985,frontal,498.370076038088,494.0657167680489,False,542.9335194996411,922.6826612204288,623.3551940866023
411,13700,455.29,304.11,1.0,660.93,457.31,1.0,336.9,512.79,1.0,770.64,689.61,0.996,306.09,773.75,0.973,768.17,896.24,0.995,291.11,1008.94,0.969,648.1,997.03,1.0,464.95,1003.6,1.0,680.61,1386.91,0.992,475.2,1388.27,0.991,742.28,1703.98,0.989,491.44,1724.45,0.988,717.37,1737.52,0.752,521.03,1751.11,0.808,791.71,1845.98,0.979,464.63,1868.98,0.983,frontal,498.9148863019433,485.04710530900974,False,542.7975265427114,912.4612655263923,623.684722196205
412,13733,448.81,302.01,1.0,657.72,456.54,1.0,339.71,511.0,1.0,772.08,681.67,0.997,309.64,764.76,0.963,773.49,884.33,0.995,296.18,992.44,0.963,647.49,999.2,1.0,465.63,1004.71,1.0,677.48,1387.57,0.992,476.62,1388.84,0.991,742.17,1704.22,0.99,491.44,1724.2,0.99,717.35,1738.53,0.775,521.18,1751.23,0.836,793.3,1846.4,0.982,464.62,1868.77,0.985,frontal,498.7137292864695,483.7683763838613,False,542.7643466270245,912.1890996724811,624.1139210860345
413,13766,445.0,304.57,1.0,654.01,453.11,1.0,340.58,507.88,1.0,770.17,674.14,0.995,314.76,761.69,0.949,777.26,878.32,0.994,297.73,993.51,0.954,647.28,995.62,1.0,467.84,1003.83,1.0,676.05,1384.99,0.993,485.82,1392.81,0.99,742.09,1704.58,0.989,491.5,1724.3,0.99,717.36,1739.09,0.739,521.26,1751.79,0.817,794.71,1846.8,0.98,464.62,1868.86,0.985,frontal,497.2925433569949,480.49785457259964,False,543.3832834252346,910.0219568349037,624.4877289801993
414,13799,437.07,308.07,1.0,655.5,453.97,1.0,343.15,509.5,1.0,771.94,680.13,0.996,320.26,766.37,0.948,778.66,884.58,0.994,299.86,992.16,0.96,644.09,989.63,1.0,467.64,1000.37,1.0,676.13,1381.04,0.993,486.01,1393.76,0.992,742.02,1704.79,0.99,491.54,1724.34,0.991,717.39,1739.29,0.729,521.26,1752.24,0.826,795.34,1846.9,0.982,464.63,1869.03,0.986,frontal,499.3208630120122,481.7340947963271,False,543.6923369063101,908.7835504543609,624.6548058575909
415,13833,431.5,313.22,1.0,654.97,453.26,1.0,349.99,509.6,1.0,773.29,680.64,0.992,330.64,764.59,0.918,772.42,899.23,0.981,302.85,987.59,0.939,640.12,982.27,1.0,467.51,993.71,1.0,675.79,1373.73,0.993,486.5,1394.24,0.992,741.96,1704.97,0.989,491.6,1724.38,0.991,717.43,1739.39,0.676,521.33,1752.91,0.817,795.97,1846.9,0.978,464.66,1869.35,0.984,frontal,502.4826149160773,481.4302095723058,False,544.3911250896647,905.4690533934908,624.8451439038745
416,13866,422.74,316.46,1.0,652.93,454.91,1.0,352.96,511.19,1.0,775.09,685.4,0.997,338.64,763.09,0.904,769.66,904.8,0.994,319.47,983.33,0.936,637.82,980.69,1.0,466.96,993.58,1.0,674.88,1376.0,0.993,483.45,1393.91,0.993,741.91,1705.15,0.99,491.64,1724.38,0.991,717.59,1739.64,0.712,521.31,1753.51,0.836,796.16,1847.28,0.981,464.69,1870.05,0.986,frontal,502.9473300797061,483.05209075876536,False,544.0173501495753,905.966399388792,624.9363250004642
417,13900,416.05,319.61,1.0,651.65,453.29,1.0,362.33,509.32,1.0,777.41,685.57,0.997,349.57,761.12,0.883,768.18,910.36,0.994,332.48,974.76,0.92,636.18,975.96,1.0,468.67,988.58,1.0,677.73,1373.23,0.992,484.36,1385.55,0.992,741.91,1705.35,0.99,491.64,1724.34,0.989,717.86,1739.99,0.71,521.28,1753.89,0.812,796.34,1847.56,0.978,464.73,1870.98,0.982,frontal,506.993952099804,481.3063414893362,False,546.1375389893327,902.6063887243718,625.0540821308117
418,13933,406.34,320.96,1.0,646.98,448.9,1.0,368.8,509.42,1.0,782.93,687.39,0.999,362.71,750.19,0.817,766.88,921.72,0.997,337.52,966.58,0.884,637.49,972.9,1.0,476.69,984.61,1.0,678.95,1366.66,0.993,488.32,1378.98,0.991,741.93,1705.28,0.99,491.68,1724.29,0.987,718.38,1739.8,0.733,521.41,1754.16,0.829,796.16,1847.4,0.979,464.71,1871.54,0.98,frontal,507.89306452525744,479.1634790406767,False,549.2162348833491,899.2078163226877,625.1649798780611
419,13966,403.87,323.25,1.0,647.52,448.76,1.0,373.32,508.65,1.0,786.59,685.64,0.999,375.45,745.74,0.825,767.79,927.53,0.998,350.77,957.57,0.897,638.86,972.67,1.0,482.48,983.79,1.0,680.55,1368.34,0.995,489.51,1377.79,0.99,741.96,1705.22,0.992,491.71,1724.2,0.986,720.03,1739.67,0.729,521.54,1754.25,0.825,795.87,1847.56,0.981,464.69,1872.65,0.978,frontal,510.42020910936264,478.70464368636,False,552.1761804358124,898.6882962288314,625.5355868304335
420,14000,399.49,325.29,1.0,648.12,447.45,1.0,386.14,506.78,1.0,790.14,686.52,1.0,392.53,744.1,0.786,766.19,942.04,0.999,367.39,954.59,0.882,642.21,967.52,1.0,496.52,982.3,1.0,682.36,1362.37,0.996,493.06,1363.11,0.977,743.39,1704.98,0.993,491.84,1724.16,0.974,729.26,1739.43,0.798,522.19,1754.86,0.865,794.41,1847.92,0.987,463.94,1872.65,0.971,frontal,517.1277220599255,477.1143987553777,False,558.8610950880272,895.2166761240192,627.4466957744991
421,14033,398.59,329.75,1.0,650.52,449.49,1.0,402.1,506.59,1.0,797.79,693.47,1.0,404.68,741.33,0.766,763.98,945.81,0.999,378.36,953.96,0.863,652.58,971.77,1.0,512.04,985.98,1.0,688.49,1363.26,0.995,500.0,1362.08,0.963,749.62,1705.01,0.993,492.07,1724.16,0.957,752.35,1739.69,0.848,523.01,1755.29,0.849,790.73,1850.11,0.987,462.85,1872.24,0.958,frontal,526.3143384876729,478.040025732681,False,568.7216931413484,897.1431772560818,632.2373672472028
422,14066,400.26,335.07,1.0,656.5,449.01,1.0,414.7,508.88,1.0,807.41,694.85,1.0,420.72,749.11,0.75,761.7,942.86,0.999,394.75,957.97,0.869,666.47,975.93,1.0,527.06,989.4,1.0,700.24,1364.28,0.994,505.59,1368.26,0.96,762.05,1705.56,0.992,492.2,1724.18,0.953,783.3,1740.83,0.843,523.57,1755.93,0.833,787.15,1852.63,0.986,461.93,1872.1,0.955,frontal,535.5958639714469,478.9429722659303,False,579.8970603815787,899.7630069263904,638.9868075192069
423,14100,401.23,340.12,1.0,666.47,452.63,1.0,433.72,512.21,1.0,820.87,696.66,1.0,439.08,750.28,0.657,759.21,948.19,0.999,404.04,962.86,0.808,687.8,983.75,1.0,539.9,996.8,1.0,723.82,1371.29,0.996,514.31,1370.86,0.978,779.77,1706.89,0.995,492.44,1724.18,0.974,812.84,1743.41,0.873,524.44,1756.59,0.881,782.47,1854.97,0.991,461.18,1872.04,0.974,frontal,550.0952098752487,482.41784666619884,False,595.3895479156429,904.7032469806179,645.2317226381749
424,14133,404.15,345.48,1.0,673.56,455.45,1.0,450.46,513.29,1.0,827.1,698.08,1.0,458.41,752.78,0.633,760.29,950.97,0.999,420.53,966.86,0.787,698.64,988.0,1.0,549.88,1000.72,1.0,738.83,1379.43,0.997,528.18,1373.5,0.979,794.75,1708.51,0.995,492.56,1724.21,0.976,832.87,1746.23,0.864,525.19,1757.21,0.871,779.56,1856.31,0.991,460.36,1871.99,0.975,frontal,562.0139938026865,484.3689590082822,False,606.9396854264781,907.9383749033861,649.4929461733691
425,14166,406.07,350.71,1.0,680.22,456.87,1.0,467.52,519.02,1.0,840.75,697.94,1.0,478.44,756.28,0.555,767.1,948.59,0.999,433.99,977.82,0.734,716.21,991.11,1.0,565.9,1004.93,0.999,748.65,1377.23,0.996,542.04,1372.94,0.974,807.7,1710.01,0.994,492.61,1724.3,0.975,847.29,1749.07,0.851,525.37,1758.17,0.877,776.33,1856.88,0.988,459.29,1871.56,0.973,frontal,573.8670611662408,487.9407499151383,False,620.6493894663486,910.4628784927273,652.0693273233696
426,14200,411.02,356.59,1.0,690.05,458.43,1.0,487.8,525.82,1.0,843.05,700.15,0.999,499.69,766.43,0.474,765.56,954.73,0.998,447.47,983.91,0.659,731.19,993.52,1.0,585.89,1007.29,0.999,759.76,1376.56,0.996,550.56,1370.29,0.969,817.42,1711.89,0.993,492.81,1724.34,0.971,857.51,1752.54,0.816,525.64,1758.89,0.87,771.04,1858.1,0.985,455.6,1870.82,0.967,frontal,588.9231499642582,492.1235643460672,False,644.774361924275,931.5211333164135,652.4484120651452
427,14233,418.15,362.39,1.0,704.01,460.29,1.0,516.02,531.79,1.0,859.5,707.84,0.999,538.92,780.84,0.368,768.52,960.76,0.997,467.77,991.1,0.56,753.69,1002.46,1.0,602.83,1016.61,0.999,778.86,1377.66,0.995,563.18,1372.55,0.968,827.53,1714.72,0.992,493.19,1724.49,0.973,865.48,1755.55,0.865,526.31,1760.23,0.89,769.76,1859.32,0.985,450.77,1869.7,0.972,frontal,610.0191578934966,496.0398004387637,False,662.9942632790454,937.0529059302831,653.0809258570755
428,14266,429.2,369.51,1.0,714.92,458.7,1.0,535.74,533.75,1.0,868.44,705.67,0.999,562.43,788.7,0.327,780.7,970.18,0.998,487.52,995.68,0.522,766.37,998.67,1.0,621.48,1014.5,0.999,787.62,1377.25,0.994,578.37,1374.66,0.948,834.7,1717.61,0.991,493.67,1724.49,0.964,872.2,1759.63,0.878,527.76,1760.95,0.878,767.71,1860.15,0.984,440.4,1867.76,0.966,frontal,625.3272485404368,496.2258532156757,False,676.7670836655562,936.0302931190957,652.0165130946074
429,14299,437.08,372.86,1.0,721.42,456.69,1.0,541.93,529.78,0.999,874.89,706.85,0.999,587.88,780.09,0.271,798.22,982.0,0.998,528.48,989.78,0.453,782.01,998.69,1.0,637.17,1013.58,0.999,806.25,1376.78,0.996,587.94,1373.66,0.952,839.71,1719.44,0.993,494.33,1724.46,0.968,878.8,1761.87,0.907,528.95,1761.76,0.891,765.65,1861.1,0.987,427.92,1863.9,0.969,frontal,631.676061474396,493.23612916187085,False,687.9624380799871,934.8741864205709,650.330499673849
430,14333,447.74,378.76,1.0,726.24,449.64,1.0,557.37,535.98,0.999,880.31,704.56,0.999,607.92,789.99,0.232,820.76,995.85,0.997,547.55,996.85,0.393,788.27,994.61,1.0,653.9,1010.72,0.999,818.61,1377.81,0.996,597.26,1371.33,0.936,844.28,1722.28,0.993,496.32,1724.3,0.958,884.02,1765.17,0.927,532.56,1762.1,0.868,763.24,1861.89,0.988,412.88,1856.77,0.961,frontal,641.8088380973443,492.8081906678819,False,697.9732632791212,933.0056507570843,648.1759188523293
431,14366,456.0,382.58,1.0,727.7,446.44,1.0,573.74,531.73,0.999,885.8,702.87,1.0,628.18,781.93,0.187,853.61,1001.77,0.999,571.46,988.34,0.377,779.63,995.8,1.0,659.43,1012.11,0.999,817.31,1386.95,0.996,595.99,1365.48,0.933,848.52,1724.07,0.992,500.09,1723.24,0.953,889.33,1767.39,0.942,537.2,1761.94,0.876,760.58,1862.68,0.986,405.06,1844.96,0.957,frontal,650.720391015715,489.0809680686615,False,700.249252237056,932.5624154683936,648.0440914206597
432,14400,464.02,387.75,1.0,731.06,446.01,1.0,590.54,513.23,0.999,891.94,702.32,1.0,661.4,771.85,0.11,880.94,1001.84,0.998,626.03,982.95,0.176,789.54,996.13,1.0,675.65,1013.77,0.999,828.24,1389.46,0.994,602.42,1348.59,0.9,852.74,1725.9,0.99,506.21,1720.47,0.935,894.67,1769.16,0.931,542.79,1761.62,0.846,759.15,1862.92,0.984,399.67,1829.44,0.944,frontal,660.7966098087418,479.62092866757985,False,710.6012000622743,928.8864851132378,649.0685237469206
433,14433,472.97,392.92,1.0,733.03,448.83,1.0,610.87,506.27,0.997,898.59,693.26,1.0,710.08,741.06,0.06,903.17,988.7,0.998,695.45,963.96,0.091,785.17,995.34,1.0,686.65,1011.4,0.999,830.72,1385.57,0.991,603.92,1341.76,0.809,855.14,1726.66,0.984,517.16,1716.34,0.883,897.67,1769.95,0.911,552.64,1761.45,0.796,757.61,1862.68,0.976,401.21,1811.32,0.904,frontal,671.9528489828715,477.5504219120846,False,716.2796193892226,926.3996249678188,652.2827154503732
