frame,time_ms,nose_x,nose_y,nose_conf,l_shoulder_x,l_shoulder_y,l_shoulder_conf,r_shoulder_x,r_shoulder_y,r_shoulder_conf,l_elbow_x,l_elbow_y,l_elbow_conf,r_elbow_x,r_elbow_y,r_elbow_conf,l_wrist_x,l_wrist_y,l_wrist_conf,r_wrist_x,r_wrist_y,r_wrist_conf,l_hip_x,l_hip_y,l_hip_conf,r_hip_x,r_hip_y,r_hip_conf,l_knee_x,l_knee_y,l_knee_conf,r_knee_x,r_knee_y,r_knee_conf,l_ankle_x,l_ankle_y,l_ankle_conf,r_ankle_x,r_ankle_y,r_ankle_conf,l_heel_x,l_heel_y,l_heel_conf,r_heel_x,r_heel_y,r_heel_conf,l_foot_index_x,l_foot_index_y,l_foot_index_conf,r_foot_index_x,r_foot_index_y,r_foot_index_conf,view_type,c7_x,c7_y,has_barbell,com_x,com_y,mid_foot_x
0,0,392.07,360.61,1.0,546.23,458.54,1.0,521.83,498.59,0.999,604.31,704.32,0.997,571.53,741.28,0.08,561.2,946.86,0.985,543.71,932.16,0.071,583.39,934.69,0.999,577.39,942.05,0.998,577.87,1299.55,0.961,601.56,1267.27,0.321,618.94,1655.68,0.95,666.15,1561.03,0.49,650.47,1713.75,0.958,703.27,1593.22,0.624,467.69,1744.78,0.941,532.8,1631.26,0.651,lateral,546.2298917770386,458.5444450378418,False,565.9143128627685,684.443005585089,588.5569122433662
1,33,392.52,359.48,1.0,542.21,458.22,1.0,522.49,497.41,0.999,609.85,696.35,0.996,587.76,729.89,0.074,579.66,938.3,0.984,557.79,920.78,0.071,578.74,934.79,0.999,577.13,942.29,0.996,576.58,1299.87,0.92,602.15,1267.58,0.233,618.94,1655.72,0.916,666.11,1561.23,0.331,650.49,1713.76,0.936,703.17,1593.59,0.492,467.67,1744.78,0.906,532.76,1631.35,0.494,lateral,542.2075233197977,458.21772107427944,False,562.1166997342071,683.9268016145666,559.0789782075516
2,66,392.94,356.96,1.0,540.86,457.79,1.0,523.53,492.55,0.999,619.1,692.21,0.998,596.27,720.69,0.059,595.34,929.3,0.991,566.91,912.67,0.066,571.29,937.61,0.999,573.31,943.39,0.997,571.95,1302.92,0.964,603.27,1270.36,0.273,618.94,1655.71,0.921,666.05,1561.39,0.378,650.51,1713.75,0.951,703.13,1593.59,0.573,467.67,1744.78,0.904,532.79,1631.46,0.542,lateral,540.8570669920448,457.78969440869804,False,558.6007075778944,683.7675581012329,588.5260572989785
3,100,394.1,353.73,1.0,541.13,456.54,1.0,523.34,489.03,0.999,620.42,688.82,0.998,597.76,719.21,0.061,597.08,926.74,0.993,567.43,912.41,0.072,565.63,939.84,0.999,567.71,943.85,0.996,570.45,1302.6,0.951,603.39,1271.62,0.225,618.94,1655.74,0.9,665.93,1561.74,0.3,650.62,1713.8,0.94,702.73,1594.44,0.516,467.62,1744.78,0.878,532.81,1631.72,0.459,lateral,541.1300772990335,456.5420099128892,False,556.2510020526225,683.0765613499602,606.987336971202
4,133,396.37,351.36,1.0,539.16,455.94,1.0,528.23,487.36,0.999,615.49,690.39,0.998,594.34,717.64,0.072,591.04,925.42,0.991,569.87,911.65,0.078,563.57,942.03,0.999,568.29,945.24,0.998,566.54,1304.65,0.964,604.01,1271.64,0.272,618.92,1655.78,0.937,665.98,1561.85,0.401,650.78,1713.91,0.963,702.82,1594.44,0.612,467.62,1744.76,0.925,533.1,1631.8,0.581,lateral,539.1556660696654,455.94252510931767,False,554.0884322661533,683.1325702014493,588.5791667341845
5,166,399.69,348.23,1.0,541.06,456.3,1.0,526.22,489.52,0.999,599.55,693.3,0.998,586.18,721.99,0.091,586.05,930.57,0.991,560.75,916.39,0.094,558.18,939.88,0.999,556.15,944.24,0.998,569.01,1303.26,0.931,603.5,1271.57,0.224,618.88,1655.83,0.912,665.7,1562.16,0.308,650.78,1714.13,0.945,702.49,1594.85,0.502,467.63,1744.72,0.9,533.1,1632.28,0.483,lateral,541.0611505014838,456.3015858695511,False,551.7599875551483,683.382250783513,606.9686139389777
6,200,404.47,343.99,1.0,544.09,452.68,1.0,528.5,485.11,0.999,584.82,688.55,0.998,576.94,721.34,0.096,556.07,930.04,0.992,551.2,917.66,0.09,555.39,937.29,0.999,555.32,941.75,0.998,565.99,1301.22,0.947,602.33,1272.17,0.254,618.65,1655.89,0.92,665.04,1563.12,0.337,650.73,1714.19,0.952,701.32,1596.39,0.519,467.66,1744.62,0.906,533.05,1632.67,0.496,lateral,544.0896439760752,452.6843775071864,False,551.2844747522622,681.505081376476,606.5693565296323
7,233,408.59,341.93,1.0,547.85,452.5,1.0,526.98,487.49,0.999,582.56,686.52,0.999,559.2,722.68,0.091,535.53,930.79,0.995,528.88,922.77,0.097,555.9,934.5,0.999,551.03,941.02,0.997,566.23,1299.73,0.908,600.49,1272.27,0.223,618.44,1655.97,0.917,664.33,1563.84,0.3,650.73,1714.44,0.928,700.55,1597.48,0.46,467.57,1744.62,0.904,533.04,1633.36,0.469,lateral,547.8532050861777,452.49712741013894,False,553.3100367645262,681.2968372391073,559.1527657643668
8,266,412.23,340.2,1.0,552.84,442.87,1.0,526.42,478.97,0.999,582.83,673.25,0.999,548.34,716.55,0.094,527.18,914.95,0.996,508.19,913.13,0.11,557.05,923.84,0.999,542.37,933.13,0.998,567.39,1287.09,0.914,591.8,1269.13,0.233,617.95,1655.92,0.913,662.13,1565.46,0.309,650.67,1714.34,0.903,697.46,1600.34,0.436,467.1,1744.58,0.906,532.65,1635.44,0.474,lateral,552.8424794465479,442.8712916968517,False,556.4848562146275,675.5686998383283,558.8861717027827
9,300,415.79,337.03,1.0,553.19,436.29,1.0,518.26,477.13,0.999,587.43,657.58,0.999,544.81,708.79,0.08,535.94,899.83,0.996,506.78,897.89,0.087,553.79,911.31,0.999,537.12,920.61,0.998,562.84,1283.03,0.912,584.18,1263.37,0.181,617.53,1655.9,0.878,660.76,1565.65,0.241,650.67,1714.3,0.885,696.18,1600.53,0.388,466.97,1744.39,0.871,532.22,1636.23,0.393,lateral,553.1884260739332,436.2887189771176,False,555.6050415959226,671.6403472013421,558.8216023816576
10,333,416.59,332.94,1.0,550.36,435.5,1.0,521.32,474.41,0.999,587.97,650.85,0.998,555.73,698.78,0.065,538.28,896.59,0.99,521.05,890.19,0.069,549.04,913.77,0.999,541.89,921.24,0.997,558.77,1284.33,0.93,588.09,1262.51,0.218,616.9,1655.9,0.912,659.69,1565.65,0.317,650.59,1714.36,0.933,695.48,1600.53,0.487,466.79,1744.08,0.902,531.96,1636.43,0.476,lateral,550.3568361836824,435.5024082749167,False,552.0872104065943,671.1317347603435,558.6870654026349
11,366,417.07,326.17,1.0,544.32,434.94,1.0,516.88,469.45,0.999,608.38,650.53,0.997,571.68,693.07,0.056,568.57,898.08,0.987,540.92,886.46,0.063,545.04,919.37,0.999,541.19,926.87,0.996,553.52,1287.94,0.966,587.75,1262.96,0.259,616.24,1655.88,0.913,658.15,1565.65,0.353,650.24,1714.34,0.954,693.63,1600.69,0.575,466.65,1743.16,0.89,531.51,1636.08,0.524,lateral,544.3173343784771,434.9395404359851,False,548.2598366036165,671.1613330586214,585.5067599747747
12,400,416.09,320.55,1.0,537.38,430.7,1.0,508.9,468.28,0.998,623.12,648.45,0.998,576.18,686.92,0.066,603.19,905.47,0.991,555.19,891.12,0.074,543.65,924.35,0.998,536.55,930.33,0.994,557.63,1287.94,0.925,584.21,1262.05,0.172,616.01,1655.9,0.879,656.22,1566.34,0.233,650.09,1714.34,0.905,691.24,1602.77,0.416,466.65,1742.8,0.856,530.07,1638.89,0.395,lateral,537.3805291980093,430.7039339905185,False,544.960250168409,668.7254129485101,558.3698587822745
13,433,414.69,316.84,1.0,534.5,423.51,1.0,512.27,460.53,0.998,642.97,634.47,0.999,584.49,675.47,0.037,638.54,905.51,0.996,575.64,891.0,0.051,546.4,930.88,0.999,540.34,932.27,0.995,558.33,1287.42,0.971,582.47,1263.48,0.24,615.16,1655.9,0.911,654.97,1566.51,0.33,649.77,1714.36,0.938,689.48,1603.28,0.548,465.61,1741.92,0.883,529.36,1638.61,0.496,lateral,534.495844492809,423.5065993219602,False,545.6560978278882,664.2465091211891,601.6223989352146
14,466,413.57,316.89,1.0,530.58,421.33,1.0,514.36,460.28,0.997,653.18,621.8,0.997,606.41,663.62,0.03,672.22,873.45,0.988,609.1,867.21,0.043,548.38,929.64,0.998,542.87,931.37,0.995,558.58,1288.06,0.976,584.89,1265.43,0.295,614.42,1655.92,0.93,653.32,1568.01,0.405,649.62,1714.49,0.945,688.18,1605.12,0.579,464.73,1741.43,0.909,526.8,1640.57,0.556,lateral,530.584631854845,421.332918449536,False,545.1241312026536,662.4111078394512,582.3308214542094
15,500,412.13,313.2,1.0,524.48,413.3,1.0,514.37,450.98,0.999,656.45,604.57,0.999,613.4,638.23,0.034,695.62,834.32,0.996,615.25,836.68,0.061,551.29,924.55,0.999,546.65,923.21,0.998,555.21,1287.77,0.995,585.33,1263.63,0.474,613.69,1655.74,0.969,652.89,1567.51,0.608,649.02,1714.47,0.974,688.18,1604.31,0.726,463.73,1740.07,0.954,526.8,1640.11,0.742,lateral,524.484140716377,413.2991114610868,False,543.5353407551293,657.5114436949466,581.9347508793951
16,533,409.21,309.15,1.0,517.41,410.77,1.0,515.26,447.77,0.998,663.61,597.78,0.998,642.85,625.8,0.049,717.18,823.92,0.993,663.73,822.64,0.077,551.24,925.16,0.999,548.69,923.74,0.997,556.61,1290.38,0.992,585.82,1265.77,0.426,613.3,1655.74,0.961,650.95,1568.09,0.563,648.71,1714.45,0.973,686.06,1606.3,0.695,463.06,1738.53,0.948,526.25,1640.78,0.717,lateral,517.4103962701531,410.76615933593973,False,540.3592259811936,655.8023488348008,581.0202970804962
17,566,404.56,307.58,1.0,519.6,411.8,1.0,504.82,450.21,0.997,674.72,597.84,0.999,640.72,617.39,0.048,734.14,821.05,0.997,666.89,809.55,0.087,552.09,925.49,0.999,547.12,923.66,0.995,558.43,1289.79,0.984,581.93,1264.28,0.305,612.82,1655.66,0.938,648.89,1568.23,0.427,648.45,1714.33,0.951,684.24,1607.07,0.592,462.04,1737.3,0.925,525.65,1642.0,0.61,lateral,519.5950370002911,411.80440131762737,False,542.4265610546837,656.1406323670741,580.0963375057268
18,600,400.62,304.88,1.0,518.25,403.96,1.0,505.1,443.22,0.996,678.15,591.05,0.999,649.93,610.61,0.042,735.36,805.68,0.995,671.38,798.44,0.076,557.47,918.96,0.998,546.89,917.0,0.994,563.71,1288.64,0.98,581.26,1261.07,0.277,612.2,1655.48,0.935,647.04,1568.55,0.398,647.83,1714.07,0.944,682.66,1608.19,0.559,461.32,1735.72,0.92,523.8,1643.06,0.581,lateral,518.2499879685316,403.96410071525236,False,544.3847574297648,651.417308350764,578.9021418795109
19,633,396.52,302.18,1.0,515.21,403.87,1.0,504.08,440.2,0.996,676.29,593.25,0.999,649.0,609.29,0.047,744.86,808.35,0.997,675.75,798.28,0.09,557.5,916.31,0.999,546.04,912.51,0.994,562.13,1284.64,0.975,578.85,1256.92,0.274,611.41,1655.04,0.929,646.43,1568.34,0.37,647.24,1713.66,0.942,682.66,1607.86,0.531,460.09,1733.28,0.913,523.55,1642.66,0.555,lateral,515.2107583029394,403.87173204326075,False,542.7774011299088,651.3008720802128,578.3839547335947
20,666,391.88,299.28,1.0,517.7,403.91,1.0,506.46,442.32,0.998,673.76,600.99,0.998,653.72,622.44,0.064,739.88,816.67,0.993,692.61,813.98,0.102,564.04,912.95,0.998,550.74,910.98,0.995,562.75,1283.36,0.985,580.53,1256.17,0.345,610.6,1654.32,0.949,645.56,1568.25,0.449,646.41,1712.8,0.952,682.33,1607.86,0.602,459.19,1730.59,0.929,523.41,1642.31,0.628,lateral,517.697973784911,403.9139497077269,False,546.6852734111,651.3031879264054,577.8320643785039
21,700,388.41,297.03,1.0,514.5,400.51,1.0,509.75,433.63,0.998,665.58,600.51,0.998,640.57,618.89,0.034,712.74,827.17,0.993,659.14,818.26,0.052,568.28,914.19,0.999,563.62,911.95,0.997,565.42,1281.22,0.996,589.54,1251.49,0.427,610.12,1653.19,0.965,645.79,1567.72,0.605,645.88,1711.56,0.98,682.55,1607.64,0.76,458.47,1728.49,0.944,523.6,1641.89,0.731,lateral,514.5048107165958,400.505146045542,False,546.516387521243,648.8937805239257,577.6242729073695
22,733,385.23,294.48,1.0,511.21,400.44,1.0,509.61,435.92,0.998,661.67,600.6,0.999,635.91,627.18,0.032,703.11,845.1,0.996,655.15,826.58,0.048,573.83,909.49,0.998,579.08,908.5,0.995,564.3,1278.47,0.993,602.39,1250.69,0.287,609.82,1652.79,0.95,646.28,1567.72,0.478,645.54,1711.23,0.973,683.03,1607.72,0.687,457.8,1727.72,0.922,523.94,1641.67,0.62,lateral,511.21281332137994,400.440004508232,False,546.9725925351607,648.7455683205195,577.5763058805774
23,766,381.73,292.41,1.0,510.48,401.48,1.0,503.28,437.81,0.999,652.66,603.89,0.998,609.24,639.06,0.061,663.11,863.16,0.994,604.22,856.83,0.078,576.42,903.23,0.999,576.34,904.48,0.996,568.18,1267.34,0.966,601.11,1240.22,0.242,609.27,1651.28,0.943,646.63,1565.09,0.388,645.01,1709.82,0.957,683.22,1606.72,0.573,457.39,1726.03,0.921,524.59,1639.07,0.558,lateral,510.48114855538364,401.47621240489445,False,547.3156690402967,648.4824040985885,577.5521738414091
24,800,377.95,290.81,1.0,498.09,404.42,1.0,514.89,437.54,0.999,599.41,614.61,0.996,616.25,642.0,0.08,589.2,876.48,0.983,605.24,857.08,0.08,578.78,889.05,0.999,595.19,892.37,0.997,570.96,1256.79,0.964,603.16,1228.68,0.241,609.02,1649.35,0.94,646.68,1563.84,0.408,644.7,1707.58,0.952,683.51,1606.28,0.565,457.39,1723.69,0.926,524.87,1635.84,0.575,lateral,498.09250960746493,404.4226403537019,False,539.3388967538322,649.4940996798864,577.6193560446582
25,833,376.35,292.29,1.0,491.13,415.5,1.0,538.98,439.48,1.0,550.77,643.94,0.995,630.58,649.22,0.068,527.1,894.71,0.971,597.01,850.57,0.066,581.54,888.82,0.999,613.98,889.24,0.998,570.04,1260.84,0.983,614.26,1233.12,0.359,608.82,1647.12,0.966,646.91,1561.86,0.605,643.92,1705.42,0.972,683.93,1604.43,0.703,457.13,1720.35,0.957,525.49,1632.2,0.732,lateral,491.13241255955694,415.5009966661454,False,534.3623455563219,655.6663850196443,577.616461923149
26,866,373.72,293.6,1.0,492.22,417.92,1.0,531.79,435.64,0.999,535.83,654.95,0.994,593.27,669.42,0.049,489.24,901.24,0.974,531.63,877.81,0.058,592.23,877.55,0.999,623.49,879.3,0.998,572.07,1248.44,0.953,610.24,1226.01,0.295,608.59,1644.79,0.962,646.91,1560.86,0.519,643.21,1702.75,0.944,683.93,1604.6,0.581,456.79,1718.11,0.955,525.57,1630.64,0.671,lateral,492.21962808040837,417.9218063395409,False,538.4206368802257,656.3867989355633,577.3770222452819
27,900,370.8,295.56,1.0,486.69,423.18,1.0,525.58,436.45,0.999,536.06,663.89,0.995,576.04,679.48,0.041,452.3,890.59,0.981,503.25,886.7,0.051,603.79,878.88,0.999,632.57,879.5,0.997,578.81,1242.95,0.953,611.68,1222.37,0.237,608.47,1642.8,0.955,646.91,1560.47,0.451,642.93,1700.3,0.933,683.83,1604.51,0.547,456.07,1715.86,0.941,525.36,1628.38,0.604,lateral,486.68654309483566,423.18044934697105,False,540.6482925125229,658.4651074042824,577.046082948817
28,933,367.32,300.31,1.0,478.75,428.19,1.0,524.24,448.56,0.999,528.64,655.07,0.998,576.66,682.88,0.049,406.38,887.54,0.995,486.87,871.35,0.086,622.51,879.31,1.0,646.12,879.09,0.998,580.71,1241.62,0.979,609.38,1216.5,0.32,608.47,1640.95,0.981,646.83,1558.19,0.535,642.93,1697.86,0.963,683.8,1603.79,0.577,455.22,1713.12,0.974,525.21,1625.0,0.7,lateral,478.7458890380452,428.19113393821726,False,543.9123416714879,660.1374052553091,576.7889590247607
29,966,365.05,311.52,1.0,475.48,440.35,1.0,522.12,466.57,1.0,515.98,662.96,0.998,557.63,708.15,0.122,350.58,868.46,0.997,423.88,888.15,0.208,639.7,883.54,1.0,666.67,883.29,0.999,580.57,1238.54,0.989,607.72,1214.44,0.371,608.22,1639.62,0.988,646.41,1556.66,0.594,642.79,1696.4,0.982,683.13,1602.81,0.673,454.28,1708.5,0.981,522.85,1619.4,0.732,lateral,475.4815602253506,440.35024185000987,False,548.713681656708,666.8788231253403,575.7638103079603
30,1000,363.5,330.58,1.0,470.89,455.62,1.0,525.5,485.43,1.0,508.5,672.25,0.998,559.71,729.99,0.138,336.51,841.09,0.996,407.85,879.83,0.242,650.65,891.36,1.0,685.34,887.1,0.999,577.51,1239.59,0.987,603.93,1215.79,0.301,608.33,1638.02,0.987,646.5,1550.97,0.499,643.0,1694.2,0.98,683.17,1600.53,0.618,454.02,1705.77,0.979,522.74,1613.99,0.668,lateral,470.8859863673559,455.61953132903943,False,550.8366389164353,675.3668258614408,575.7321134503027
31,1033,361.28,355.18,1.0,470.17,478.12,1.0,526.97,504.8,1.0,492.09,698.44,0.995,543.4,751.23,0.182,311.31,825.92,0.993,386.1,875.95,0.296,665.64,917.03,1.0,702.78,908.61,0.999,561.52,1244.6,0.993,596.05,1220.49,0.394,608.33,1636.57,0.993,646.44,1549.35,0.609,643.06,1692.39,0.988,682.83,1599.11,0.691,454.02,1703.11,0.987,522.48,1611.63,0.738,lateral,470.17177029436306,478.1174669490888,False,557.2980452055233,691.2511621897028,575.5952356230431
32,1066,358.71,386.28,1.0,468.49,507.09,1.0,530.07,534.89,0.999,475.34,724.06,0.992,536.72,757.87,0.145,293.41,827.07,0.987,375.18,866.86,0.25,678.08,935.27,1.0,716.38,921.82,0.999,540.61,1244.82,0.99,594.57,1227.17,0.401,608.17,1634.56,0.987,646.46,1547.37,0.543,643.0,1690.26,0.98,682.83,1595.33,0.646,454.13,1700.17,0.976,522.64,1610.05,0.652,lateral,468.48675072016835,507.092553795669,False,561.7501025384968,712.1834649255757,575.6499916337183
33,1100,356.15,417.16,1.0,462.21,541.09,1.0,527.95,549.29,0.999,458.32,776.62,0.958,516.71,781.1,0.145,252.2,825.26,0.892,360.79,832.77,0.214,693.25,950.92,1.0,730.99,930.87,1.0,508.84,1245.73,0.995,575.83,1224.08,0.397,608.09,1632.37,0.995,646.24,1544.28,0.661,643.0,1687.55,0.992,682.66,1590.79,0.692,453.75,1698.8,0.992,522.91,1607.76,0.776,lateral,462.2087148017655,541.0917954023216,False,562.827966031236,741.5657951495294,575.5803948305733
34,1133,352.47,454.63,1.0,458.8,573.43,1.0,527.62,580.06,1.0,447.79,808.83,0.97,489.29,822.84,0.31,250.74,802.6,0.942,327.47,824.59,0.428,716.72,966.32,1.0,747.91,945.93,1.0,510.94,1250.87,0.995,563.02,1224.55,0.447,608.12,1630.83,0.995,645.65,1541.24,0.653,643.03,1686.32,0.992,682.13,1585.99,0.715,453.95,1697.75,0.992,522.97,1608.08,0.777,lateral,458.801856475767,573.4266556982253,False,571.4904639793286,764.8622361515191,575.5214777004323
35,1166,349.98,491.48,1.0,453.56,615.1,1.0,527.33,620.51,1.0,405.24,839.92,0.976,452.88,845.09,0.484,236.86,795.6,0.948,286.92,819.6,0.596,732.68,984.95,1.0,756.19,961.95,1.0,510.58,1255.01,0.994,552.4,1228.02,0.428,608.17,1629.68,0.993,644.14,1540.68,0.581,643.22,1684.29,0.991,680.84,1583.99,0.712,454.05,1695.44,0.991,522.93,1608.74,0.739,lateral,453.55880781439345,615.0959897229809,False,575.2064644138809,793.2059767936935,575.2604943161828
36,1200,349.0,531.05,1.0,461.25,650.75,1.0,528.09,656.82,1.0,381.6,871.49,0.977,437.01,871.63,0.35,236.89,797.61,0.959,299.02,826.8,0.417,749.95,1001.46,1.0,759.98,981.65,1.0,513.25,1255.61,0.993,545.2,1228.79,0.371,608.17,1628.39,0.994,642.34,1539.79,0.559,643.47,1681.28,0.992,679.95,1581.32,0.692,454.15,1693.02,0.992,522.92,1608.85,0.739,lateral,461.25210599246043,650.7478160649707,False,586.9205495048614,818.2805342922579,575.1206195208931
37,1233,348.88,569.65,1.0,463.89,683.95,1.0,529.33,691.91,1.0,361.69,897.91,0.975,424.91,893.27,0.315,233.85,805.09,0.963,302.75,829.93,0.398,755.79,1017.78,1.0,768.18,1003.91,1.0,512.24,1260.08,0.992,546.5,1234.22,0.343,608.17,1627.25,0.994,641.84,1538.18,0.572,643.97,1679.79,0.992,680.44,1577.0,0.696,454.32,1690.53,0.992,522.77,1606.08,0.757,lateral,463.88668669745175,683.9478323436568,False,592.112073624838,841.1113328302465,575.3742044806067
38,1266,349.04,607.68,1.0,467.23,714.58,1.0,528.29,726.15,1.0,342.5,926.45,0.979,416.08,916.25,0.356,234.85,812.39,0.974,294.55,832.02,0.391,765.05,1038.69,1.0,767.88,1022.92,1.0,513.72,1266.86,0.993,545.55,1233.28,0.371,608.25,1626.22,0.994,640.97,1534.45,0.63,645.15,1678.27,0.993,679.85,1570.87,0.708,454.38,1688.65,0.993,522.77,1599.96,0.792,lateral,467.2283182550068,714.5786677329374,False,599.9702159582326,864.7191278069299,575.5370152859302
39,1300,349.56,647.2,1.0,466.76,753.35,1.0,530.48,748.83,1.0,331.9,956.66,0.984,415.37,936.43,0.387,243.93,829.47,0.973,309.42,835.06,0.338,775.98,1058.49,1.0,765.63,1037.57,1.0,512.85,1270.19,0.992,526.56,1229.18,0.387,608.42,1624.85,0.995,640.45,1528.28,0.599,646.75,1676.38,0.993,679.55,1561.74,0.688,454.56,1687.16,0.994,522.79,1591.94,0.773,lateral,466.7612540726943,753.3467605543681,False,605.9454975594164,893.7473095223138,575.9130994019879
40,1333,350.13,681.14,1.0,466.37,790.0,1.0,530.32,775.92,0.999,323.32,982.11,0.984,411.51,958.82,0.403,249.74,850.94,0.973,315.24,855.66,0.278,782.73,1082.62,1.0,768.73,1058.74,1.0,511.53,1270.49,0.992,524.05,1221.22,0.416,608.46,1622.11,0.995,640.1,1520.47,0.623,648.02,1673.76,0.994,679.41,1550.79,0.714,454.86,1683.07,0.993,522.81,1581.81,0.78,lateral,466.3668792525932,790.0009424930188,False,612.2036775695444,922.4174669461677,576.2760313669208
41,1366,350.91,711.74,1.0,468.0,814.78,1.0,531.83,799.03,0.999,322.77,1012.66,0.985,417.47,951.25,0.353,247.96,867.64,0.981,318.08,865.48,0.208,785.99,1099.44,1.0,768.23,1073.07,1.0,509.23,1268.42,0.993,517.26,1208.78,0.423,608.7,1620.28,0.994,639.3,1508.71,0.581,650.39,1672.2,0.992,678.86,1543.91,0.673,455.86,1677.7,0.992,522.79,1574.39,0.757,lateral,467.99823113517937,814.7846055989694,False,617.0659884690906,943.2142817277556,576.973769794121
42,1400,351.25,740.98,1.0,461.89,847.31,1.0,534.46,819.3,0.999,325.41,1042.43,0.98,418.76,966.15,0.273,259.7,892.17,0.959,322.37,888.39,0.142,789.26,1126.07,1.0,781.74,1095.76,1.0,508.15,1268.48,0.991,526.37,1213.85,0.426,608.92,1618.19,0.993,640.0,1505.04,0.64,651.53,1669.9,0.993,679.2,1539.06,0.716,457.54,1676.73,0.991,527.62,1569.94,0.769,lateral,461.88562517000287,847.3114740370124,False,620.3234657205118,972.099194565879,578.9733373544925
43,1433,351.43,773.01,1.0,458.63,879.09,1.0,533.35,852.15,0.999,327.65,1070.12,0.976,416.97,994.69,0.204,268.35,916.14,0.952,324.21,911.18,0.116,793.56,1152.21,1.0,790.26,1118.77,1.0,509.39,1267.06,0.993,530.8,1212.17,0.432,609.24,1617.01,0.994,640.0,1500.97,0.675,652.83,1668.46,0.993,679.22,1533.13,0.731,459.69,1675.49,0.992,527.62,1565.7,0.803,lateral,458.634837019737,879.0906629941439,False,625.2584936574474,1001.2133645026278,579.8433932191463
44,1466,351.67,797.5,1.0,461.32,900.42,1.0,532.87,861.36,1.0,327.12,1097.49,0.98,412.55,1019.23,0.275,272.85,933.69,0.958,324.88,935.41,0.117,792.77,1167.05,1.0,784.98,1129.95,1.0,506.25,1266.27,0.996,521.48,1204.17,0.334,609.83,1613.9,0.995,638.7,1496.84,0.535,655.1,1665.69,0.993,678.98,1527.82,0.622,462.86,1673.8,0.992,527.33,1560.92,0.694,lateral,461.3158071849859,900.4168245521792,False,628.2815574814954,1020.7027104540814,581.0685419163168
45,1500,352.16,823.28,1.0,464.63,923.01,1.0,539.42,884.11,1.0,324.43,1115.25,0.986,413.1,1028.23,0.295,273.08,947.4,0.965,326.45,944.78,0.111,782.56,1187.0,1.0,790.26,1148.48,1.0,502.83,1263.27,0.997,525.7,1204.69,0.433,610.25,1611.97,0.995,637.63,1493.79,0.635,656.47,1664.08,0.995,678.98,1520.48,0.71,464.62,1673.28,0.993,527.22,1556.75,0.779,lateral,464.6334753636331,923.0102238281526,False,631.5822030861602,1041.668768396441,581.8210158335696
46,1533,353.17,844.26,1.0,471.58,942.95,1.0,542.63,904.37,1.0,329.15,1130.74,0.959,410.74,1056.67,0.249,276.44,957.55,0.932,333.83,961.17,0.133,777.74,1200.42,1.0,787.95,1159.0,1.0,502.75,1260.91,0.997,541.3,1208.14,0.324,610.25,1608.95,0.995,637.15,1492.03,0.554,656.69,1661.22,0.995,679.01,1515.02,0.645,465.42,1672.19,0.994,527.94,1554.37,0.725,lateral,471.5754744877177,942.9450329728885,False,637.3578348276701,1059.2034933380157,582.264162645825
47,1566,354.69,855.06,1.0,472.2,951.85,1.0,538.8,907.35,1.0,335.95,1146.06,0.984,416.51,1060.0,0.265,278.69,977.11,0.941,344.46,973.27,0.1,771.12,1203.35,1.0,787.88,1164.69,1.0,500.27,1254.45,0.998,557.51,1209.51,0.398,610.25,1605.03,0.994,636.91,1486.91,0.615,657.1,1657.28,0.993,678.99,1510.92,0.695,466.24,1670.51,0.991,528.14,1551.16,0.749,lateral,472.20233897975163,951.8524932748287,False,638.0281680772242,1065.8189075316159,582.6176664769472
48,1600,356.06,867.75,1.0,474.1,956.91,1.0,535.44,916.1,1.0,338.89,1163.22,0.984,424.87,1076.83,0.359,281.85,990.85,0.932,349.99,983.77,0.136,773.82,1212.95,1.0,794.63,1171.44,1.0,501.8,1255.81,0.998,553.73,1209.89,0.468,610.25,1602.02,0.995,636.23,1483.68,0.727,657.59,1654.19,0.995,678.88,1509.02,0.779,467.48,1668.04,0.994,528.39,1548.67,0.826,lateral,474.10494881996203,956.9064732708669,False,640.6850514096691,1075.4119573227022,583.0849990173195
49,1633,357.1,874.02,1.0,472.83,962.53,1.0,535.11,918.87,1.0,343.32,1163.64,0.991,440.38,1068.11,0.306,282.83,998.43,0.948,356.23,986.68,0.124,771.54,1214.27,1.0,791.41,1171.2,1.0,502.41,1255.8,0.998,576.23,1209.81,0.524,610.43,1599.99,0.996,636.67,1474.59,0.751,658.65,1651.66,0.996,679.8,1500.46,0.795,469.56,1666.83,0.994,533.6,1540.66,0.835,lateral,472.8253982962369,962.5267864752976,False,646.0217927039703,1147.8179253579992,585.403810577039
50,1666,358.05,878.44,1.0,474.1,969.19,1.0,541.61,914.83,1.0,346.29,1167.3,0.986,455.8,1073.63,0.156,285.43,1001.39,0.953,358.88,996.2,0.093,769.57,1217.97,1.0,794.94,1178.33,1.0,502.11,1253.86,0.998,579.58,1209.77,0.455,610.43,1596.34,0.996,636.9,1468.31,0.75,658.9,1648.73,0.995,680.77,1495.19,0.798,469.81,1662.44,0.994,534.9,1537.6,0.842,lateral,474.0961262023625,969.1888410624694,False,641.6270105271324,1085.1319800791146,586.092968807325
51,1700,359.47,879.32,1.0,474.99,961.21,1.0,541.86,916.25,1.0,350.55,1171.24,0.986,456.25,1068.93,0.256,286.91,1003.3,0.947,360.3,994.1,0.126,772.35,1214.17,1.0,799.14,1176.76,1.0,505.43,1254.13,0.997,573.45,1216.14,0.483,610.75,1594.01,0.995,637.53,1467.5,0.732,659.67,1646.93,0.994,682.23,1495.19,0.787,471.1,1660.81,0.993,537.46,1537.6,0.834,lateral,474.9906054366838,961.2058373860921,False,643.2710702949415,1079.5666136661555,587.6137515897864
52,1733,360.31,874.22,1.0,474.77,951.23,1.0,543.46,903.38,1.0,350.99,1156.86,0.982,458.9,1060.6,0.192,287.66,988.1,0.944,365.3,988.06,0.081,770.6,1205.05,1.0,794.68,1169.17,1.0,505.03,1253.77,0.997,568.5,1215.59,0.365,610.84,1592.59,0.994,637.67,1468.29,0.598,659.95,1645.43,0.994,682.33,1494.71,0.672,471.91,1659.05,0.991,537.46,1537.26,0.736,lateral,474.7715115828035,951.2344839735712,False,642.1471728273523,1068.5131502240636,587.9148357518532
53,1766,360.83,867.71,1.0,477.78,940.64,1.0,546.6,893.58,1.0,347.8,1141.2,0.975,449.22,1053.73,0.159,286.54,978.07,0.964,359.29,975.99,0.077,766.05,1199.02,1.0,785.93,1164.55,1.0,504.37,1252.14,0.997,552.69,1203.6,0.378,611.63,1591.84,0.996,637.53,1464.06,0.631,661.59,1645.43,0.994,681.94,1491.21,0.708,473.22,1658.57,0.993,536.85,1535.94,0.782,lateral,477.7806122336342,940.6449105978152,False,642.6707930391483,1058.44806431764,588.4015107982088
54,1800,360.89,861.67,1.0,477.09,935.51,1.0,544.65,889.19,1.0,346.16,1133.57,0.979,436.23,1049.03,0.228,284.39,965.13,0.955,342.05,965.33,0.093,768.24,1195.87,1.0,785.94,1162.12,1.0,504.49,1252.23,0.997,526.16,1204.76,0.383,612.97,1592.14,0.995,636.89,1465.53,0.62,664.29,1645.88,0.993,681.81,1490.35,0.691,476.19,1658.81,0.992,536.22,1535.94,0.769,lateral,477.0884654852482,935.5124593927212,False,641.9672905399398,1053.7775293017073,589.6269012225564
55,1833,361.44,852.3,1.0,474.01,902.08,1.0,543.04,868.01,0.999,347.7,1108.56,0.964,440.32,1048.26,0.175,288.04,955.61,0.941,342.61,955.31,0.108,785.58,1177.72,1.0,790.69,1142.77,1.0,505.79,1246.71,0.994,533.25,1206.12,0.392,613.86,1592.5,0.993,636.98,1465.67,0.659,665.69,1645.77,0.992,682.48,1490.35,0.718,478.24,1658.66,0.992,536.73,1535.94,0.789,lateral,474.0132193046294,902.0845143376159,False,639.9504287499519,1027.571489683476,590.7822553023004
56,1866,360.91,827.22,1.0,469.3,863.0,1.0,544.23,833.39,0.999,356.33,1076.63,0.959,460.3,1035.43,0.185,291.85,936.51,0.945,346.32,945.4,0.135,794.67,1147.53,1.0,790.94,1114.16,1.0,512.08,1249.6,0.994,534.73,1208.63,0.41,615.09,1592.77,0.995,637.17,1466.27,0.662,667.29,1645.88,0.993,683.46,1491.1,0.712,479.19,1658.66,0.994,536.73,1536.05,0.804,lateral,469.302517457062,863.0046992083941,False,635.9353745222285,991.7460792575326,591.6678058751801
57,1900,360.57,790.37,1.0,471.28,836.39,1.0,543.76,800.38,0.999,374.9,1058.95,0.967,466.18,996.62,0.199,297.36,934.3,0.958,347.32,933.96,0.153,794.14,1117.06,1.0,788.46,1083.92,1.0,515.26,1252.94,0.99,526.46,1210.81,0.411,616.27,1592.85,0.992,637.17,1466.85,0.629,668.95,1646.16,0.992,683.74,1492.06,0.728,480.89,1658.88,0.991,536.6,1536.61,0.774,lateral,471.2758133568228,836.3896876389903,False,632.915139699099,963.0995326858954,592.5430481362404
58,1933,360.02,754.39,1.0,473.31,802.12,1.0,543.87,767.13,1.0,395.38,1037.18,0.966,469.69,995.17,0.184,295.07,924.58,0.968,352.06,924.9,0.155,792.43,1092.77,1.0,788.94,1058.39,1.0,517.1,1253.92,0.991,531.08,1210.16,0.326,617.56,1593.01,0.993,637.63,1466.89,0.539,670.66,1646.29,0.993,687.09,1492.2,0.669,481.42,1659.13,0.992,536.69,1536.69,0.716,lateral,473.31418061058156,802.1220044611624,False,630.1842741565107,934.1600672211202,593.9657207501431
59,1966,358.97,718.73,1.0,481.46,756.29,1.0,537.9,737.47,1.0,444.44,997.71,0.96,482.23,974.81,0.2,315.29,927.12,0.955,356.85,929.51,0.222,789.96,1062.78,1.0,786.24,1035.16,1.0,526.46,1253.85,0.989,532.75,1211.13,0.368,618.52,1593.08,0.992,637.59,1467.72,0.565,671.73,1646.29,0.991,686.64,1492.78,0.714,482.22,1659.13,0.991,536.63,1536.75,0.753,lateral,481.4633754055227,756.2949757504294,False,632.8139072779701,895.4253575392382,594.3042161806763
60,2000,358.26,687.22,1.0,488.26,702.21,1.0,531.52,699.72,1.0,482.82,954.67,0.956,509.96,938.13,0.245,320.6,931.45,0.905,357.1,931.83,0.27,788.59,1036.49,1.0,785.94,1017.18,1.0,529.29,1254.63,0.99,535.63,1220.49,0.337,619.99,1593.12,0.994,638.0,1470.11,0.553,672.91,1646.35,0.993,687.97,1494.45,0.716,482.74,1659.2,0.994,538.01,1540.32,0.751,lateral,488.26447958247564,702.2060879429141,False,632.5085369473361,856.7864059927824,595.4063529021697
61,2033,355.1,653.31,1.0,486.08,668.42,1.0,531.87,663.47,0.999,520.52,907.54,0.962,557.48,902.02,0.114,336.97,940.92,0.888,409.72,939.1,0.14,785.39,1009.87,1.0,785.07,991.4,0.999,535.94,1253.87,0.987,550.81,1222.26,0.369,620.96,1593.25,0.994,638.69,1473.19,0.662,673.14,1646.36,0.991,688.58,1497.94,0.753,483.7,1659.22,0.993,541.29,1546.1,0.799,lateral,486.07828525295326,668.4153619479015,False,628.3368252503759,827.5508254831012,596.6779343816484
62,2066,352.42,619.03,1.0,488.28,629.66,1.0,528.37,635.64,0.999,545.36,868.8,0.982,574.03,863.28,0.096,379.03,967.09,0.959,438.0,950.96,0.131,784.62,980.16,1.0,777.95,966.54,0.998,554.07,1249.43,0.966,566.81,1220.64,0.32,621.41,1593.57,0.983,638.83,1476.36,0.544,672.93,1646.47,0.977,688.25,1501.93,0.664,483.32,1659.12,0.98,543.48,1552.15,0.698,lateral,488.2837128230126,629.6611623664573,False,628.3263638169091,793.9341645537983,596.9943290090998
63,2100,348.47,583.25,1.0,484.96,588.3,1.0,521.83,601.48,0.999,551.06,820.69,0.994,588.14,833.1,0.092,408.54,975.37,0.987,484.36,963.38,0.148,770.25,957.64,1.0,763.91,948.32,0.999,560.6,1245.82,0.978,592.77,1219.55,0.375,622.2,1593.79,0.984,640.01,1479.04,0.603,672.93,1646.65,0.978,688.34,1506.27,0.706,483.32,1659.12,0.981,543.89,1556.79,0.735,lateral,484.9559161553878,588.3019652416009,False,619.2379247630621,761.4078619264807,597.119284595296
64,2133,344.85,546.97,1.0,485.12,553.17,1.0,510.55,572.58,0.999,578.52,785.14,0.993,592.1,803.02,0.113,457.15,975.53,0.984,503.4,969.65,0.172,761.08,937.69,1.0,741.42,932.3,0.999,578.49,1238.67,0.976,594.65,1215.9,0.386,622.47,1593.88,0.979,641.2,1481.0,0.551,672.93,1646.7,0.969,688.84,1509.27,0.658,483.16,1659.13,0.974,544.26,1558.9,0.688,lateral,485.12476009458123,553.1697874357916,False,616.5493342174775,732.2838739113648,597.2970867295578
65,2166,343.19,518.82,1.0,485.17,521.59,1.0,508.77,545.07,0.999,594.74,738.13,0.996,603.34,767.74,0.069,512.53,976.03,0.992,535.05,965.5,0.098,751.46,906.38,1.0,730.02,908.89,0.999,588.99,1227.3,0.957,590.86,1208.73,0.35,623.05,1593.88,0.953,641.42,1484.37,0.423,672.74,1646.85,0.942,688.54,1515.49,0.547,483.01,1659.14,0.946,543.38,1561.05,0.538,lateral,485.1722849724191,521.5905094359898,False,609.4413082092391,706.3084510042179,596.9159586994406
66,2200,341.48,488.7,1.0,486.13,491.88,1.0,500.74,518.63,0.999,610.12,714.21,0.998,614.37,724.65,0.058,560.74,967.76,0.992,587.57,932.37,0.076,732.46,896.19,1.0,713.62,893.15,0.998,599.3,1226.81,0.963,602.51,1200.3,0.335,623.65,1594.12,0.952,642.36,1487.78,0.391,672.74,1647.34,0.93,688.74,1520.47,0.512,482.98,1659.43,0.94,543.28,1566.45,0.501,lateral,486.1272007689239,491.8810396036325,False,602.7929469265329,684.5089864175271,596.9340069382043
67,2233,341.69,467.16,1.0,495.34,469.46,1.0,507.15,494.61,0.998,626.65,702.1,0.995,617.13,716.71,0.045,591.59,960.98,0.981,603.54,930.1,0.054,725.32,885.82,0.999,712.49,884.81,0.997,614.53,1227.39,0.936,626.45,1204.04,0.201,623.84,1594.12,0.889,642.49,1492.77,0.296,672.64,1647.82,0.871,688.6,1529.15,0.409,482.77,1659.48,0.862,542.14,1568.35,0.412,lateral,495.3374011207911,469.46166939410364,False,604.8340629204306,668.8172162723961,577.7066463227404
68,2266,340.94,446.38,1.0,502.26,441.1,1.0,506.95,483.52,0.998,633.13,651.48,0.996,630.23,682.4,0.038,641.35,907.23,0.982,638.27,888.6,0.054,709.89,882.32,0.999,707.03,882.05,0.996,621.38,1226.85,0.929,651.3,1205.62,0.194,623.99,1594.12,0.858,642.75,1499.06,0.276,672.62,1648.43,0.844,688.56,1539.89,0.398,482.23,1659.73,0.828,537.9,1569.44,0.382,lateral,502.2562329524991,441.0969396151139,False,602.0895677491874,649.212282326402,577.4287097767257
69,2300,341.38,428.08,1.0,502.1,420.52,1.0,507.36,467.89,0.998,647.53,617.24,0.995,642.38,662.03,0.043,679.47,861.48,0.974,670.75,858.46,0.059,695.92,863.99,0.999,693.73,869.65,0.997,624.09,1219.48,0.936,649.49,1202.35,0.195,624.07,1594.09,0.864,643.01,1504.28,0.289,672.52,1648.43,0.86,688.54,1549.91,0.418,481.23,1660.13,0.837,531.97,1570.32,0.393,lateral,502.0989203689047,420.51728451784106,False,595.2978361883323,635.1784826409403,576.874792157222
70,2333,342.62,411.28,1.0,509.41,402.26,1.0,508.17,460.38,0.998,669.5,581.37,0.998,637.66,645.78,0.043,721.54,847.1,0.991,677.79,863.19,0.06,679.09,850.0,0.999,678.76,856.32,0.996,625.52,1215.2,0.955,651.69,1195.24,0.237,624.55,1594.06,0.898,643.9,1507.35,0.294,672.52,1648.27,0.889,688.56,1554.99,0.423,480.7,1660.28,0.857,528.87,1571.15,0.397,lateral,509.4137832632264,402.26057566468944,False,592.243890971044,622.7306520196981,576.6134303268702
71,2366,343.46,394.48,1.0,513.61,389.58,1.0,507.18,444.31,0.997,689.9,554.13,0.998,643.44,611.86,0.054,771.33,792.43,0.992,706.15,803.17,0.063,669.25,815.93,0.999,660.91,832.1,0.995,628.14,1191.74,0.965,651.1,1176.93,0.238,624.62,1593.79,0.925,644.38,1508.79,0.306,672.23,1648.19,0.904,688.53,1558.13,0.404,479.81,1660.38,0.895,525.5,1571.37,0.421,lateral,513.6149222842414,389.5805230366629,False,590.0352765692838,614.0739128949224,576.0214133926618
72,2400,344.64,385.92,0.999,512.36,385.37,1.0,508.52,437.78,0.996,698.72,541.33,0.999,665.77,585.87,0.056,799.22,779.59,0.993,724.14,792.1,0.075,665.86,827.07,0.999,650.87,842.35,0.995,626.19,1190.36,0.967,647.85,1178.25,0.255,624.71,1593.55,0.924,645.1,1509.01,0.328,671.92,1648.19,0.907,688.53,1560.19,0.445,479.21,1660.59,0.894,520.49,1572.19,0.456,lateral,512.3565315512581,385.3659500921907,False,588.8890656779334,611.1584649579179,575.566210292088
73,2433,347.24,375.77,1.0,513.49,376.16,1.0,512.77,427.29,0.998,712.66,525.12,0.999,689.42,562.28,0.078,827.71,756.32,0.996,759.66,765.05,0.098,650.32,827.1,1.0,646.57,837.73,0.997,624.75,1198.01,0.987,649.5,1172.1,0.269,624.78,1592.56,0.951,647.52,1506.5,0.413,671.51,1647.79,0.945,688.93,1556.05,0.544,478.82,1660.59,0.922,521.86,1571.04,0.553,lateral,513.491561251578,376.16231207795346,False,583.9990975153436,604.8032718357082,590.2808975139646
74,2466,349.55,374.64,0.999,512.67,376.37,1.0,522.76,430.5,0.995,719.79,523.45,0.999,709.73,571.02,0.067,836.6,750.76,0.995,801.11,757.04,0.101,628.23,845.75,0.999,643.82,850.08,0.993,620.92,1205.57,0.976,654.91,1179.52,0.281,624.88,1592.22,0.945,647.94,1506.06,0.484,671.13,1647.62,0.942,689.55,1554.58,0.611,478.41,1660.72,0.921,521.86,1570.93,0.601,lateral,512.6721232559971,376.3714008181987,False,575.1009451536677,604.3807804639084,590.2369926289865
75,2500,351.74,369.05,0.999,512.93,368.47,1.0,526.64,437.76,0.994,717.6,517.98,0.999,704.67,579.18,0.058,840.48,741.83,0.995,787.36,762.87,0.103,630.18,853.22,0.999,638.18,858.68,0.992,620.08,1212.98,0.971,648.42,1190.29,0.322,624.84,1592.03,0.946,648.66,1506.06,0.472,670.6,1647.51,0.929,689.6,1554.58,0.583,477.38,1660.78,0.921,521.33,1571.07,0.597,lateral,512.9252742188778,368.4726396219853,False,575.9907432739622,600.0922188833033,589.7274170269313
76,2533,354.7,367.51,0.999,515.98,365.25,1.0,531.13,433.13,0.994,718.86,523.2,0.999,710.08,576.41,0.065,842.92,745.68,0.993,796.03,760.07,0.099,625.92,855.42,0.999,639.18,860.55,0.993,622.56,1224.41,0.968,647.74,1199.44,0.28,624.96,1592.09,0.945,649.63,1506.39,0.458,670.3,1647.51,0.94,689.93,1554.97,0.574,476.92,1661.1,0.927,521.55,1572.16,0.596,lateral,515.9830540014586,365.2484771301267,False,575.8108171125656,598.7232235847131,589.6763897946064
77,2566,358.55,364.97,0.999,519.05,370.06,1.0,537.57,422.25,0.995,717.54,537.09,0.998,717.4,578.42,0.068,833.96,757.69,0.993,800.19,761.57,0.104,626.75,854.37,0.999,640.77,857.83,0.994,621.46,1224.98,0.977,646.08,1198.64,0.278,624.99,1591.93,0.944,651.03,1506.33,0.475,669.57,1647.44,0.938,690.52,1554.61,0.6,476.73,1661.28,0.923,521.91,1572.42,0.62,lateral,519.0474224670816,370.0632108429128,False,577.6075802297127,601.8088704899435,589.6831917396515
78,2600,363.67,361.46,0.999,519.81,366.5,1.0,536.62,417.51,0.995,706.57,545.84,0.997,696.78,588.26,0.039,805.59,771.2,0.981,763.83,780.43,0.047,632.89,835.53,0.999,641.24,841.11,0.992,620.31,1220.75,0.961,645.03,1197.94,0.264,625.14,1591.93,0.917,651.53,1506.85,0.366,669.42,1647.51,0.901,690.67,1555.69,0.469,476.43,1661.55,0.885,522.0,1573.38,0.467,lateral,519.8100878389259,366.4991381824578,False,579.7798919218268,600.5590984260043,572.9259936694599
79,2633,366.27,358.48,0.999,521.97,375.61,1.0,531.09,421.99,0.994,699.99,558.69,0.995,678.94,598.98,0.038,788.88,786.36,0.97,750.99,799.47,0.043,640.07,842.52,0.998,642.6,847.26,0.989,617.33,1219.33,0.964,639.36,1199.15,0.269,625.18,1591.89,0.929,651.73,1507.86,0.339,669.19,1647.55,0.911,690.67,1557.77,0.441,475.82,1661.91,0.899,521.31,1575.64,0.459,lateral,521.9702010798253,375.61478040049735,False,583.504426956869,605.9863826842387,572.5078001948618
80,2666,368.5,352.53,0.999,529.68,374.64,1.0,526.37,423.57,0.997,697.9,561.03,0.998,628.5,604.55,0.044,759.51,819.54,0.99,687.82,830.01,0.043,643.53,839.5,0.999,643.99,847.19,0.996,616.07,1215.74,0.985,633.98,1192.92,0.272,625.27,1591.29,0.947,652.65,1507.64,0.363,669.19,1647.55,0.94,691.33,1556.93,0.489,476.03,1662.25,0.912,521.61,1575.29,0.49,lateral,529.6833959361363,374.640341770009,False,588.5782962966202,605.4856232464793,572.613723684036
81,2700,371.22,349.88,1.0,530.33,374.22,1.0,524.85,425.17,0.998,680.68,574.93,0.997,616.69,633.88,0.047,698.07,846.76,0.985,642.87,856.73,0.045,653.06,841.98,0.999,646.0,850.63,0.997,613.03,1215.34,0.99,632.47,1184.67,0.319,625.46,1591.29,0.958,654.88,1507.25,0.428,669.19,1647.55,0.95,693.56,1556.83,0.545,475.94,1662.78,0.928,521.84,1574.72,0.546,lateral,530.3325906250582,374.21725116827673,False,591.8944124241731,606.4879840356548,590.1313637485307
82,2733,372.47,350.17,1.0,534.16,379.72,1.0,523.67,430.94,0.999,673.02,586.07,0.997,624.84,638.8,0.06,666.31,851.61,0.985,634.7,859.5,0.063,660.18,847.69,0.999,656.35,855.85,0.997,604.23,1215.82,0.984,634.02,1187.93,0.351,625.56,1591.13,0.95,658.08,1507.15,0.439,669.19,1647.59,0.936,694.69,1556.82,0.544,475.81,1663.15,0.921,522.37,1574.68,0.547,lateral,534.1553700593026,379.7196232847204,False,596.2979345482444,610.7328833283163,590.5163364738415
83,2766,374.25,353.84,1.0,530.07,397.82,1.0,531.83,439.22,0.998,643.42,608.99,0.998,635.97,651.31,0.05,599.39,874.78,0.988,609.58,865.32,0.061,660.67,861.46,0.999,668.64,867.17,0.996,591.64,1223.52,0.965,632.72,1196.56,0.27,625.62,1591.29,0.939,659.49,1507.18,0.343,669.1,1647.86,0.928,695.32,1557.41,0.457,475.64,1663.39,0.912,523.01,1574.79,0.452,lateral,530.0682442712725,397.819838727267,False,593.3250655211513,622.5065231632449,572.3695231362169
84,2800,375.83,356.78,1.0,526.93,410.07,1.0,542.68,449.32,0.999,614.71,612.35,0.997,625.19,663.62,0.043,552.55,872.46,0.983,580.05,862.59,0.057,656.17,868.32,0.999,672.78,871.07,0.998,574.6,1222.68,0.974,626.78,1197.67,0.339,625.68,1591.32,0.967,660.55,1507.37,0.46,669.1,1647.99,0.946,695.9,1558.63,0.495,475.34,1664.27,0.957,524.7,1576.03,0.572,lateral,526.9325877449039,410.0716591350257,False,588.2694828405773,630.7093667812062,556.3789320152001
85,2833,376.58,363.29,1.0,518.27,428.32,1.0,545.47,473.64,0.999,582.2,628.96,0.998,616.17,693.77,0.052,506.01,873.27,0.993,547.28,887.41,0.089,655.22,880.84,1.0,678.81,883.4,0.998,575.63,1222.89,0.975,621.97,1203.24,0.351,626.19,1591.65,0.969,661.79,1507.92,0.472,669.17,1648.7,0.95,696.83,1560.91,0.525,475.51,1665.2,0.959,526.08,1577.25,0.591,lateral,518.268535541852,428.3152250195164,False,582.9661435539035,640.8897843890195,591.8962444984529
86,2866,377.59,378.2,1.0,514.52,459.68,1.0,541.18,491.0,0.999,563.96,677.1,0.993,595.39,724.96,0.051,430.34,901.56,0.976,476.43,898.1,0.071,672.62,897.28,1.0,693.83,897.46,0.998,576.96,1223.94,0.975,608.6,1201.46,0.275,626.58,1592.27,0.971,661.47,1508.27,0.465,669.2,1649.41,0.956,696.83,1561.11,0.549,475.56,1665.7,0.959,525.72,1577.38,0.614,lateral,514.5227957584467,459.68412235764504,False,589.3115308853327,661.4785293798299,591.8292252562363
87,2900,376.11,398.8,1.0,507.5,489.34,1.0,540.94,504.34,0.999,550.13,725.07,0.991,577.73,744.08,0.053,389.15,901.04,0.973,445.81,893.42,0.069,695.91,916.04,1.0,718.28,909.84,0.999,568.53,1232.87,0.976,596.76,1211.83,0.326,626.97,1593.47,0.977,662.37,1509.29,0.514,669.25,1650.85,0.97,697.74,1562.32,0.628,475.59,1666.38,0.967,527.19,1579.39,0.625,lateral,507.49845947900724,489.34472242162377,False,596.8589633150806,685.2785904306693,592.4419511712241
88,2933,375.5,429.3,1.0,504.19,515.61,1.0,544.71,529.83,0.998,533.49,746.64,0.993,570.79,757.98,0.063,346.84,893.82,0.985,420.55,876.97,0.094,716.65,933.91,1.0,736.83,923.38,0.999,565.58,1236.92,0.981,596.57,1210.02,0.315,627.17,1594.31,0.982,663.51,1509.04,0.554,669.29,1652.19,0.978,699.28,1561.54,0.662,475.62,1666.68,0.973,530.97,1579.18,0.672,lateral,504.19445192334126,515.614133249683,False,605.2577354839566,705.6499906688647,593.790978174374
89,2966,374.68,464.34,1.0,500.12,545.73,1.0,545.15,561.15,0.999,511.32,779.05,0.989,558.81,780.68,0.145,326.1,883.44,0.978,403.4,875.84,0.229,739.48,944.83,1.0,756.23,933.88,0.999,557.63,1235.64,0.989,596.4,1207.66,0.413,627.22,1594.54,0.991,663.51,1509.04,0.662,669.36,1652.19,0.99,699.74,1561.51,0.746,475.62,1666.87,0.987,534.85,1579.3,0.766,lateral,500.12281980284945,545.7291469058387,False,611.6165288305165,730.1341837604882,594.8922998829603
90,3000,374.4,502.09,1.0,495.95,582.11,1.0,550.76,589.71,0.999,504.59,811.82,0.977,545.78,805.4,0.219,310.5,880.42,0.95,377.48,866.49,0.323,748.34,969.12,1.0,766.1,950.97,0.999,543.4,1246.12,0.99,579.56,1221.43,0.445,627.56,1595.05,0.993,662.95,1509.37,0.638,669.45,1652.38,0.991,699.12,1561.39,0.727,475.69,1667.01,0.99,535.67,1580.96,0.76,lateral,495.94904618172677,582.1079683592616,False,614.587921671349,760.0908133347716,594.9826141865432
91,3033,373.6,534.82,1.0,491.51,623.28,1.0,549.28,622.98,1.0,479.73,851.65,0.967,518.9,854.5,0.362,297.24,878.49,0.908,361.85,865.4,0.444,766.26,989.41,1.0,777.73,970.1,1.0,540.05,1248.91,0.987,574.04,1223.69,0.431,628.03,1595.4,0.989,662.75,1509.42,0.589,669.69,1652.47,0.987,699.12,1560.64,0.701,476.1,1666.76,0.988,537.7,1582.95,0.738,lateral,491.506927170274,623.2753043664803,False,619.9954996694757,791.926080526409,595.6519181009103
92,3066,372.27,566.15,1.0,482.55,670.25,1.0,548.05,661.31,1.0,434.38,893.84,0.961,480.85,881.48,0.32,271.93,870.53,0.941,329.13,865.79,0.47,775.1,1010.16,1.0,788.5,983.2,1.0,538.63,1258.35,0.991,568.36,1219.96,0.368,628.03,1596.25,0.991,662.61,1509.27,0.61,670.22,1652.73,0.989,698.94,1559.66,0.713,476.22,1666.65,0.989,536.36,1581.85,0.77,lateral,482.54950479706395,670.2470446334227,False,619.2470116677896,825.6007362286747,595.4345588400283
93,3100,371.81,605.79,1.0,489.09,713.44,1.0,544.82,705.63,0.998,404.71,943.74,0.972,456.05,918.22,0.273,259.85,861.71,0.963,317.83,867.13,0.341,794.02,1032.27,1.0,789.49,1006.37,1.0,535.64,1255.65,0.987,540.57,1213.37,0.474,628.22,1596.25,0.988,662.59,1507.64,0.612,670.99,1652.57,0.983,699.49,1552.65,0.704,476.91,1666.75,0.983,538.58,1581.69,0.753,lateral,489.09001800956963,713.4433292041191,False,629.7849714826025,860.7872417551057,596.492863635091
94,3133,369.88,638.93,1.0,489.83,750.27,1.0,541.84,741.39,0.999,385.7,978.65,0.979,447.18,951.92,0.285,251.66,866.57,0.979,326.69,874.66,0.278,802.04,1057.76,1.0,794.15,1029.98,1.0,532.95,1259.33,0.991,529.46,1208.55,0.467,628.59,1596.68,0.991,662.49,1506.93,0.649,672.32,1652.87,0.989,699.43,1549.88,0.749,477.41,1666.75,0.989,540.42,1581.55,0.794,lateral,489.8273493257965,750.268655843347,False,635.3599076261144,891.6600777700239,597.3929845531883
95,3166,368.73,673.42,1.0,489.48,787.27,1.0,540.61,765.97,0.999,365.05,1014.22,0.974,427.01,967.85,0.264,258.09,876.63,0.978,319.38,872.03,0.243,803.42,1083.06,1.0,796.07,1051.06,1.0,528.27,1258.17,0.992,527.33,1201.34,0.432,628.85,1597.09,0.994,662.59,1503.02,0.646,673.73,1653.33,0.993,700.22,1545.09,0.739,478.45,1666.8,0.992,545.21,1580.46,0.793,lateral,489.4770818493838,787.2708614269912,False,638.5446726984305,922.1272555336558,599.3995875068106
96,3200,368.81,703.84,1.0,478.51,817.6,1.0,541.05,794.45,0.999,352.47,1032.57,0.986,431.75,988.92,0.367,253.24,887.38,0.973,325.68,879.3,0.193,810.2,1101.2,1.0,795.19,1071.51,1.0,528.81,1259.67,0.99,537.77,1204.7,0.395,629.57,1597.26,0.991,662.59,1502.82,0.563,675.28,1653.26,0.989,700.4,1543.96,0.664,479.61,1666.96,0.987,544.72,1579.08,0.716,lateral,478.50536444749537,817.5972683822238,False,637.194575247566,946.5949844429136,600.000020868808
97,3233,368.08,737.03,1.0,472.53,851.88,1.0,536.8,831.53,0.999,343.02,1057.57,0.987,431.57,1012.2,0.355,253.66,906.1,0.968,331.76,892.85,0.188,819.33,1125.55,1.0,804.21,1095.57,1.0,530.38,1261.2,0.992,542.46,1212.61,0.432,630.34,1597.26,0.993,662.57,1502.13,0.653,676.71,1653.1,0.991,700.4,1541.55,0.725,481.5,1666.9,0.991,544.55,1577.71,0.784,lateral,472.5291930043286,851.8818335809196,False,639.903837963912,976.7013381243955,600.7901065355461
98,3266,367.27,764.37,1.0,475.21,875.84,1.0,534.27,852.34,0.999,341.87,1083.4,0.988,417.04,1040.47,0.398,263.5,918.79,0.96,330.43,916.15,0.161,814.12,1142.97,1.0,799.67,1108.64,1.0,529.31,1260.65,0.994,539.65,1214.65,0.395,631.43,1597.13,0.994,662.57,1499.65,0.646,678.37,1653.08,0.992,700.66,1536.84,0.721,484.75,1666.72,0.992,544.55,1574.84,0.785,lateral,475.20757427842557,875.8434774323551,False,643.6120324528198,996.9963765655145,602.079273370588
99,3300,364.77,794.83,1.0,475.59,906.08,1.0,531.94,882.39,0.999,336.87,1109.41,0.976,406.82,1066.29,0.328,270.21,930.73,0.961,324.86,933.89,0.17,812.83,1167.11,1.0,799.49,1133.6,1.0,528.87,1258.39,0.994,531.2,1211.82,0.419,632.46,1597.13,0.994,662.17,1498.67,0.676,680.29,1653.04,0.992,700.5,1533.05,0.752,487.28,1666.62,0.992,544.25,1572.57,0.814,lateral,475.58668303386037,906.0770687035836,False,647.5611030612362,1024.8297391394747,603.0800405512215
100,3333,363.58,815.56,1.0,479.44,928.94,1.0,535.38,886.02,0.999,333.8,1128.39,0.964,414.33,1049.38,0.216,277.63,945.59,0.957,328.01,950.16,0.114,805.04,1193.25,1.0,793.91,1147.13,1.0,521.08,1259.34,0.99,525.95,1213.09,0.37,633.1,1597.05,0.989,661.62,1493.66,0.571,682.14,1652.85,0.987,700.47,1526.08,0.672,490.39,1665.19,0.984,544.12,1567.68,0.722,lateral,479.443449686823,928.9424770881697,False,649.2399945100876,1050.5518758872124,604.2811457508495
101,3366,363.4,832.08,1.0,476.42,943.07,1.0,535.22,899.66,1.0,340.82,1140.38,0.991,418.04,1050.23,0.425,281.66,964.61,0.951,336.87,961.26,0.127,796.38,1194.2,1.0,794.19,1151.33,1.0,519.28,1258.82,0.997,546.0,1216.39,0.523,633.55,1596.97,0.996,661.62,1491.86,0.79,682.6,1652.32,0.996,700.45,1523.13,0.828,492.83,1663.85,0.995,546.41,1564.01,0.871,lateral,476.4166972386795,943.074372048163,False,651.9654393671561,1132.3780403297853,605.5740520510666
102,3400,362.93,844.22,1.0,475.47,953.79,1.0,531.52,910.22,1.0,341.03,1156.7,0.987,415.65,1075.37,0.427,283.49,981.77,0.942,338.17,977.09,0.15,798.25,1211.88,1.0,799.14,1172.83,1.0,520.75,1256.27,0.997,554.24,1216.1,0.478,634.15,1596.87,0.995,661.62,1491.46,0.761,683.14,1651.67,0.995,700.44,1522.56,0.805,495.64,1662.52,0.995,546.82,1562.12,0.855,lateral,475.472959309066,953.7920259956526,False,649.7596209862281,1073.928345412769,606.5088138831243
103,3433,362.98,855.14,1.0,475.04,959.52,1.0,532.74,918.03,1.0,343.92,1165.49,0.988,426.83,1084.72,0.371,291.53,986.67,0.926,343.09,982.09,0.145,794.82,1214.5,1.0,809.62,1176.84,1.0,515.61,1256.52,0.998,586.03,1219.63,0.519,634.15,1596.63,0.996,661.99,1486.86,0.78,683.14,1650.88,0.996,702.2,1516.73,0.806,495.64,1662.52,0.995,553.78,1557.24,0.857,lateral,475.0382751908992,959.5163779608599,False,655.6834459793906,1148.96790441141,608.6901864295622
104,3466,362.15,860.3,1.0,471.73,964.53,1.0,532.58,921.16,1.0,347.99,1175.51,0.974,440.91,1098.44,0.269,297.43,994.31,0.891,351.0,1000.55,0.094,793.35,1217.25,1.0,807.35,1181.42,1.0,512.77,1257.78,0.995,568.37,1217.27,0.375,633.99,1595.77,0.992,661.8,1484.79,0.676,683.33,1648.9,0.991,701.94,1514.72,0.732,496.02,1661.77,0.99,553.95,1555.1,0.783,lateral,471.7332621922648,964.5286205945398,False,645.076039733878,1083.3975408182482,608.8063734911519
105,3500,360.66,861.49,1.0,469.88,962.91,1.0,527.16,918.87,1.0,349.86,1177.11,0.983,439.93,1095.9,0.394,300.87,994.29,0.9,354.66,999.79,0.13,789.32,1216.24,1.0,804.58,1177.35,1.0,514.98,1264.04,0.996,551.0,1224.28,0.469,633.99,1595.08,0.993,661.73,1482.24,0.754,683.46,1647.77,0.993,702.04,1512.29,0.794,497.11,1660.35,0.992,553.36,1553.02,0.843,lateral,469.8802523302584,962.9133930295679,False,644.0525314014261,1081.8573277786327,608.9918921433774
106,3533,359.74,861.91,1.0,466.61,956.67,1.0,528.98,916.3,1.0,351.28,1172.25,0.986,451.63,1086.89,0.287,303.37,994.76,0.927,364.92,997.22,0.126,784.04,1210.92,1.0,804.47,1175.13,1.0,512.95,1264.4,0.997,578.11,1225.21,0.492,633.99,1594.76,0.995,662.33,1479.35,0.788,683.59,1647.1,0.995,704.25,1509.03,0.812,497.46,1660.35,0.995,556.84,1550.46,0.867,lateral,466.60584981981555,956.6734098553638,False,640.995432090726,1075.0923740462154,610.5335465168828
107,3566,357.73,857.08,1.0,469.28,954.35,1.0,533.72,903.09,1.0,353.77,1168.58,0.979,470.19,1088.94,0.183,305.52,993.6,0.912,368.94,990.75,0.067,772.49,1204.67,1.0,800.32,1165.9,1.0,507.41,1265.87,0.998,578.01,1227.53,0.448,633.99,1594.57,0.996,662.26,1477.99,0.723,683.75,1646.94,0.995,704.11,1507.78,0.777,497.35,1660.56,0.994,558.5,1548.99,0.83,lateral,469.2796765444822,954.3549542821186,False,638.9966524616945,1069.2737157654406,610.9287899486807
108,3600,353.94,850.47,1.0,464.83,937.89,1.0,531.92,892.43,1.0,359.31,1160.26,0.972,474.84,1085.7,0.164,305.42,989.41,0.918,364.37,986.97,0.069,771.24,1197.42,1.0,794.11,1160.56,1.0,509.36,1266.97,0.996,576.54,1224.95,0.414,634.08,1594.57,0.992,662.24,1477.99,0.705,683.88,1646.57,0.992,704.86,1504.92,0.769,497.61,1660.56,0.991,558.18,1548.02,0.812,lateral,464.83327639772085,937.8911214640714,False,636.7565477315336,1056.1929530414807,611.132466351571
109,3633,349.47,846.14,1.0,458.93,929.21,1.0,525.95,877.35,1.0,376.08,1154.47,0.976,472.5,1062.32,0.157,301.63,987.5,0.934,368.07,987.16,0.063,774.88,1183.0,1.0,792.0,1141.21,1.0,505.21,1265.53,0.995,548.02,1225.39,0.354,634.08,1594.57,0.993,662.25,1477.99,0.64,683.88,1646.66,0.993,706.02,1502.57,0.734,497.61,1660.79,0.991,557.96,1547.28,0.773,lateral,458.93410732163454,929.2135241886263,False,631.2746797769703,1044.4513994475262,611.3683569596661
110,3666,344.39,828.71,1.0,456.1,900.41,1.0,508.7,848.55,1.0,405.65,1148.1,0.971,465.93,1056.72,0.124,301.34,996.31,0.948,362.88,988.33,0.058,778.0,1156.49,1.0,789.44,1119.15,1.0,507.49,1267.12,0.993,537.94,1228.1,0.349,634.16,1594.68,0.993,662.38,1478.82,0.629,683.88,1646.66,0.993,709.81,1501.52,0.72,497.96,1660.81,0.99,558.41,1547.28,0.756,lateral,456.09918389267176,900.4081258983587,False,627.755347918238,1016.455454729467,612.5147060607418
111,3699,339.88,797.84,1.0,455.9,868.75,1.0,508.96,806.45,1.0,440.58,1110.91,0.97,484.88,1041.99,0.103,310.08,1005.56,0.965,369.37,997.19,0.078,780.65,1126.28,1.0,777.59,1087.05,1.0,509.29,1268.08,0.991,530.73,1229.03,0.32,634.31,1594.74,0.991,662.4,1478.82,0.506,684.05,1646.8,0.991,710.92,1501.84,0.648,498.18,1661.26,0.988,557.82,1547.97,0.663,lateral,455.89984876931874,868.7481312322313,False,624.2707873794033,985.0324621690428,612.7439260975993
112,3733,334.44,757.88,1.0,457.93,826.98,1.0,506.23,784.36,1.0,482.85,1068.82,0.92,507.58,1000.83,0.104,316.01,1018.93,0.935,374.66,1002.59,0.133,780.48,1094.11,1.0,775.79,1059.2,1.0,516.25,1270.14,0.989,532.72,1231.49,0.265,634.35,1594.77,0.99,662.26,1479.07,0.458,684.14,1646.91,0.99,709.82,1502.98,0.594,498.25,1661.79,0.987,557.75,1548.41,0.628,lateral,457.93163917391973,826.9823799293805,False,622.6610751289845,947.5175571749672,612.4909792375951
113,3766,331.93,718.73,1.0,460.16,776.52,1.0,498.37,747.93,0.999,506.31,1020.81,0.861,496.52,956.19,0.105,327.99,1044.08,0.833,360.51,1015.75,0.153,784.17,1064.13,1.0,776.41,1038.34,0.999,526.1,1271.13,0.988,537.92,1235.67,0.228,634.55,1595.17,0.992,662.04,1480.33,0.5,684.25,1646.94,0.991,709.31,1503.28,0.61,498.31,1661.92,0.988,557.52,1548.54,0.661,lateral,460.157148479451,776.516106171228,False,621.7750760655937,907.6626334164449,612.3458374876935
114,3800,328.26,678.5,1.0,461.89,720.51,1.0,504.31,700.3,0.998,547.72,972.52,0.969,549.42,923.16,0.038,393.56,1078.51,0.959,436.34,1028.81,0.049,782.48,1034.37,1.0,771.06,1016.02,0.998,528.12,1269.53,0.962,536.24,1232.81,0.241,634.63,1595.42,0.981,661.99,1480.24,0.438,684.39,1646.94,0.975,709.44,1503.12,0.629,498.31,1662.27,0.974,557.63,1550.53,0.618,lateral,461.891087800395,720.5117893141147,False,618.2026466671732,867.0170472246526,612.4414413045276
115,3833,325.64,637.16,1.0,461.07,682.36,1.0,508.06,677.23,0.999,557.75,925.21,0.983,588.64,901.71,0.057,424.22,1088.57,0.97,497.34,1049.4,0.075,779.64,1012.91,1.0,775.74,1001.33,0.999,537.9,1267.04,0.975,550.42,1232.06,0.309,634.98,1595.99,0.986,661.92,1481.19,0.537,684.55,1647.1,0.981,709.31,1503.59,0.693,498.27,1662.95,0.983,557.9,1554.78,0.706,lateral,461.0720028973933,682.359219148498,False,615.5721232952095,836.2497217049726,612.5079451916902
116,3866,325.57,598.5,1.0,457.75,646.46,1.0,509.2,637.34,0.999,569.48,877.03,0.987,602.08,852.96,0.056,481.26,1080.22,0.978,530.82,1032.45,0.061,766.01,991.74,1.0,766.18,977.93,0.999,544.22,1261.32,0.973,572.56,1231.47,0.455,635.21,1596.46,0.984,661.92,1483.07,0.616,684.55,1647.41,0.975,709.28,1505.57,0.73,498.21,1663.94,0.979,557.78,1555.59,0.731,lateral,457.7548610355175,646.4595267123731,False,608.0043872811599,805.5488474303012,612.4544469711203
117,3900,325.54,562.22,1.0,452.36,604.12,1.0,513.48,594.27,0.999,571.6,822.74,0.988,632.58,799.04,0.03,522.99,1057.03,0.976,585.96,997.59,0.034,749.11,976.53,1.0,765.9,961.04,0.999,537.83,1252.02,0.978,590.52,1226.54,0.41,635.09,1596.85,0.979,661.79,1486.19,0.558,684.53,1647.94,0.971,709.13,1509.7,0.69,497.82,1664.44,0.97,557.13,1556.05,0.656,lateral,452.3638542008787,604.1225784754433,False,596.2165314282618,775.8664931235932,612.1524396230129
118,3933,324.65,524.65,1.0,454.29,560.15,1.0,511.59,556.02,0.999,585.03,778.22,0.994,634.07,764.98,0.047,574.68,1037.5,0.988,612.86,986.96,0.051,734.96,951.61,1.0,759.01,934.69,0.999,550.8,1241.61,0.98,604.63,1223.74,0.386,635.09,1597.06,0.978,661.86,1488.07,0.504,684.38,1648.49,0.969,709.03,1512.96,0.636,497.34,1665.02,0.969,557.13,1561.28,0.612,lateral,454.2923414289056,560.1500141739649,False,590.5881842457984,740.402052849083,611.9709581725754
119,3966,324.25,484.36,1.0,455.88,526.67,1.0,511.75,521.08,0.999,590.69,741.48,0.995,636.19,734.06,0.048,611.66,995.47,0.985,645.22,952.15,0.047,720.25,931.0,1.0,753.36,911.17,0.998,587.24,1240.98,0.977,644.24,1219.45,0.279,635.13,1597.06,0.967,661.87,1491.32,0.402,684.04,1649.03,0.955,708.88,1519.03,0.538,496.55,1665.2,0.949,556.6,1562.87,0.531,lateral,455.88207994798665,526.6656198271257,False,585.9510157950677,707.7549959565738,611.5169553604974
120,4000,325.26,456.2,1.0,464.23,496.98,1.0,516.42,493.13,0.999,597.55,707.43,0.991,637.18,701.52,0.04,640.9,949.03,0.973,663.38,899.16,0.051,722.77,918.42,1.0,754.73,900.3,0.998,599.21,1240.11,0.971,674.03,1217.54,0.283,635.1,1596.98,0.956,661.9,1493.65,0.426,683.59,1649.13,0.937,708.66,1524.29,0.554,495.92,1665.2,0.932,554.53,1562.41,0.568,lateral,464.2268560045125,496.9829939669421,False,590.1084408490826,688.1429510208114,610.6741700293527
121,4033,326.39,430.67,1.0,473.19,464.58,1.0,516.88,472.3,0.999,607.05,671.61,0.996,633.91,683.04,0.042,670.99,912.41,0.988,678.23,878.93,0.066,716.03,894.93,1.0,736.85,881.37,0.998,613.51,1231.53,0.96,663.71,1208.22,0.225,635.1,1597.1,0.932,661.96,1495.41,0.305,683.16,1649.67,0.919,708.19,1531.66,0.445,495.37,1665.56,0.905,550.73,1562.87,0.45,lateral,473.1932312260167,464.5801549725837,False,589.5893169940854,665.47338765922,589.2647707562769
122,4066,328.08,406.78,1.0,482.45,438.16,1.0,512.38,470.14,0.998,623.74,637.29,0.995,628.96,672.44,0.043,697.82,884.21,0.981,672.41,879.58,0.052,699.83,879.41,0.999,708.84,880.85,0.996,623.77,1224.28,0.956,660.71,1209.52,0.255,635.1,1597.38,0.922,661.96,1501.57,0.312,682.62,1650.67,0.91,707.78,1544.59,0.428,494.19,1666.07,0.887,546.41,1566.24,0.411,lateral,482.4514493509272,438.1632758323662,False,586.878547534366,647.1304092665958,588.4068040046453
123,4100,331.32,381.89,0.999,484.99,412.78,1.0,504.55,454.8,0.997,644.09,594.77,0.995,636.84,637.48,0.049,728.76,848.26,0.981,702.9,830.23,0.049,688.84,866.99,0.999,695.7,874.27,0.995,629.09,1223.29,0.957,655.43,1203.61,0.215,635.1,1597.34,0.918,661.95,1506.51,0.29,682.37,1651.42,0.904,707.25,1554.9,0.406,492.93,1666.61,0.883,541.64,1567.82,0.409,lateral,484.9895503095918,412.77539616055157,False,583.7218510978727,630.6753216161993,587.6507599170034
124,4133,336.69,373.21,0.999,489.19,399.14,1.0,505.88,444.21,0.997,645.42,570.18,0.995,643.73,633.12,0.039,747.51,809.45,0.981,711.6,813.19,0.051,690.27,842.87,0.999,698.59,846.99,0.994,629.89,1207.81,0.962,651.54,1190.91,0.214,635.12,1597.34,0.903,661.9,1510.8,0.245,682.29,1652.11,0.892,706.32,1562.67,0.374,491.22,1667.1,0.862,536.72,1570.48,0.34,lateral,489.18739960010356,399.14051875988,False,584.9726037326892,622.3417472701211,586.7564457300797
125,4166,343.28,362.21,0.999,495.27,388.17,1.0,508.07,441.72,0.996,654.57,554.11,0.994,649.58,630.74,0.035,762.85,789.73,0.981,713.61,813.82,0.059,680.14,859.9,0.999,685.3,860.6,0.995,636.06,1220.31,0.96,652.92,1200.83,0.221,635.26,1597.4,0.915,661.91,1513.93,0.287,682.29,1652.45,0.914,705.91,1567.94,0.443,489.99,1667.57,0.88,533.68,1572.44,0.413,lateral,495.27200039133504,388.16573881318834,False,585.4920691422275,615.2743365595976,586.1396852624184
126,4200,351.97,355.89,1.0,499.81,370.78,1.0,522.5,430.65,0.997,667.36,544.63,0.996,662.92,611.18,0.042,778.28,769.12,0.984,748.21,797.16,0.062,670.53,829.99,0.999,682.9,839.57,0.995,634.84,1212.1,0.978,666.02,1192.66,0.332,635.33,1597.33,0.944,662.07,1513.45,0.384,681.91,1652.45,0.921,705.91,1568.93,0.504,488.7,1667.84,0.908,532.19,1573.03,0.484,lateral,499.8127584195331,370.78102273325385,False,583.234874521902,605.5735495937768,625.5056094792152
127,4233,360.56,351.44,1.0,510.45,366.78,1.0,530.93,432.39,0.997,671.93,540.58,0.996,669.94,611.41,0.036,792.29,760.09,0.983,766.71,794.46,0.057,668.41,827.41,0.999,677.06,840.03,0.995,625.65,1215.61,0.975,662.26,1194.23,0.319,635.33,1597.32,0.928,662.22,1514.56,0.335,681.43,1652.73,0.9,705.91,1573.3,0.479,487.25,1668.29,0.88,528.27,1577.55,0.424,lateral,510.4479828592161,366.7844121562058,False,587.3900382050928,603.642665803201,584.3382942338039
128,4266,367.73,350.73,1.0,512.16,365.76,1.0,527.18,436.01,0.997,681.74,538.3,0.996,669.52,618.01,0.033,798.83,763.11,0.985,760.93,805.85,0.06,658.99,824.21,0.999,666.25,840.84,0.994,628.21,1216.78,0.971,659.77,1196.61,0.281,635.33,1597.36,0.914,662.31,1515.71,0.322,681.13,1653.21,0.894,705.77,1577.08,0.484,486.67,1668.58,0.864,527.21,1580.75,0.413,lateral,512.1630305035479,365.7611565634713,False,585.1162542064283,602.5880249058151,583.9009670919074
129,4300,375.28,351.2,1.0,520.35,361.72,1.0,532.58,429.89,0.998,684.85,539.62,0.998,667.69,615.0,0.048,790.89,766.18,0.994,750.38,799.38,0.084,659.14,810.74,0.999,660.49,829.96,0.994,630.37,1215.53,0.974,656.08,1196.47,0.278,635.46,1597.35,0.923,662.42,1516.15,0.306,681.25,1654.09,0.898,705.6,1577.8,0.445,485.97,1668.95,0.885,524.86,1583.12,0.409,lateral,520.3493349655696,361.71937952506124,False,589.1989755804473,600.5431612178376,583.6079988328961
130,4333,378.91,349.09,1.0,520.74,360.64,1.0,537.77,426.32,0.998,681.41,538.74,0.998,672.07,613.61,0.043,769.9,773.37,0.994,731.44,810.88,0.076,661.11,812.59,0.999,668.55,829.37,0.996,628.4,1205.07,0.968,653.49,1185.87,0.211,635.5,1597.31,0.92,662.77,1515.69,0.271,680.96,1654.32,0.891,705.79,1576.57,0.41,485.08,1669.28,0.879,525.9,1581.94,0.389,lateral,520.7412647674767,360.63930467083236,False,589.8990384326219,600.0505264966777,583.0202947375828
131,4366,381.33,349.67,1.0,520.72,362.63,1.0,542.1,425.61,0.997,683.16,539.37,0.998,677.99,612.29,0.043,769.81,775.9,0.995,730.6,812.89,0.077,662.35,821.91,0.999,672.61,834.74,0.995,626.97,1209.01,0.976,650.62,1186.12,0.218,635.5,1597.25,0.918,663.1,1515.33,0.296,680.4,1654.49,0.905,705.84,1575.66,0.454,484.07,1669.39,0.874,526.11,1581.15,0.414,lateral,520.7176267848906,362.63163480988266,False,590.6480473303479,601.1672084517711,582.2332683775054
132,4400,380.23,346.92,0.999,517.93,375.93,1.0,539.31,422.87,0.997,681.19,557.67,0.997,676.28,601.47,0.045,754.97,790.01,0.987,724.74,809.46,0.057,661.86,827.42,0.999,674.71,841.19,0.994,625.85,1210.93,0.989,650.45,1188.21,0.292,635.5,1596.92,0.955,663.31,1515.01,0.406,680.4,1654.39,0.948,706.0,1574.5,0.569,483.17,1669.39,0.92,526.64,1580.5,0.54,lateral,517.9336711323708,375.9281334824531,False,589.0908993776133,608.6836191875268,599.0503349256987
133,4433,381.02,347.65,1.0,519.2,381.88,1.0,540.69,428.04,0.999,672.44,568.04,0.997,673.86,614.44,0.052,719.69,823.57,0.981,707.0,815.02,0.06,655.31,837.74,0.999,671.47,846.27,0.997,617.82,1214.03,0.989,650.23,1187.6,0.327,635.5,1596.74,0.96,664.5,1514.17,0.453,679.87,1654.21,0.956,706.63,1574.22,0.587,482.98,1669.39,0.937,527.06,1580.46,0.576,lateral,519.1983011654436,381.88142280699583,False,586.6398445290243,612.3181139903827,599.134464512734
134,4466,380.15,349.74,1.0,520.36,386.34,1.0,536.73,434.46,0.999,664.14,574.49,0.998,669.34,619.56,0.044,676.29,840.28,0.988,674.32,836.98,0.059,660.9,856.92,0.999,674.28,858.16,0.997,613.42,1217.34,0.993,650.19,1188.03,0.382,635.56,1596.6,0.967,667.5,1513.18,0.515,679.93,1654.26,0.96,707.75,1573.33,0.635,483.31,1669.51,0.945,527.84,1580.09,0.63,lateral,520.3606272970444,386.3357666139042,False,589.7450804282637,615.4421867195983,599.7059108827762
135,4500,380.3,352.47,1.0,517.29,397.66,1.0,540.99,436.81,0.999,632.5,589.26,0.996,665.97,622.69,0.05,630.05,848.71,0.976,656.19,839.54,0.064,662.53,855.75,0.999,682.77,856.39,0.996,607.88,1215.42,0.981,645.41,1188.17,0.288,635.56,1596.6,0.948,669.3,1512.51,0.387,679.7,1654.34,0.934,708.44,1573.23,0.505,482.99,1669.51,0.921,528.77,1579.93,0.494,lateral,517.2920040013137,397.66341312430677,False,586.9765835807341,622.3864418139875,623.7109096258818
136,4533,378.88,356.41,1.0,513.66,415.16,1.0,540.1,450.56,0.997,622.98,610.35,0.997,641.47,650.4,0.031,584.39,882.82,0.988,605.03,865.67,0.045,663.98,871.21,0.999,688.03,871.21,0.995,603.92,1217.85,0.959,642.96,1195.81,0.251,635.55,1596.69,0.924,669.3,1512.81,0.324,679.3,1655.02,0.91,708.25,1573.43,0.421,482.99,1669.74,0.888,529.37,1580.07,0.403,lateral,513.6636603137804,415.1648539349695,False,586.1012145855871,632.8951357788997,581.1438019257613
137,4566,377.76,368.39,1.0,503.31,446.34,1.0,541.56,464.73,0.999,593.94,658.22,0.994,628.21,685.0,0.041,544.87,899.17,0.976,575.7,894.28,0.056,663.61,878.57,0.999,697.6,876.45,0.997,596.71,1224.85,0.962,640.25,1199.9,0.285,635.58,1596.69,0.95,670.03,1512.82,0.403,679.19,1654.93,0.928,708.25,1573.52,0.477,483.1,1669.82,0.928,530.46,1580.07,0.507,lateral,503.3098679993707,446.34001758287354,False,579.5778947101361,651.9184560961967,564.2484775736629
138,4600,376.81,389.34,1.0,500.71,466.56,1.0,530.05,491.96,0.999,587.07,681.21,0.996,608.28,714.31,0.059,505.04,913.74,0.986,545.9,913.91,0.088,674.83,886.79,0.999,693.34,887.56,0.996,597.65,1227.77,0.957,620.02,1204.55,0.239,635.75,1596.78,0.936,669.61,1513.27,0.334,679.39,1655.18,0.899,708.06,1574.14,0.439,483.24,1670.12,0.911,530.39,1580.6,0.462,lateral,500.7106278157695,466.5644655067263,False,583.456039862266,664.3027306313469,581.312845327207
139,4633,374.77,413.06,1.0,493.83,492.89,1.0,528.27,512.69,0.999,558.76,710.09,0.997,596.44,724.0,0.064,454.6,943.98,0.993,523.23,919.26,0.128,692.87,911.1,1.0,708.41,901.64,0.999,581.72,1234.34,0.982,619.09,1211.8,0.339,635.92,1597.01,0.979,669.96,1513.32,0.458,679.45,1655.47,0.966,708.15,1573.98,0.546,483.27,1670.23,0.969,531.32,1580.56,0.59,lateral,493.8295462178232,492.89255555949114,False,588.4847163293122,684.6761852551474,600.5454167682734
140,4666,372.3,444.4,1.0,484.73,516.59,1.0,530.67,538.17,0.999,549.32,723.78,0.999,596.54,755.96,0.079,416.01,953.97,0.998,507.23,920.9,0.184,705.93,928.01,1.0,724.82,917.96,0.999,573.79,1234.51,0.974,592.89,1206.63,0.333,636.22,1597.76,0.969,669.65,1513.32,0.397,679.46,1656.31,0.957,708.11,1573.68,0.546,483.27,1670.61,0.956,532.07,1581.37,0.523,lateral,484.72685754710204,516.5938296456762,False,590.9094475315414,702.1497158459301,600.7257708609608
141,4700,369.23,473.83,1.0,479.4,541.37,1.0,531.77,567.36,1.0,534.29,752.3,0.997,605.93,789.77,0.103,397.74,946.69,0.996,488.4,936.82,0.207,725.26,938.78,1.0,750.09,933.8,0.999,563.61,1240.98,0.987,596.42,1217.08,0.436,636.36,1598.38,0.986,670.43,1513.27,0.563,679.46,1656.7,0.982,708.27,1572.88,0.696,483.31,1670.84,0.98,535.2,1582.98,0.662,lateral,479.3985377207332,541.374676469929,False,595.8205622644746,723.3403266979647,601.559751289729
142,4733,367.13,509.84,1.0,478.25,581.94,1.0,538.56,600.1,0.999,515.84,800.88,0.991,561.56,812.03,0.081,359.64,955.24,0.986,446.33,926.88,0.143,744.57,958.09,1.0,762.28,948.33,0.999,556.74,1248.69,0.983,605.71,1233.59,0.322,636.78,1598.97,0.988,671.35,1513.16,0.572,679.47,1656.82,0.985,708.6,1570.05,0.691,483.76,1671.08,0.984,539.43,1582.41,0.722,lateral,478.25316938391,581.9398692037263,False,603.7579793724944,754.8212964020557,602.8158832248268
143,4766,364.32,541.28,1.0,478.07,624.93,1.0,543.48,616.93,0.999,507.18,859.13,0.978,575.12,821.7,0.042,326.44,950.17,0.962,453.71,910.58,0.051,760.96,978.84,1.0,775.32,960.54,0.999,547.93,1251.86,0.985,587.05,1234.84,0.264,637.69,1599.47,0.992,671.35,1512.98,0.525,679.92,1657.06,0.989,708.73,1566.6,0.695,485.22,1671.27,0.989,546.73,1582.95,0.72,lateral,478.07332323093453,624.9293082095985,False,611.1271753796467,789.1062462424889,605.1491486666686
144,4800,361.71,574.03,1.0,477.56,664.5,1.0,541.47,649.46,1.0,480.89,892.98,0.932,524.6,871.73,0.191,309.79,935.87,0.856,357.96,913.97,0.262,778.96,999.45,1.0,786.37,979.23,1.0,546.71,1252.33,0.991,575.78,1229.17,0.307,637.83,1599.74,0.996,671.02,1512.95,0.592,680.08,1656.99,0.994,708.61,1563.69,0.714,485.91,1671.34,0.994,547.09,1582.89,0.763,lateral,477.5640864245843,664.4977441753232,False,618.9076495659644,819.3545373365711,605.4221804342318
145,4833,357.96,611.55,1.0,480.07,698.27,1.0,537.88,687.16,1.0,455.41,931.22,0.958,496.77,907.75,0.277,286.55,930.75,0.926,349.4,911.78,0.36,789.8,1016.81,1.0,788.88,996.54,1.0,542.96,1256.74,0.99,560.38,1225.53,0.358,638.35,1600.31,0.994,670.95,1512.75,0.592,680.85,1656.99,0.992,708.59,1559.83,0.721,486.51,1671.2,0.993,546.35,1582.61,0.766,lateral,480.0702749355912,698.2691843412271,False,624.2209700776672,846.3196650789874,605.5745102478106
146,4866,354.71,645.64,1.0,482.59,744.53,1.0,535.35,728.26,0.999,412.01,981.62,0.967,469.92,952.88,0.209,277.5,919.68,0.967,338.72,912.19,0.255,800.61,1052.95,1.0,792.14,1024.99,1.0,538.07,1264.52,0.991,538.7,1222.31,0.482,638.87,1600.31,0.993,670.98,1512.23,0.684,682.15,1657.04,0.991,708.64,1556.44,0.781,487.27,1671.23,0.991,550.81,1582.65,0.82,lateral,482.5866336151561,744.5253328547604,False,631.9088650978442,886.6101944339283,607.2194233878462
147,4900,354.76,677.18,1.0,477.12,791.1,1.0,535.09,761.62,1.0,373.9,1012.0,0.979,454.96,963.63,0.219,270.96,912.08,0.971,348.83,911.5,0.188,801.75,1077.77,1.0,789.64,1047.47,1.0,533.18,1262.18,0.994,549.71,1222.45,0.343,639.06,1600.31,0.995,670.89,1510.53,0.567,683.17,1656.95,0.994,708.6,1548.63,0.687,487.85,1671.19,0.994,550.96,1580.29,0.737,lateral,477.11852404346985,791.0956954813254,False,631.812184947319,920.9352736904119,607.6471166385597
148,4933,355.11,705.9,1.0,473.72,825.33,1.0,532.55,790.83,1.0,362.02,1040.62,0.991,446.97,985.63,0.295,272.01,911.33,0.978,345.26,910.46,0.143,798.62,1096.71,1.0,783.3,1066.54,1.0,532.56,1267.58,0.997,528.62,1213.34,0.408,639.88,1600.41,0.997,669.67,1508.25,0.576,684.78,1656.92,0.995,708.39,1542.82,0.694,488.74,1671.36,0.996,549.57,1578.12,0.749,lateral,473.721359624241,825.3300174123096,False,632.5491153649712,946.2933096113235,607.8717896304814
149,4966,356.31,736.6,1.0,469.71,849.6,1.0,534.37,813.93,1.0,346.67,1054.2,0.981,438.19,1000.65,0.183,265.58,911.88,0.972,338.17,907.05,0.102,797.74,1114.17,1.0,786.31,1079.57,1.0,529.78,1261.96,0.994,541.5,1208.88,0.37,640.18,1600.34,0.995,669.27,1506.17,0.589,685.98,1656.88,0.994,708.27,1537.78,0.672,488.74,1671.36,0.994,549.91,1574.71,0.748,lateral,469.7112156522584,849.5997717253972,False,633.2352742199197,966.0875294949392,608.2257026045165
150,5000,357.33,764.71,1.0,470.41,873.1,1.0,535.33,836.01,1.0,341.9,1069.19,0.985,428.78,987.98,0.249,270.01,915.37,0.963,341.35,912.5,0.1,798.22,1136.73,1.0,785.8,1098.06,1.0,531.86,1262.57,0.996,544.83,1209.92,0.38,640.32,1600.27,0.996,668.24,1499.76,0.589,686.73,1656.79,0.994,708.2,1528.59,0.661,489.69,1671.33,0.994,549.62,1569.81,0.741,lateral,470.4100190960065,873.0987454041991,False,638.9915531504919,988.1933735531849,608.559200606756
151,5033,357.96,787.71,1.0,472.26,900.26,1.0,536.08,856.03,1.0,336.94,1090.9,0.986,418.46,1000.13,0.264,269.02,925.87,0.968,338.75,926.5,0.097,798.19,1156.1,1.0,789.17,1111.22,1.0,531.12,1262.45,0.998,539.78,1210.8,0.357,641.02,1600.23,0.996,666.88,1494.09,0.55,688.1,1656.19,0.995,707.98,1521.58,0.631,492.1,1671.33,0.994,550.37,1565.65,0.718,lateral,472.2552322247881,900.2574655194564,False,643.2413199506235,1012.2605040280101,609.6368440665864
152,5066,357.94,810.13,1.0,473.81,923.47,1.0,535.36,883.25,0.999,326.07,1109.16,0.966,401.95,1029.9,0.203,271.03,935.49,0.954,324.02,936.43,0.102,794.94,1180.78,1.0,788.12,1135.54,1.0,529.33,1261.43,0.996,536.49,1212.25,0.332,641.14,1600.05,0.995,664.57,1487.25,0.571,688.9,1655.17,0.994,707.25,1513.99,0.658,493.99,1671.13,0.993,550.14,1561.23,0.738,lateral,473.8101123407935,923.4701097613848,False,647.0116733429019,1037.2595204376782,610.071507467324
153,5100,358.0,827.07,1.0,474.28,944.65,1.0,539.23,895.62,1.0,327.33,1129.49,0.986,410.45,1029.65,0.299,276.15,950.05,0.964,328.1,946.19,0.115,795.4,1204.15,1.0,795.86,1160.69,1.0,526.81,1260.92,0.996,540.15,1224.23,0.456,641.25,1599.95,0.995,662.52,1487.25,0.721,689.65,1654.88,0.994,706.23,1512.07,0.778,495.15,1670.91,0.994,549.95,1557.87,0.84,lateral,474.2775594267232,944.6471256530687,False,649.6270800480431,1062.1974458314571,610.2453551157045
154,5133,359.02,844.73,1.0,477.02,955.69,1.0,539.62,914.04,1.0,329.94,1145.96,0.981,408.03,1068.57,0.379,279.31,963.9,0.955,330.4,964.37,0.173,810.02,1220.69,1.0,808.69,1177.82,1.0,529.4,1260.96,0.994,542.66,1223.82,0.414,641.67,1599.6,0.992,662.52,1483.89,0.675,690.39,1653.97,0.992,706.49,1509.32,0.751,496.51,1670.09,0.991,549.95,1556.39,0.801,lateral,477.02197475036326,955.6936152087139,False,654.077456060203,1079.3049261661504,610.8381195398798
155,5166,358.57,857.54,1.0,477.96,965.51,1.0,526.74,926.68,1.0,334.56,1151.85,0.986,415.56,1067.48,0.333,282.02,968.31,0.914,320.35,959.66,0.1,819.38,1223.41,1.0,807.35,1179.85,1.0,531.09,1260.98,0.996,526.37,1215.55,0.404,641.87,1599.35,0.994,658.64,1481.76,0.662,690.78,1652.74,0.992,704.27,1508.43,0.734,497.83,1670.17,0.993,549.9,1555.51,0.789,lateral,477.9607361904157,965.5077286476458,False,655.7657962230937,1086.6857897332538,610.6947337410406
156,5200,357.98,867.95,1.0,479.82,975.38,1.0,525.74,930.82,1.0,336.42,1161.71,0.982,420.66,1087.14,0.186,285.4,976.74,0.909,322.3,960.9,0.063,828.88,1230.3,1.0,810.17,1190.47,1.0,532.84,1260.71,0.991,525.62,1215.52,0.343,641.93,1598.77,0.989,657.56,1482.53,0.594,691.54,1651.94,0.986,702.91,1507.82,0.676,498.65,1669.86,0.987,549.91,1555.07,0.721,lateral,479.8212284001271,975.3841226541394,False,657.9865250576096,1096.4911661277224,610.752409244845
157,5233,358.03,875.52,1.0,481.15,970.71,1.0,523.92,938.96,1.0,338.3,1162.54,0.983,420.3,1084.15,0.334,286.33,977.03,0.911,324.41,964.49,0.11,829.27,1228.7,1.0,816.8,1194.78,1.0,533.02,1259.97,0.992,522.78,1211.65,0.368,641.93,1598.53,0.99,656.07,1481.29,0.608,691.89,1650.67,0.987,702.22,1507.34,0.683,499.62,1669.78,0.988,550.11,1554.68,0.733,lateral,481.14758573314623,970.7143073607663,False,658.8269669288306,1093.3713348510148,610.9586783340112
158,5266,358.83,877.19,1.0,480.67,972.17,1.0,525.23,932.24,1.0,334.92,1160.88,0.973,421.81,1075.29,0.205,288.02,973.57,0.896,325.66,964.42,0.077,828.48,1231.43,1.0,815.47,1190.62,1.0,533.55,1258.79,0.99,523.62,1210.12,0.377,641.79,1598.01,0.986,656.3,1478.2,0.617,691.61,1649.43,0.984,702.56,1504.86,0.672,500.16,1669.38,0.986,551.33,1552.83,0.739,lateral,480.6718238407366,972.17056944567,False,658.8714438797535,1095.4999306873287,611.4156213971354
159,5300,360.47,869.57,1.0,482.44,967.33,1.0,534.57,916.12,1.0,333.22,1150.71,0.983,424.19,1060.46,0.215,288.48,968.2,0.913,329.93,957.86,0.068,822.17,1232.19,1.0,817.73,1188.18,1.0,533.94,1259.55,0.994,528.1,1212.5,0.373,641.95,1597.62,0.992,656.16,1476.37,0.665,691.85,1648.93,0.99,702.56,1503.9,0.719,500.83,1668.67,0.991,551.92,1551.16,0.789,lateral,482.44492146039386,967.3273099819351,False,659.7094179876927,1092.7001491888275,611.7911640639768
160,5333,361.04,862.96,1.0,480.93,956.29,1.0,538.19,913.57,1.0,326.06,1141.56,0.982,412.32,1060.23,0.319,285.25,964.69,0.958,330.7,958.35,0.139,820.34,1229.39,1.0,812.75,1183.19,1.0,532.31,1259.46,0.994,528.65,1212.57,0.382,642.25,1597.2,0.993,655.83,1476.78,0.647,692.57,1648.32,0.992,702.68,1504.53,0.73,501.81,1667.73,0.991,551.66,1550.4,0.781,lateral,480.93309373382056,956.2928537899945,False,657.7303007371534,1085.1041624539487,612.1803735979936
161,5366,361.91,856.86,1.0,479.63,946.14,1.0,538.76,892.59,1.0,329.58,1132.77,0.986,415.87,1035.35,0.344,280.86,956.34,0.957,330.1,952.86,0.126,802.82,1218.26,1.0,803.39,1169.78,1.0,527.81,1260.94,0.995,531.09,1215.66,0.387,642.64,1596.82,0.992,655.16,1476.78,0.607,693.3,1647.47,0.992,702.56,1504.53,0.703,503.97,1665.83,0.989,551.54,1548.9,0.747,lateral,479.63476019935365,946.1400654619472,False,654.2740249829934,1072.260475573304,612.8422781086757
162,5400,362.76,844.83,1.0,475.95,911.78,1.0,540.71,862.36,0.999,334.48,1109.87,0.981,424.09,997.14,0.157,277.17,943.93,0.965,332.23,941.01,0.083,787.18,1188.26,1.0,794.53,1143.17,1.0,525.5,1268.82,0.996,529.87,1217.52,0.38,643.43,1596.67,0.995,654.69,1474.19,0.573,694.87,1647.47,0.993,702.56,1502.0,0.679,508.67,1666.03,0.992,551.84,1547.95,0.72,lateral,475.95442076028064,911.780698099831,False,646.7108320631005,1035.4029014359803,614.487253977188
163,5433,363.49,819.06,1.0,474.29,880.84,1.0,538.76,837.0,1.0,359.99,1091.3,0.974,436.74,1014.77,0.194,280.14,944.77,0.96,332.18,940.11,0.122,797.5,1162.93,1.0,788.58,1120.38,1.0,524.44,1267.0,0.997,529.62,1216.16,0.482,643.93,1596.81,0.996,652.55,1473.81,0.699,695.67,1647.69,0.993,700.96,1502.46,0.737,509.96,1666.46,0.995,551.71,1546.39,0.825,lateral,474.2947042305005,880.8390456190559,False,643.451537803326,1007.3233069716429,614.5770460600127
164,5466,363.2,776.34,1.0,476.31,842.15,1.0,546.41,799.13,1.0,398.18,1078.65,0.975,469.19,1014.76,0.164,284.26,949.48,0.977,348.57,944.59,0.13,799.17,1126.6,1.0,789.96,1089.6,1.0,523.55,1265.96,0.992,532.77,1216.38,0.355,644.37,1596.94,0.993,653.44,1474.57,0.541,696.47,1647.85,0.992,701.4,1502.89,0.66,510.6,1666.6,0.991,551.76,1546.39,0.718,lateral,476.30662636041995,842.1498067859242,False,639.4027901809524,970.8473335033295,615.0574595704043
165,5500,362.44,731.86,1.0,480.76,803.64,1.0,544.48,767.65,1.0,441.08,1047.18,0.976,485.17,1007.79,0.18,310.12,953.33,0.97,371.95,948.59,0.177,798.01,1097.74,1.0,789.25,1060.5,1.0,523.25,1265.56,0.995,531.99,1216.45,0.357,644.88,1596.94,0.995,653.66,1474.7,0.589,697.01,1647.78,0.994,701.47,1503.0,0.738,511.08,1666.32,0.993,551.57,1546.39,0.755,lateral,480.7601654043756,803.6398642875507,False,637.4754546772197,938.0519898572522,615.2832180271014
166,5533,361.58,691.22,1.0,489.96,748.85,1.0,542.13,729.21,1.0,496.59,999.44,0.933,525.07,959.11,0.199,323.34,965.68,0.925,382.85,951.39,0.273,790.22,1067.54,1.0,791.39,1042.88,1.0,524.96,1266.32,0.993,543.01,1225.98,0.311,645.61,1596.97,0.995,653.78,1474.8,0.486,697.36,1647.92,0.994,701.62,1503.23,0.644,512.15,1666.46,0.995,552.62,1547.26,0.708,lateral,489.96432773976096,748.8534205703309,False,637.3641955725745,895.3863803029933,615.9385871116169
167,5566,361.15,649.97,1.0,498.62,701.8,1.0,537.04,693.66,0.999,546.12,938.81,0.941,533.94,907.46,0.071,371.81,998.86,0.885,410.31,974.76,0.083,793.88,1032.9,1.0,787.02,1012.29,0.999,536.41,1265.78,0.985,546.1,1224.04,0.22,645.98,1597.26,0.994,653.71,1475.88,0.502,697.36,1647.93,0.991,701.6,1504.17,0.658,511.38,1666.48,0.992,552.44,1547.67,0.704,lateral,498.61792618516563,701.8008198980182,False,640.4189214807457,856.130439995069,615.6955246416813
168,5600,360.01,606.13,1.0,497.79,657.82,1.0,536.31,652.81,0.999,570.91,897.06,0.977,598.0,871.19,0.045,407.46,1019.66,0.955,481.26,971.09,0.058,795.03,1002.41,1.0,786.17,989.15,0.998,554.59,1264.28,0.967,570.72,1224.02,0.27,646.62,1597.7,0.987,654.02,1477.06,0.522,697.74,1648.12,0.982,702.02,1505.26,0.689,511.56,1666.52,0.984,555.18,1552.03,0.697,lateral,497.7912568812312,657.8249184568035,False,639.5369392008159,819.4605290648979,616.6246858912663
169,5633,359.02,567.87,1.0,492.06,613.35,1.0,536.56,608.25,0.999,579.2,849.01,0.978,611.48,819.39,0.044,443.92,1022.24,0.951,519.27,967.68,0.064,786.33,985.6,1.0,773.96,972.71,0.999,565.31,1262.58,0.968,583.38,1222.96,0.385,647.24,1598.64,0.983,656.29,1477.91,0.62,698.16,1648.67,0.977,703.54,1506.12,0.731,511.79,1667.0,0.981,557.86,1555.94,0.759,lateral,492.0580822316779,613.3484055963573,False,633.4782953967901,786.0763011045701,617.8357586689059
170,5666,358.52,530.47,1.0,496.5,572.06,1.0,530.95,581.83,0.999,608.78,803.82,0.982,617.21,796.38,0.065,504.37,1010.09,0.96,555.26,971.24,0.082,776.2,959.24,1.0,757.59,953.36,0.999,576.7,1255.44,0.963,580.39,1218.93,0.402,647.65,1600.01,0.975,658.42,1478.57,0.527,698.16,1649.8,0.962,705.07,1507.18,0.654,511.5,1667.57,0.97,559.42,1556.09,0.663,lateral,496.4953063220884,572.0562986379317,False,630.6680867319147,752.8667829308263,618.5367025190634
171,5700,358.46,493.26,1.0,499.5,532.54,1.0,525.49,546.68,0.999,627.8,752.27,0.995,627.32,756.16,0.046,575.62,999.17,0.988,606.86,966.8,0.056,748.15,933.48,1.0,744.86,926.69,0.999,581.62,1244.56,0.979,598.56,1216.66,0.396,647.83,1600.8,0.978,659.54,1481.7,0.499,697.89,1650.55,0.961,704.98,1511.96,0.609,511.41,1668.31,0.969,559.42,1562.98,0.623,lateral,499.50315108056105,532.5446798850428,False,619.3493710023488,719.8594977421717,618.4246287852163
172,5733,358.61,458.57,1.0,502.84,498.6,1.0,529.3,511.11,0.999,636.46,713.82,0.995,639.84,727.09,0.053,616.72,975.62,0.985,635.33,957.62,0.064,734.26,917.79,1.0,745.0,908.36,0.998,609.79,1248.24,0.969,641.24,1218.53,0.282,647.83,1601.23,0.954,661.2,1486.78,0.401,697.8,1651.44,0.929,705.61,1519.47,0.505,511.03,1668.94,0.931,558.7,1565.61,0.53,lateral,502.8440352246439,498.6016739644381,False,615.7537188782222,691.204796471944,618.2835238166767
173,5766,359.8,433.84,1.0,506.77,465.24,1.0,537.17,479.1,0.999,624.02,673.86,0.997,652.55,688.89,0.047,656.02,920.95,0.988,667.4,902.9,0.064,722.57,901.07,1.0,747.97,894.15,0.998,616.24,1238.98,0.975,675.15,1217.37,0.297,647.94,1601.75,0.948,662.29,1490.49,0.372,697.76,1652.88,0.924,705.75,1528.53,0.483,509.72,1669.34,0.915,558.21,1567.12,0.484,lateral,506.77435857680103,465.2383425456273,False,610.1790356715452,668.8299549242856,603.7385177670255
174,5800,362.1,410.69,1.0,520.91,445.93,1.0,535.62,476.51,0.999,652.72,646.69,0.996,640.88,687.09,0.064,706.39,895.58,0.985,690.19,890.89,0.072,709.26,883.42,0.999,708.92,887.53,0.998,630.5,1234.07,0.955,661.56,1213.58,0.24,648.15,1602.18,0.919,662.63,1496.77,0.297,697.47,1653.54,0.912,705.5,1540.1,0.431,508.1,1669.61,0.884,554.58,1568.59,0.415,lateral,520.9138372694263,445.93191168413443,False,611.7021845477432,653.9892008872215,602.7852971603785
175,5833,367.41,390.59,1.0,528.61,417.1,1.0,526.61,465.73,0.998,670.42,594.82,0.996,640.54,667.3,0.054,739.13,854.27,0.984,695.22,859.22,0.058,697.45,871.71,0.999,687.86,877.39,0.995,652.37,1229.44,0.954,659.9,1210.86,0.209,648.28,1602.55,0.915,663.05,1502.15,0.277,697.25,1654.03,0.913,705.36,1548.51,0.411,507.26,1669.79,0.877,551.88,1569.49,0.404,lateral,528.610059828119,417.1018008727198,False,611.0493132396095,634.3044973041216,602.2538756786009
176,5866,372.6,371.35,0.999,524.28,403.59,1.0,529.86,449.82,0.996,693.37,574.62,0.997,666.42,635.19,0.05,783.44,827.29,0.987,743.1,829.08,0.057,683.15,859.41,0.998,685.09,866.21,0.992,646.56,1230.74,0.974,665.26,1213.1,0.23,648.47,1602.76,0.922,663.17,1509.67,0.306,697.03,1654.57,0.922,705.36,1558.89,0.447,506.42,1670.11,0.881,549.53,1572.32,0.432,lateral,524.2799165134813,403.58838748558674,False,603.3394081112561,626.1066804911393,601.723891797175
177,5900,379.68,356.23,1.0,524.23,385.97,1.0,532.54,442.4,0.997,686.67,547.99,0.997,656.57,613.32,0.029,787.62,778.69,0.988,721.21,797.42,0.04,666.97,831.75,0.999,670.59,842.71,0.996,634.91,1218.64,0.972,660.43,1204.59,0.268,648.47,1603.11,0.947,664.07,1511.9,0.319,696.69,1655.55,0.928,705.71,1562.29,0.432,505.13,1670.25,0.922,546.47,1574.72,0.435,lateral,524.2272571200322,385.96703152055744,False,594.9823853806216,615.8726280252694,600.9095046674082
178,5933,386.01,347.75,0.999,530.85,382.63,1.0,547.93,432.77,0.996,705.77,538.8,0.998,704.12,575.16,0.049,815.49,756.55,0.993,766.12,759.51,0.072,659.67,846.8,0.999,665.5,850.68,0.995,635.74,1221.32,0.981,663.28,1201.45,0.294,648.71,1603.35,0.953,665.58,1512.11,0.41,696.62,1656.3,0.955,706.63,1561.72,0.535,503.79,1670.42,0.931,546.47,1576.39,0.56,lateral,530.8533738970111,382.6278425809748,False,596.8143060738106,613.6307025228273,613.3752811994605
179,5966,390.91,338.96,0.999,526.99,379.35,1.0,548.23,436.69,0.995,707.69,528.66,0.998,701.71,579.6,0.04,824.89,742.79,0.993,765.89,757.93,0.067,648.73,863.56,0.999,660.88,868.73,0.993,637.09,1224.86,0.982,667.37,1204.75,0.341,649.13,1603.84,0.959,666.95,1514.76,0.453,696.56,1657.18,0.958,707.23,1564.33,0.567,503.33,1670.99,0.936,547.1,1580.01,0.59,lateral,526.9936983123504,379.349141723708,False,590.7575705522878,611.4572804045318,613.5552335213874
180,6000,394.58,334.85,1.0,532.61,378.67,1.0,550.01,434.91,0.997,718.67,532.06,0.999,707.83,577.21,0.054,834.4,750.75,0.997,781.13,753.46,0.094,641.13,868.07,0.999,651.49,873.43,0.995,635.82,1228.02,0.981,672.67,1205.21,0.299,649.39,1603.84,0.947,670.75,1514.76,0.427,696.45,1657.57,0.956,709.07,1563.79,0.57,502.39,1671.79,0.922,547.68,1581.15,0.571,lateral,532.6074538439077,378.6739122905055,False,590.8955188050692,611.2676468026983,613.898761861987
181,6033,398.33,332.69,0.999,534.54,382.19,1.0,555.63,444.0,0.996,711.38,535.87,0.998,715.49,592.15,0.034,821.62,746.8,0.995,768.29,762.26,0.063,636.81,875.3,0.999,653.38,878.64,0.995,634.65,1237.97,0.989,668.18,1212.69,0.412,649.63,1604.35,0.969,673.85,1514.9,0.549,696.34,1658.46,0.969,710.35,1564.14,0.644,502.22,1672.34,0.95,547.96,1583.79,0.678,lateral,534.5435848368262,382.1888566283184,False,589.6041676175842,613.4716209152853,614.2169417967923
182,6066,401.23,328.88,0.999,535.1,380.13,1.0,557.68,434.97,0.996,700.48,546.51,0.997,706.91,593.78,0.031,817.47,753.73,0.992,770.68,770.41,0.05,643.84,867.76,0.998,656.51,874.44,0.994,634.73,1243.25,0.988,664.75,1221.73,0.319,650.23,1605.2,0.957,675.35,1517.92,0.445,696.39,1659.32,0.958,711.76,1567.74,0.575,501.71,1673.49,0.932,548.1,1588.55,0.583,lateral,535.1004428359263,380.13420125948426,False,592.3089245094106,613.444478887432,614.4912337433898
183,6100,403.54,325.87,0.999,534.58,383.7,1.0,555.4,428.35,0.997,699.14,560.69,0.996,695.99,592.96,0.028,811.97,774.34,0.982,754.27,786.78,0.036,647.42,866.58,0.999,658.06,873.52,0.995,634.28,1238.82,0.988,664.19,1218.88,0.306,650.58,1605.35,0.958,677.06,1518.35,0.454,696.34,1659.81,0.959,713.66,1567.54,0.59,501.41,1674.59,0.933,548.57,1589.15,0.598,lateral,534.5815818828478,383.69737581258323,False,593.4962577224613,616.0983347095694,614.9957853149282
184,6133,405.66,325.67,0.999,544.89,377.96,1.0,550.55,433.97,0.996,700.02,557.44,0.997,669.06,611.34,0.021,800.68,784.1,0.988,745.0,806.92,0.03,654.57,829.82,0.999,652.26,848.35,0.994,631.15,1225.36,0.969,650.12,1209.5,0.251,650.58,1605.03,0.933,676.85,1518.9,0.266,696.15,1659.37,0.88,713.66,1568.5,0.365,501.08,1675.13,0.897,548.3,1590.21,0.369,lateral,544.893727287976,377.9602077538716,False,600.8711095502323,613.1062290338252,598.6162623192057
185,6166,408.25,323.41,1.0,542.73,382.46,1.0,547.78,435.74,0.997,698.43,565.36,0.998,651.33,615.41,0.031,775.8,810.83,0.991,700.48,825.68,0.034,658.75,843.53,0.999,658.78,855.63,0.994,625.55,1222.74,0.991,647.28,1203.34,0.276,650.58,1604.95,0.955,677.91,1518.04,0.347,695.94,1659.16,0.953,714.09,1567.64,0.507,500.54,1675.35,0.915,548.27,1588.43,0.464,lateral,542.7266589790302,382.45602670258165,False,601.4388913439698,616.1345384372437,636.8578126017727
186,6200,409.23,320.75,1.0,542.71,381.07,1.0,537.52,436.71,0.998,684.86,567.93,0.998,643.67,622.99,0.041,721.78,820.83,0.992,678.27,838.78,0.053,658.22,844.73,0.999,657.81,856.73,0.995,625.38,1215.76,0.984,645.29,1196.35,0.218,650.49,1604.88,0.942,678.96,1517.51,0.289,695.4,1659.01,0.937,715.27,1566.92,0.458,499.99,1675.35,0.901,548.29,1588.1,0.421,lateral,542.7121512498031,381.0675412184828,False,600.554022290582,615.5156168304061,597.6954800233711
187,6233,408.52,322.63,1.0,539.59,388.27,1.0,544.57,433.5,0.999,669.3,579.3,0.999,655.52,623.03,0.06,678.4,842.7,0.994,678.1,838.0,0.078,660.68,848.39,0.999,672.56,856.05,0.998,621.33,1219.78,0.996,648.41,1189.67,0.38,650.42,1604.77,0.973,683.02,1516.14,0.536,694.82,1658.94,0.973,718.47,1565.56,0.68,499.84,1675.35,0.953,549.12,1586.3,0.663,lateral,539.5860219238772,388.2678204499891,False,599.1013805810775,620.0213897014773,615.5628448649378
188,6266,408.1,323.64,1.0,538.88,392.59,1.0,557.31,436.86,0.999,636.85,594.52,0.997,662.26,631.75,0.042,621.11,857.06,0.987,648.17,844.34,0.059,660.57,850.96,0.999,676.39,858.79,0.996,613.75,1221.54,0.98,648.35,1196.14,0.275,650.39,1604.78,0.959,683.82,1516.05,0.369,694.08,1658.96,0.941,719.7,1565.61,0.484,499.23,1675.35,0.934,549.63,1585.97,0.496,lateral,538.8812745871605,392.5891982223751,False,596.7592909900847,623.5623488590184,596.6546630197524
189,6300,408.21,326.91,1.0,524.53,418.57,1.0,570.9,438.99,0.998,601.68,617.35,0.995,661.59,649.78,0.026,572.3,876.84,0.975,617.04,851.32,0.033,659.25,875.05,0.999,694.77,868.23,0.996,613.46,1231.89,0.958,659.77,1210.8,0.267,650.44,1604.87,0.94,685.26,1516.27,0.385,693.72,1659.04,0.927,720.92,1566.63,0.464,498.92,1675.35,0.918,550.83,1586.28,0.492,lateral,524.5269549537056,418.5656054917856,False,588.2773299101526,637.9765820185113,596.316176965297
190,6333,407.2,331.48,1.0,519.05,435.97,1.0,563.02,452.44,0.998,599.33,661.93,0.993,628.72,678.54,0.035,534.16,891.37,0.967,576.85,871.23,0.05,658.49,876.01,0.999,697.21,870.25,0.998,611.4,1230.48,0.96,657.21,1207.98,0.301,650.42,1604.87,0.955,686.5,1516.26,0.44,693.26,1659.07,0.932,721.49,1566.63,0.491,497.73,1675.28,0.937,551.36,1585.88,0.552,lateral,519.05396209431,435.9677449269956,False,585.0978882872951,649.1730163333677,580.7868157388558
191,6366,406.21,342.68,1.0,514.5,451.8,1.0,556.39,472.76,0.999,589.81,673.11,0.996,616.95,699.95,0.055,491.89,899.4,0.987,541.91,888.97,0.082,668.19,890.99,0.999,699.63,884.02,0.997,605.3,1233.57,0.97,651.06,1209.87,0.27,650.51,1605.09,0.967,686.85,1516.3,0.427,693.26,1659.4,0.946,721.35,1567.06,0.5,497.02,1675.48,0.954,551.36,1585.7,0.574,lateral,514.498624169904,451.7958191345938,False,587.314382004563,659.2088374215177,580.549520737151
192,6400,405.37,363.1,1.0,510.86,475.82,1.0,556.6,491.7,0.999,557.56,700.28,0.993,616.43,711.93,0.047,435.02,907.06,0.978,522.93,881.76,0.075,688.02,911.62,1.0,718.18,901.58,0.998,599.53,1234.16,0.974,636.29,1211.19,0.262,650.49,1605.35,0.967,685.9,1516.41,0.402,692.61,1659.81,0.947,720.75,1567.12,0.514,496.8,1675.45,0.949,551.0,1585.53,0.541,lateral,510.85656710441026,475.8248113800459,False,594.2587242320867,675.8327091039691,615.2897711597519
193,6433,403.31,384.72,1.0,505.48,494.61,1.0,557.28,516.85,0.999,551.22,710.19,0.994,601.31,739.4,0.07,407.73,896.41,0.99,479.39,897.53,0.119,704.93,929.31,1.0,743.23,919.93,0.999,583.85,1239.16,0.986,627.63,1214.64,0.331,650.48,1605.73,0.987,686.04,1516.39,0.524,692.34,1660.37,0.979,721.48,1567.04,0.637,496.71,1675.61,0.98,551.55,1585.53,0.657,lateral,505.4814773432861,494.6061979997678,False,600.1854285535277,691.9139410301295,615.5190736395682
194,6466,399.96,413.34,1.0,498.51,524.73,1.0,558.18,543.71,0.999,523.77,754.12,0.989,602.35,762.51,0.072,367.62,899.47,0.977,469.71,880.68,0.101,722.67,946.98,1.0,759.21,934.3,0.999,565.19,1243.07,0.986,605.51,1219.07,0.345,650.48,1606.26,0.987,685.88,1516.4,0.551,692.02,1660.9,0.984,721.36,1566.68,0.662,496.51,1675.81,0.981,552.67,1585.63,0.665,lateral,498.50593010882915,524.7332789674499,False,603.7479769961095,718.279681656097,615.6388712180909
195,6500,396.15,447.07,1.0,492.11,560.4,1.0,557.27,566.43,0.999,508.59,799.7,0.974,563.67,804.34,0.114,315.77,900.11,0.944,418.94,881.92,0.167,736.39,966.05,1.0,767.86,945.81,0.999,552.49,1248.15,0.992,604.17,1224.05,0.382,650.46,1606.26,0.992,685.76,1516.36,0.648,691.61,1660.9,0.989,721.26,1565.56,0.72,496.31,1675.81,0.988,554.29,1585.63,0.754,lateral,492.1079861806606,560.4022012119062,False,606.7767819988779,746.9848308873586,615.8701038612974
196,6533,393.03,486.08,1.0,487.99,598.29,1.0,557.26,595.87,0.999,512.65,832.27,0.958,568.69,828.54,0.127,319.7,889.44,0.906,413.27,876.47,0.203,756.06,982.38,1.0,781.06,961.11,1.0,545.47,1250.58,0.991,584.3,1224.51,0.358,650.46,1606.26,0.993,685.68,1516.2,0.623,691.61,1660.9,0.991,721.21,1563.18,0.709,496.48,1675.81,0.991,555.75,1585.76,0.743,lateral,487.9908003873165,598.2911580511875,False,613.5744807521164,776.4348557205611,616.262263552326
197,6566,388.44,519.84,1.0,481.72,641.95,1.0,554.04,634.75,1.0,478.71,870.44,0.947,539.19,866.25,0.349,289.58,878.17,0.868,375.63,883.99,0.475,766.85,1001.54,1.0,794.77,976.29,1.0,547.88,1255.48,0.992,592.69,1226.02,0.399,650.47,1606.33,0.992,685.67,1516.2,0.609,691.71,1660.77,0.99,721.17,1562.51,0.716,496.59,1675.75,0.99,557.47,1585.94,0.744,lateral,481.7154059298824,641.9501880792048,False,616.408313616465,805.9810854900959,616.7333804761652
198,6600,384.79,559.14,1.0,483.84,682.1,1.0,541.7,681.46,1.0,442.66,914.18,0.961,500.33,903.42,0.397,290.29,880.12,0.929,360.82,887.0,0.511,785.41,1010.7,1.0,796.59,991.09,1.0,552.73,1258.91,0.993,586.12,1227.44,0.395,650.47,1607.04,0.995,685.23,1516.2,0.638,691.77,1661.02,0.992,721.09,1560.84,0.737,496.63,1675.62,0.993,556.75,1585.76,0.787,lateral,483.8437409696756,682.0968834215328,False,623.511674764583,833.7157742790508,616.5601540799707
199,6633,380.9,593.24,1.0,485.38,724.17,1.0,524.35,715.71,0.999,423.87,956.46,0.964,471.72,935.3,0.287,293.16,878.29,0.954,345.36,887.62,0.418,799.42,1032.5,1.0,791.83,1011.49,1.0,553.03,1261.83,0.991,566.09,1225.87,0.436,650.58,1607.33,0.993,684.82,1516.15,0.631,691.79,1661.17,0.99,721.0,1559.21,0.735,496.68,1675.63,0.992,560.23,1586.29,0.785,lateral,485.37980681639067,724.1732037821546,False,631.7294538339893,865.7547646019577,617.4241733760342
200,6666,375.92,624.9,1.0,483.92,760.3,1.0,533.35,745.08,0.999,408.16,993.74,0.968,466.88,975.26,0.238,290.55,880.01,0.973,341.81,890.59,0.289,804.57,1057.26,1.0,792.2,1033.26,1.0,553.11,1267.85,0.993,550.01,1225.46,0.4,650.8,1607.41,0.993,684.45,1515.75,0.587,692.3,1661.26,0.992,720.98,1555.71,0.736,497.14,1675.59,0.993,562.23,1586.23,0.775,lateral,483.92400082550057,760.3040270200265,False,636.8162432017481,894.431253395708,618.161978228744
201,6700,373.58,654.3,1.0,474.39,798.93,1.0,532.27,776.41,1.0,383.02,1025.35,0.98,448.99,988.5,0.321,286.19,887.6,0.966,345.56,889.13,0.222,809.53,1072.52,1.0,795.07,1045.49,1.0,540.61,1261.81,0.995,544.41,1212.42,0.398,650.8,1607.28,0.995,683.37,1514.17,0.642,692.86,1661.15,0.994,720.49,1550.33,0.739,497.23,1675.53,0.994,562.23,1584.57,0.796,lateral,474.3892497340111,798.9278885325282,False,632.0313771827535,924.1259165240712,618.2030077281545
202,6733,372.28,685.55,1.0,469.94,826.25,1.0,529.09,799.04,1.0,372.8,1050.85,0.977,437.63,1006.83,0.253,285.81,902.89,0.96,342.74,901.39,0.147,810.82,1091.43,1.0,788.88,1062.7,1.0,542.25,1260.14,0.995,542.14,1210.86,0.43,650.83,1607.28,0.996,683.62,1511.03,0.688,693.86,1661.13,0.995,720.6,1543.75,0.745,497.75,1675.56,0.995,564.7,1580.37,0.829,lateral,469.93721030652546,826.2544514593409,False,634.6093187796141,945.3924657096399,619.2276014243871
203,6766,371.66,713.32,1.0,469.0,848.83,1.0,531.03,820.19,0.999,366.13,1075.46,0.979,440.82,1019.98,0.258,292.96,915.34,0.951,344.12,907.91,0.111,808.1,1112.25,1.0,785.37,1079.33,1.0,537.6,1260.55,0.994,532.75,1212.68,0.453,650.88,1607.25,0.995,682.79,1509.61,0.661,695.02,1661.12,0.993,720.47,1540.24,0.731,498.35,1674.73,0.993,564.7,1578.25,0.794,lateral,468.99833015836344,848.8345631609933,False,636.5962665459855,966.3041076594732,619.6363952787798
204,6800,371.9,740.19,1.0,468.14,881.61,1.0,530.48,855.98,0.999,359.82,1095.16,0.981,435.42,1042.43,0.251,290.98,928.6,0.942,340.36,922.22,0.095,805.44,1143.82,1.0,786.52,1108.15,1.0,535.46,1260.69,0.996,538.29,1213.46,0.415,650.88,1607.22,0.995,680.44,1505.91,0.671,695.84,1661.11,0.993,719.86,1530.36,0.739,499.07,1674.83,0.993,563.69,1573.67,0.804,lateral,468.1434319235956,881.61051501085,False,641.6984250069515,997.048523020484,619.6132686501063
205,6833,372.14,761.99,1.0,468.25,902.22,1.0,530.1,861.59,0.999,352.62,1114.59,0.964,428.84,1023.48,0.115,295.09,936.29,0.901,338.07,938.8,0.045,797.23,1159.38,1.0,786.26,1127.67,1.0,526.9,1260.29,0.996,518.81,1205.12,0.319,650.98,1607.15,0.996,675.92,1497.47,0.563,697.38,1660.77,0.993,718.12,1520.65,0.637,501.4,1674.72,0.993,563.46,1568.49,0.723,lateral,468.2499595481551,902.2227787329889,False,640.6789139091495,1015.4602730958864,620.0899211228904
206,6866,372.3,786.44,1.0,470.1,924.43,1.0,519.73,890.83,1.0,348.98,1128.28,0.966,412.73,1048.34,0.207,296.42,945.86,0.911,339.3,954.16,0.082,788.21,1176.94,1.0,785.14,1146.67,1.0,526.9,1263.47,0.996,524.3,1208.45,0.279,651.11,1606.63,0.995,670.56,1492.2,0.535,698.78,1659.66,0.992,715.31,1515.66,0.627,503.44,1674.41,0.993,563.39,1564.69,0.702,lateral,470.1028867798863,924.4261563348506,False,643.7350227388257,1034.6072558217154,620.2308125488094
207,6899,371.83,798.59,1.0,470.34,939.99,1.0,519.77,901.39,1.0,353.0,1141.04,0.963,410.32,1061.55,0.189,299.58,960.12,0.892,337.39,965.62,0.067,774.41,1182.56,1.0,782.4,1154.51,1.0,525.96,1263.96,0.997,528.18,1223.64,0.268,651.35,1605.71,0.996,666.76,1487.29,0.542,700.22,1658.37,0.995,713.26,1511.45,0.642,506.56,1673.92,0.995,563.24,1561.93,0.717,lateral,470.3381212726705,939.9915906481741,False,643.8076776654259,1043.72783061823,620.8196998627534
208,6933,372.16,811.74,1.0,469.62,949.07,1.0,522.33,909.99,1.0,352.44,1159.51,0.973,426.65,1065.05,0.193,303.09,974.28,0.894,346.66,976.63,0.056,779.51,1202.22,1.0,787.51,1165.47,1.0,527.52,1263.16,0.997,530.72,1226.91,0.321,651.39,1604.8,0.995,661.31,1487.29,0.571,701.03,1656.85,0.991,709.34,1509.41,0.636,507.52,1673.22,0.992,562.36,1559.73,0.731,lateral,469.62197903219027,949.0698078556611,False,647.912249974096,1061.360193064774,620.0649679212489
209,6966,371.55,826.16,1.0,466.2,969.29,1.0,517.64,922.96,1.0,363.77,1170.82,0.986,431.43,1063.83,0.3,304.53,991.04,0.885,349.82,973.78,0.079,785.78,1217.95,1.0,787.02,1176.07,1.0,528.25,1268.49,0.997,528.83,1222.36,0.395,651.45,1604.24,0.993,654.95,1484.12,0.673,701.65,1655.78,0.99,703.78,1507.63,0.74,509.63,1672.64,0.991,560.54,1556.83,0.794,lateral,466.2011314267222,969.2855055026923,False,648.6172924989797,1082.460602673184,618.8982139839853
210,7000,371.92,836.84,1.0,466.99,973.48,1.0,520.04,926.37,1.0,369.88,1178.61,0.985,436.61,1066.23,0.309,305.08,1004.71,0.891,351.34,979.1,0.098,795.9,1222.94,1.0,792.73,1178.74,1.0,529.8,1270.96,0.996,546.83,1210.79,0.402,651.41,1603.43,0.993,653.98,1480.65,0.676,701.25,1654.67,0.991,702.79,1505.72,0.736,509.63,1671.61,0.991,559.5,1555.51,0.79,lateral,466.98509542674344,973.4807616230541,False,650.2798531741333,1089.0973281510212,618.2913905169712
211,7033,372.13,841.83,1.0,466.23,971.75,1.0,522.67,920.67,1.0,374.01,1184.7,0.984,444.61,1073.56,0.332,305.8,1012.76,0.897,356.52,989.21,0.109,799.73,1224.01,1.0,795.5,1176.82,1.0,529.75,1273.67,0.996,549.67,1204.98,0.41,651.45,1602.68,0.992,650.64,1478.09,0.677,701.25,1653.23,0.99,699.48,1504.58,0.739,509.63,1670.15,0.99,557.56,1554.01,0.793,lateral,466.23123888327086,971.7534996704909,False,649.7948140589493,1089.6858030282824,616.980686229057
212,7066,371.93,839.17,1.0,460.65,965.2,1.0,523.94,917.74,1.0,387.52,1185.74,0.977,457.21,1116.06,0.301,311.4,1019.4,0.884,363.78,1003.66,0.119,796.37,1220.71,1.0,802.71,1173.51,1.0,528.96,1274.78,0.996,550.4,1208.22,0.393,651.41,1602.01,0.994,652.12,1473.57,0.695,701.25,1652.37,0.994,700.75,1501.37,0.764,509.33,1669.57,0.993,557.56,1551.77,0.813,lateral,460.6472747862049,965.2023689425448,False,646.8096787456503,1084.3907301048298,617.2237822346125
213,7100,371.91,830.72,1.0,458.5,957.09,1.0,529.43,904.07,1.0,408.31,1181.86,0.96,485.3,1083.51,0.084,314.93,1028.42,0.921,386.74,1019.95,0.049,788.97,1206.89,1.0,797.36,1163.16,1.0,527.32,1271.72,0.997,548.78,1212.08,0.288,651.39,1601.74,0.994,653.09,1473.57,0.631,701.3,1651.8,0.993,700.75,1501.61,0.707,509.58,1669.01,0.992,557.73,1549.33,0.776,lateral,458.4986240628915,957.0924056298501,False,644.8851187126002,1071.392506740981,617.3408140044614
214,7133,369.85,822.0,1.0,461.12,943.12,1.0,526.72,894.17,1.0,430.17,1176.32,0.98,495.27,1081.13,0.085,315.05,1035.38,0.959,388.62,1027.04,0.055,775.4,1199.78,1.0,792.24,1158.23,1.0,517.7,1271.86,0.997,539.42,1221.81,0.227,651.47,1601.74,0.994,652.19,1472.97,0.544,701.93,1651.95,0.991,699.9,1501.39,0.645,510.12,1669.19,0.99,557.22,1548.27,0.692,lateral,461.1154670287528,943.1202203617477,False,641.9016740652374,1058.917140712673,617.294229519964
215,7166,366.24,812.49,1.0,461.55,926.65,1.0,524.99,866.4,1.0,444.33,1161.43,0.977,512.83,1054.08,0.072,322.53,1033.31,0.968,385.8,1023.6,0.079,771.8,1181.3,1.0,784.64,1141.22,1.0,513.92,1272.27,0.998,525.1,1219.39,0.328,651.58,1601.83,0.997,650.41,1470.99,0.607,702.63,1651.87,0.994,698.48,1500.02,0.716,512.0,1669.38,0.995,556.43,1547.23,0.761,lateral,461.5486134608826,926.6452646928221,False,637.9619312447307,1039.5186430957876,617.3842591462784
216,7200,360.88,787.1,1.0,462.4,894.58,1.0,516.19,847.28,1.0,467.32,1138.35,0.969,506.84,1057.27,0.087,332.92,1028.69,0.959,383.01,1019.49,0.112,777.28,1153.59,1.0,780.08,1114.74,1.0,516.96,1272.88,0.998,526.01,1220.16,0.363,651.88,1602.01,0.996,649.73,1469.88,0.623,703.82,1651.87,0.994,698.16,1499.29,0.726,513.46,1669.6,0.995,556.24,1547.37,0.777,lateral,462.4036940895817,894.5817734401288,False,635.5771037092256,1008.9411251493658,617.9195952803702
217,7233,355.01,752.14,1.0,461.16,860.61,1.0,512.68,821.04,1.0,491.74,1098.32,0.943,514.25,1053.13,0.108,334.99,1032.65,0.936,382.11,1021.75,0.149,778.97,1127.29,1.0,774.54,1090.91,1.0,518.89,1275.86,0.994,530.33,1231.04,0.277,652.28,1602.09,0.993,650.74,1471.46,0.507,705.09,1652.09,0.992,699.03,1500.0,0.651,513.98,1669.64,0.991,556.64,1547.76,0.694,lateral,461.15924007993624,860.6132724638771,False,630.8411849921819,978.2759836526884,618.6862416592508
218,7266,351.5,716.43,1.0,458.26,816.53,1.0,514.05,779.62,1.0,507.38,1053.38,0.893,522.86,985.75,0.093,342.94,1034.97,0.861,387.33,1015.99,0.136,781.7,1095.88,1.0,777.58,1063.98,1.0,526.6,1276.49,0.992,531.68,1228.54,0.256,652.36,1602.1,0.993,650.74,1471.96,0.476,705.09,1652.09,0.99,699.11,1500.58,0.621,516.41,1669.47,0.99,556.37,1548.01,0.649,lateral,458.2595360786121,816.5297827233445,False,625.7836433353274,940.4650023117036,619.2448322444866
219,7300,348.71,671.43,1.0,459.41,766.59,1.0,511.04,740.75,1.0,520.19,1005.18,0.863,528.84,938.21,0.068,366.07,1041.94,0.814,392.11,1018.82,0.092,783.17,1059.39,1.0,777.14,1034.87,0.999,533.05,1274.91,0.987,536.89,1229.74,0.245,652.54,1602.18,0.991,650.8,1472.93,0.502,705.32,1652.14,0.989,699.13,1501.0,0.658,517.1,1669.49,0.988,555.74,1548.35,0.672,lateral,459.4132700104715,766.5870347627298,False,620.6396458079831,899.3590924065769,619.3221326815242
220,7333,348.32,630.01,1.0,460.14,723.74,1.0,511.69,704.45,0.999,540.17,953.85,0.944,554.6,926.43,0.087,385.9,1051.02,0.915,421.35,1017.0,0.132,781.51,1039.6,1.0,773.15,1017.53,0.999,541.6,1271.72,0.984,552.38,1231.31,0.273,652.81,1602.38,0.994,650.91,1475.46,0.589,705.4,1652.17,0.991,699.18,1503.13,0.733,517.63,1669.67,0.992,555.59,1548.81,0.76,lateral,460.13999878687264,723.7350733075396,False,619.6394822034947,866.5221001375788,619.4497616330235
221,7366,347.8,588.68,1.0,453.67,677.05,1.0,516.63,669.9,0.999,535.88,910.25,0.959,578.2,891.54,0.069,403.39,1055.18,0.926,467.42,1016.53,0.073,768.96,1018.33,1.0,772.48,1002.18,0.999,544.44,1266.57,0.99,589.44,1236.52,0.303,652.98,1602.51,0.995,652.49,1476.78,0.649,705.16,1652.18,0.992,700.4,1504.51,0.757,517.54,1669.87,0.993,556.34,1551.06,0.783,lateral,453.67170185437544,677.0518886323297,False,609.014894392486,831.2127885462342,619.8586347675439
222,7399,346.24,543.1,1.0,448.5,624.74,1.0,519.68,622.78,0.999,534.53,847.5,0.981,592.64,842.55,0.101,449.97,1044.6,0.964,497.59,1014.47,0.13,755.05,984.7,1.0,763.75,971.71,0.999,558.45,1261.95,0.985,615.69,1242.38,0.366,652.92,1602.51,0.99,655.82,1478.12,0.638,705.01,1652.24,0.984,702.33,1506.29,0.738,517.14,1669.87,0.987,558.37,1552.7,0.761,lateral,448.4996244075038,624.7407949058837,False,597.536273879777,787.2674934038623,620.7114641261566
223,7433,346.08,503.27,1.0,452.05,578.61,1.0,519.04,588.21,0.999,544.38,811.4,0.992,612.52,813.54,0.084,464.69,1037.31,0.987,528.98,997.43,0.114,751.47,964.87,1.0,752.72,954.18,0.999,575.69,1258.16,0.987,608.74,1239.97,0.455,652.92,1602.56,0.989,659.63,1479.74,0.622,704.95,1652.41,0.977,705.68,1508.2,0.717,516.85,1670.07,0.984,562.88,1554.66,0.722,lateral,452.0461162990988,578.6110476259678,False,597.1293221970357,753.3599979843573,622.5907879603621
224,7466,345.87,461.81,1.0,456.5,533.77,1.0,519.41,545.71,0.999,553.67,752.98,0.997,619.41,767.34,0.056,514.42,995.17,0.994,575.91,962.86,0.075,726.55,944.01,1.0,746.07,931.32,0.999,583.97,1249.6,0.986,600.08,1229.45,0.461,652.85,1602.71,0.986,662.55,1480.47,0.497,704.47,1652.9,0.97,708.21,1509.48,0.611,516.46,1670.14,0.978,563.45,1558.98,0.588,lateral,456.50444249426903,533.7659307028719,False,587.4091624323777,717.9794569034021,623.14917385532
225,7500,346.14,426.69,1.0,459.86,512.71,1.0,520.25,506.87,0.999,559.43,734.44,0.992,622.1,720.94,0.053,528.53,977.23,0.981,590.92,929.4,0.056,722.14,927.49,1.0,753.04,906.33,0.998,595.26,1242.68,0.982,631.19,1216.69,0.295,652.82,1603.28,0.978,664.21,1485.6,0.419,703.01,1653.62,0.965,708.38,1516.15,0.564,513.8,1670.29,0.964,562.52,1562.6,0.534,lateral,459.8599985260353,512.7091783043049,False,585.5612706331284,701.8218262833014,621.9252693040617
226,7533,347.48,400.72,0.999,464.69,485.28,1.0,523.97,479.18,0.998,569.83,719.72,0.991,624.01,703.88,0.034,555.77,961.28,0.969,602.92,913.32,0.049,700.68,912.86,0.999,744.72,892.86,0.997,617.06,1242.32,0.973,661.39,1210.54,0.244,652.79,1603.5,0.96,667.08,1490.3,0.4,701.97,1653.84,0.937,709.11,1525.74,0.525,511.64,1670.52,0.936,562.05,1563.96,0.506,lateral,464.69432857557314,485.280353487116,False,578.0201075132466,679.8330532608065,621.1913325969309
227,7566,349.27,377.76,1.0,479.15,459.54,1.0,524.38,462.9,0.999,577.32,679.26,0.995,610.77,682.41,0.057,588.37,918.78,0.985,604.28,885.46,0.075,690.96,901.31,0.999,724.25,890.89,0.997,633.89,1237.87,0.967,674.35,1211.42,0.285,652.8,1603.85,0.951,669.74,1496.28,0.417,701.11,1654.17,0.93,710.46,1535.47,0.543,510.23,1670.78,0.923,561.96,1564.94,0.541,lateral,479.1532314127287,459.54080626843125,False,580.1942837772945,661.7434945101954,620.9399661984564
228,7600,353.06,356.09,1.0,491.42,446.23,1.0,531.29,452.62,0.999,576.67,663.96,0.992,624.47,664.92,0.056,609.48,902.4,0.959,637.02,867.5,0.06,682.17,888.52,0.999,711.2,882.2,0.996,634.17,1237.91,0.969,682.32,1208.31,0.316,652.81,1604.54,0.96,671.82,1502.92,0.436,700.27,1654.89,0.941,711.7,1546.17,0.538,509.65,1671.05,0.937,561.96,1567.16,0.56,lateral,491.4182268595726,446.23393745314036,False,581.4421836340917,653.8431504782508,620.8971080047274
229,7633,357.67,336.21,1.0,495.85,422.83,1.0,527.08,443.19,0.999,602.4,632.24,0.998,630.36,650.52,0.072,640.49,877.91,0.992,650.14,852.34,0.08,669.15,864.19,0.999,691.7,864.01,0.998,637.09,1230.3,0.965,677.77,1202.58,0.218,652.81,1604.66,0.942,673.45,1506.55,0.343,699.5,1655.26,0.941,711.84,1552.0,0.495,508.51,1671.46,0.916,561.77,1567.57,0.479,lateral,495.852977488684,422.8252743958528,False,578.2890300155293,639.5728480142767,604.0063825505217
230,7666,364.76,323.49,1.0,498.04,410.46,1.0,525.22,434.95,0.999,626.76,610.08,0.997,625.92,638.54,0.05,675.81,869.85,0.989,640.94,850.69,0.062,662.32,861.83,0.999,680.49,866.04,0.997,638.84,1233.91,0.986,676.41,1205.06,0.304,652.81,1604.97,0.949,675.29,1509.47,0.411,698.88,1655.89,0.951,712.17,1556.22,0.58,506.47,1672.06,0.906,561.36,1567.88,0.515,lateral,498.04408146171073,410.45660777344074,False,577.7501338570188,632.0739701270385,619.7209767075489
231,7700,370.8,314.47,1.0,503.28,409.6,1.0,525.72,428.24,0.999,643.91,608.75,0.997,627.14,635.14,0.05,705.16,858.1,0.988,673.13,844.3,0.059,664.73,867.55,0.999,684.33,868.39,0.997,638.63,1233.76,0.991,679.84,1199.91,0.294,652.81,1605.05,0.952,676.54,1510.91,0.421,698.56,1656.3,0.96,713.45,1556.54,0.624,505.3,1672.13,0.911,561.16,1567.12,0.545,lateral,503.277752165946,409.6031261735895,False,582.4458871363753,631.6958195597686,619.6174908099568
232,7733,375.2,311.7,1.0,503.76,398.63,1.0,525.82,437.37,0.998,645.18,591.9,0.998,631.28,638.21,0.047,724.2,835.56,0.995,693.88,838.77,0.06,648.63,853.86,0.999,669.45,858.82,0.996,631.42,1228.51,0.985,667.94,1203.01,0.225,652.8,1605.45,0.931,676.97,1511.56,0.263,697.92,1657.03,0.935,713.24,1558.62,0.441,504.43,1672.71,0.88,560.51,1567.64,0.379,lateral,503.75775656786374,398.62955008871813,False,575.4800425733772,625.4048422240963,601.171577436628
233,7766,381.85,308.62,1.0,508.28,399.42,1.0,527.65,428.06,0.999,645.59,586.21,0.997,634.23,626.19,0.047,734.43,827.75,0.989,695.05,828.72,0.056,645.71,860.6,0.999,664.3,861.08,0.996,630.21,1228.82,0.991,667.21,1203.08,0.23,652.8,1605.45,0.942,677.82,1509.53,0.337,697.45,1657.31,0.962,715.25,1556.61,0.579,504.43,1672.71,0.895,560.36,1567.14,0.472,lateral,508.2831291652813,399.4231960566783,False,576.6188403817264,625.5066090984702,639.040442323252
234,7800,386.54,306.26,1.0,511.76,396.82,1.0,528.63,430.99,0.999,647.7,587.41,0.997,631.06,631.19,0.049,750.2,824.26,0.99,701.14,829.57,0.063,638.13,862.22,0.999,649.73,863.48,0.996,627.13,1229.39,0.99,664.36,1202.98,0.254,652.8,1605.53,0.952,679.11,1509.43,0.315,697.0,1657.84,0.957,715.84,1556.27,0.522,503.85,1673.17,0.908,559.91,1567.09,0.444,lateral,511.7608640719254,396.82376150145103,False,575.2162306935502,624.3270253317455,638.8987734565359
235,7833,388.95,306.72,1.0,510.33,393.75,1.0,537.37,427.52,0.999,635.49,584.8,0.997,643.11,631.46,0.049,737.8,823.42,0.989,723.93,829.33,0.068,641.03,858.88,0.999,658.34,857.85,0.996,622.94,1230.27,0.989,660.28,1203.59,0.287,652.62,1605.44,0.958,679.39,1510.15,0.346,696.07,1658.7,0.956,715.38,1556.76,0.532,502.63,1673.34,0.916,558.61,1567.09,0.461,lateral,510.32513721569376,393.75098741132325,False,574.9141504146937,622.838358640601,638.0272256983363
236,7866,391.23,306.72,1.0,515.89,392.17,1.0,538.21,423.87,0.999,633.94,593.46,0.995,643.24,628.8,0.055,728.37,833.92,0.982,720.11,825.77,0.062,645.97,866.58,0.999,662.12,864.49,0.995,623.67,1231.73,0.985,659.75,1207.77,0.275,652.41,1605.4,0.953,679.39,1511.74,0.339,695.21,1659.66,0.954,715.51,1557.39,0.53,501.77,1673.43,0.914,557.64,1567.21,0.466,lateral,515.8932697335171,392.1686838892553,False,579.87531299121,622.5593082332622,637.4976071205193
237,7899,392.43,307.42,1.0,521.35,390.51,1.0,534.29,426.0,0.998,645.41,588.69,0.998,624.64,635.49,0.049,723.78,843.28,0.993,693.14,840.61,0.054,646.85,869.23,0.999,659.62,868.27,0.996,621.36,1228.86,0.988,650.48,1207.37,0.283,652.33,1605.36,0.956,679.54,1511.44,0.385,694.76,1659.32,0.959,715.76,1556.71,0.575,500.9,1673.43,0.922,554.22,1567.17,0.526,lateral,521.3466547259187,390.5066782873826,False,583.6073779272319,621.6019058497105,616.4118167418465
238,7933,393.85,306.95,1.0,518.45,395.12,1.0,534.11,421.47,0.998,640.49,599.01,0.994,621.83,640.55,0.041,704.2,849.66,0.978,675.43,853.41,0.044,647.78,868.17,0.998,661.19,868.8,0.994,622.6,1233.73,0.962,652.89,1214.35,0.208,652.21,1605.36,0.921,680.42,1512.4,0.266,694.19,1659.22,0.933,716.72,1556.71,0.444,500.25,1673.43,0.874,554.76,1567.21,0.383,lateral,518.4487421665868,395.1246767407616,False,582.2871621421717,624.4249268929991,597.2205118189795
239,7966,394.81,308.78,1.0,517.25,402.49,1.0,536.85,425.22,0.999,629.45,605.75,0.995,629.58,628.81,0.039,664.9,850.57,0.975,663.18,851.03,0.041,641.33,871.46,0.999,661.51,871.32,0.996,619.56,1236.08,0.994,652.13,1213.09,0.333,652.24,1605.38,0.957,682.42,1511.76,0.486,694.05,1659.42,0.968,718.05,1556.45,0.664,500.25,1673.63,0.925,555.15,1567.21,0.614,lateral,517.2455354781258,402.488038108171,False,578.3519221547919,628.5071054207643,616.8738473376769
240,8000,395.03,312.03,1.0,520.01,407.97,1.0,542.33,430.8,0.999,606.41,612.49,0.996,629.39,637.6,0.04,630.63,865.57,0.978,634.2,851.81,0.046,646.09,868.12,0.999,664.47,869.54,0.997,618.68,1230.73,0.984,653.0,1210.25,0.35,652.13,1605.23,0.954,682.42,1511.67,0.48,693.74,1659.54,0.956,718.05,1556.74,0.598,500.43,1673.63,0.927,554.82,1567.22,0.588,lateral,520.0075044342057,407.96904019945237,False,580.4639455365617,631.6794005409332,616.7587439676622
241,8033,394.59,316.22,1.0,518.91,422.57,1.0,547.44,434.18,0.999,595.68,630.48,0.994,629.11,649.59,0.034,593.5,885.97,0.968,612.99,855.93,0.04,647.96,868.95,0.999,674.3,869.92,0.997,606.6,1231.57,0.982,651.85,1209.59,0.329,652.2,1605.2,0.958,684.64,1511.72,0.524,693.6,1659.49,0.954,720.03,1556.86,0.611,500.29,1673.95,0.939,555.21,1567.53,0.628,lateral,518.9119629997493,422.566895996151,False,579.8690760571076,640.9463070362335,617.2824645863997
242,8066,394.53,326.21,0.999,516.45,445.11,1.0,544.47,457.55,0.998,590.37,679.31,0.994,616.44,694.06,0.033,554.96,935.16,0.975,580.85,901.84,0.046,649.84,875.21,0.998,677.38,874.78,0.996,604.34,1233.19,0.945,651.53,1212.97,0.183,652.22,1605.29,0.934,685.65,1513.43,0.321,693.6,1660.05,0.908,721.41,1560.19,0.422,500.29,1674.42,0.904,555.38,1569.66,0.435,lateral,516.453985426824,445.11350659796904,False,579.3815731040949,655.1922912831072,596.946810034561
243,8100,394.35,338.8,1.0,514.46,463.78,1.0,542.12,474.45,0.999,576.44,702.18,0.99,606.12,711.72,0.053,535.24,936.76,0.956,559.08,924.55,0.068,651.78,895.75,0.999,681.61,890.09,0.998,585.28,1237.87,0.969,635.29,1212.84,0.263,652.22,1605.28,0.968,686.98,1513.03,0.416,693.66,1660.0,0.947,722.33,1560.04,0.503,500.02,1675.23,0.951,555.92,1570.3,0.55,lateral,514.4587862362304,463.782805202554,False,579.3262408192285,668.4817724668839,617.9826314501223
244,8133,393.48,361.16,1.0,509.89,482.32,1.0,540.6,496.94,0.999,581.97,703.34,0.995,603.53,719.64,0.054,499.45,943.77,0.983,539.81,926.68,0.086,659.87,915.39,1.0,688.47,906.58,0.998,571.61,1247.06,0.98,625.17,1215.39,0.296,652.24,1605.28,0.979,688.63,1512.89,0.465,693.72,1660.0,0.964,725.0,1559.61,0.533,499.83,1675.91,0.968,557.19,1570.55,0.614,lateral,509.89257083662267,482.3196786967773,False,582.2998469622084,681.595527857605,618.9358991271788
245,8166,392.34,387.82,1.0,502.71,512.24,1.0,535.12,529.56,0.999,566.25,718.82,0.995,596.03,738.62,0.056,454.81,959.86,0.987,504.48,934.26,0.09,685.83,931.1,1.0,709.41,923.43,0.998,569.21,1243.34,0.984,619.91,1222.52,0.319,652.24,1605.33,0.983,688.47,1512.89,0.47,693.6,1660.31,0.969,725.0,1559.43,0.561,499.65,1676.4,0.974,558.2,1570.08,0.612,lateral,502.7086735168967,512.2442420711235,False,591.0156887172035,701.6953718140692,619.1136980139394
246,8200,389.9,416.77,1.0,494.23,539.5,1.0,535.0,554.86,0.999,544.64,752.08,0.994,592.64,763.11,0.041,420.2,965.4,0.988,505.66,937.83,0.069,706.73,946.16,1.0,719.43,938.14,0.999,566.0,1242.0,0.979,594.86,1220.8,0.353,652.26,1605.45,0.979,688.29,1512.89,0.474,693.6,1660.43,0.963,725.0,1559.38,0.581,499.84,1676.65,0.965,559.74,1569.97,0.586,lateral,494.2262812144402,539.5036703346298,False,596.5106583770845,722.1748868115325,619.5479922116081
247,8233,386.28,451.4,1.0,489.6,572.16,1.0,535.83,573.09,0.999,536.86,785.26,0.99,596.36,774.57,0.042,395.19,964.67,0.977,526.62,891.55,0.046,726.1,956.66,1.0,744.5,946.44,0.999,554.55,1246.76,0.986,608.97,1238.1,0.339,652.25,1605.43,0.989,689.63,1512.76,0.556,693.48,1660.32,0.985,726.83,1558.67,0.663,499.8,1676.53,0.983,564.05,1570.04,0.675,lateral,489.6014512252807,572.163050138999,False,601.8654259006336,748.1134203117464,621.0399352751199
248,8266,382.71,487.04,1.0,485.65,607.05,1.0,537.03,607.42,0.999,535.03,835.3,0.981,584.67,821.33,0.051,368.07,957.3,0.957,458.51,895.97,0.05,741.25,972.91,1.0,758.21,960.39,0.999,541.72,1251.7,0.991,591.84,1236.95,0.282,652.28,1605.48,0.995,689.11,1512.76,0.568,693.56,1660.32,0.99,726.43,1558.06,0.671,499.84,1676.88,0.992,564.83,1570.04,0.723,lateral,485.6541167995581,607.045383153334,False,606.2043303382223,777.2915492322475,621.1650063094373
249,8300,379.42,523.65,1.0,482.36,641.87,1.0,540.81,631.42,0.999,532.18,877.05,0.93,581.86,845.35,0.05,360.5,951.8,0.866,445.76,895.86,0.057,749.7,993.52,1.0,774.39,974.95,1.0,534.31,1265.99,0.994,592.02,1253.51,0.254,652.42,1605.65,0.997,689.89,1512.67,0.558,693.58,1660.32,0.995,727.4,1556.48,0.664,500.42,1677.03,0.995,567.3,1569.99,0.727,lateral,482.36356595336474,641.8682740854783,False,609.2310870962596,805.5685866679887,622.1760452819553
250,8333,377.4,559.16,1.0,476.43,685.25,1.0,540.57,667.99,1.0,507.94,919.86,0.895,562.87,886.08,0.081,339.45,946.68,0.772,414.23,915.49,0.131,762.06,1011.98,1.0,779.72,990.61,1.0,526.79,1266.89,0.995,563.73,1241.78,0.224,652.42,1605.96,0.997,689.43,1512.56,0.56,693.71,1660.37,0.996,726.85,1555.35,0.696,501.4,1677.1,0.996,566.18,1569.91,0.749,lateral,476.43185209728205,685.253223784461,False,610.8059894157637,838.2539893936033,622.0357525912765
251,8366,375.5,573.28,1.0,475.74,687.56,1.0,539.89,672.87,1.0,505.52,922.29,0.904,558.56,893.74,0.087,338.28,945.76,0.786,415.78,925.99,0.14,765.74,1015.43,1.0,780.8,995.71,1.0,528.98,1267.26,0.995,561.99,1240.18,0.248,652.54,1606.1,0.997,689.37,1512.43,0.6,693.94,1660.37,0.996,726.61,1554.36,0.725,503.63,1677.02,0.997,565.98,1569.68,0.779,lateral,475.73996953533305,687.5561476557293,False,612.5522952558963,840.5870437495105,622.5373325385207
252,8400,372.56,624.61,1.0,475.26,766.73,1.0,536.7,738.51,1.0,463.23,1008.95,0.962,493.81,978.7,0.227,315.52,945.54,0.96,356.14,935.66,0.307,777.7,1068.47,1.0,783.58,1041.93,1.0,526.12,1272.29,0.996,540.66,1237.85,0.33,653.07,1606.38,0.997,689.32,1512.43,0.621,694.84,1660.37,0.997,726.7,1553.29,0.764,506.32,1677.17,0.997,569.97,1570.3,0.804,lateral,475.2623244431516,766.7251273424165,False,624.3066409650431,902.8269631920747,624.4592219759722
253,8433,369.71,663.44,1.0,464.56,814.05,1.0,535.33,768.66,1.0,441.64,1050.99,0.979,498.28,1002.63,0.189,312.23,951.35,0.966,373.42,940.27,0.202,779.01,1099.58,1.0,781.85,1067.17,1.0,522.56,1278.1,0.996,524.15,1235.79,0.333,653.33,1606.51,0.996,688.36,1512.48,0.574,695.62,1660.35,0.996,726.7,1550.88,0.743,509.42,1677.34,0.996,569.55,1570.27,0.753,lateral,464.5612061574137,814.0520073532376,False,623.81283135441,940.8795960445674,625.3225351355634
254,8466,366.83,693.31,1.0,456.48,837.04,1.0,535.33,790.22,1.0,421.81,1077.59,0.975,521.63,985.64,0.117,309.0,958.88,0.951,386.82,952.55,0.112,772.77,1119.44,1.0,776.88,1085.07,1.0,523.03,1284.53,0.995,522.36,1232.7,0.27,653.92,1606.67,0.996,687.75,1512.09,0.486,697.25,1660.35,0.994,726.67,1546.72,0.666,512.7,1677.74,0.995,571.99,1571.14,0.694,lateral,456.47808756009744,837.0378343699442,False,621.8177714053975,960.2956329541183,627.154182837529
255,8500,366.9,724.68,1.0,457.77,869.48,1.0,525.95,826.54,1.0,404.63,1110.71,0.975,484.19,1028.58,0.127,299.58,968.49,0.954,372.7,968.76,0.102,775.12,1137.29,1.0,774.99,1094.97,1.0,519.8,1276.4,0.996,521.71,1218.09,0.334,654.11,1606.55,0.995,686.03,1507.97,0.586,698.31,1660.11,0.993,726.65,1538.15,0.717,514.23,1677.57,0.993,570.91,1570.83,0.746,lateral,457.7666635861353,869.4795447378314,False,626.1787811455688,986.2738423659482,627.5271482516282
256,8533,366.39,746.01,1.0,455.82,900.69,1.0,517.9,857.99,1.0,395.37,1127.08,0.972,470.06,1053.31,0.095,300.28,977.33,0.939,362.83,976.88,0.061,772.31,1160.89,1.0,773.65,1115.35,1.0,515.8,1274.71,0.996,532.9,1219.99,0.262,654.17,1606.5,0.996,686.03,1501.8,0.605,699.84,1659.91,0.995,726.73,1528.47,0.675,514.65,1677.67,0.996,572.53,1568.28,0.773,lateral,455.8184821164572,900.6916703046315,False,628.5255738685493,1013.6021552022368,628.4373358943003
257,8566,367.16,771.51,1.0,455.17,922.65,1.0,518.05,874.81,1.0,391.91,1151.75,0.982,453.77,1067.4,0.121,301.88,987.08,0.927,352.79,980.95,0.051,769.61,1173.65,1.0,774.64,1134.21,1.0,515.32,1276.4,0.997,517.28,1223.94,0.344,654.84,1606.48,0.996,681.58,1497.37,0.597,702.11,1659.66,0.993,725.47,1522.69,0.703,517.12,1677.71,0.994,571.83,1566.94,0.747,lateral,455.1651454813772,922.6525600010963,False,630.0113077835326,1031.8298983214295,629.1324612018802
258,8600,367.51,797.02,1.0,449.93,941.14,1.0,516.05,893.92,1.0,376.66,1158.69,0.97,485.86,1089.66,0.121,304.78,992.62,0.907,419.27,1062.84,0.067,767.26,1189.54,1.0,776.33,1148.23,1.0,512.65,1277.85,0.993,524.85,1237.76,0.278,654.84,1606.47,0.994,683.04,1493.7,0.605,702.49,1659.34,0.994,725.88,1518.07,0.706,518.34,1677.71,0.993,575.67,1564.55,0.724,lateral,449.9332582412512,941.140846306313,False,628.2740440250229,1049.799522202274,630.5934357603264
259,8633,368.16,813.92,1.0,447.18,955.85,1.0,520.05,910.99,1.0,378.11,1176.18,0.982,479.36,1088.7,0.229,308.43,1012.05,0.919,400.63,1018.98,0.122,769.88,1204.07,1.0,788.58,1164.97,1.0,516.67,1274.91,0.996,581.34,1234.62,0.432,654.84,1606.29,0.994,683.42,1486.1,0.743,702.93,1658.73,0.995,726.96,1509.83,0.793,519.13,1677.66,0.994,581.43,1559.68,0.84,lateral,447.18121708736874,955.8509368667503,False,631.7404673050606,1066.105392838493,632.6132682699692
260,8666,368.64,828.6,1.0,447.99,970.4,1.0,521.16,932.91,1.0,377.26,1185.11,0.98,480.38,1111.74,0.255,311.23,1027.73,0.892,402.64,1054.16,0.145,774.85,1214.21,1.0,799.07,1179.14,1.0,518.62,1272.61,0.994,587.95,1233.48,0.376,654.79,1605.88,0.993,683.44,1482.64,0.754,703.07,1657.98,0.994,727.82,1506.77,0.817,520.56,1676.95,0.993,586.57,1557.59,0.84,lateral,447.98835512602545,970.3959925426667,False,634.9723939978188,1080.3391379321877,634.5069117667846
261,8700,368.83,845.0,1.0,450.6,982.66,1.0,522.32,943.09,1.0,380.12,1197.52,0.979,470.82,1115.48,0.361,309.42,1036.6,0.858,388.79,1042.39,0.161,786.8,1229.06,1.0,799.27,1188.9,1.0,518.64,1273.42,0.996,568.3,1230.05,0.358,654.74,1605.4,0.992,682.24,1479.38,0.679,703.28,1657.18,0.991,727.53,1504.88,0.746,520.95,1676.37,0.991,583.92,1555.62,0.806,lateral,450.598284766161,982.6620649095526,False,638.3013113833432,1097.3480463483902,633.9200928673408
262,8733,369.18,854.55,1.0,452.25,991.14,1.0,521.4,948.48,1.0,382.61,1203.73,0.971,460.92,1117.91,0.329,310.98,1039.27,0.849,372.78,1039.15,0.142,796.14,1236.73,1.0,796.44,1196.11,1.0,519.09,1273.83,0.996,557.87,1223.63,0.369,654.69,1605.0,0.991,681.43,1474.63,0.667,703.03,1656.3,0.99,727.36,1500.92,0.726,520.27,1676.29,0.991,583.19,1552.72,0.795,lateral,452.24644189545893,991.1422343285245,False,640.1217628326772,1107.215879906633,633.4644786483991
263,8766,369.57,860.85,1.0,452.85,989.71,1.0,531.14,944.57,1.0,378.83,1204.03,0.973,476.71,1144.64,0.25,311.3,1046.13,0.878,384.2,1047.97,0.145,794.18,1237.66,1.0,807.86,1200.07,1.0,519.27,1276.39,0.995,558.19,1227.33,0.394,654.59,1604.52,0.991,681.22,1473.43,0.697,703.03,1655.98,0.992,727.27,1500.57,0.766,520.01,1675.6,0.992,583.89,1550.75,0.823,lateral,452.84712247700907,989.714229576052,False,639.8727648217451,1106.9953252655757,633.5483713020992
264,8800,369.55,863.78,1.0,453.65,988.66,1.0,528.04,951.42,1.0,381.85,1202.6,0.972,465.71,1128.5,0.387,309.42,1045.44,0.849,378.23,1046.46,0.185,793.99,1235.9,1.0,806.84,1200.54,1.0,520.82,1275.59,0.994,558.07,1229.55,0.377,654.55,1603.67,0.988,681.09,1472.64,0.677,703.13,1655.3,0.989,727.23,1500.57,0.749,520.38,1674.69,0.99,583.34,1550.38,0.806,lateral,453.64885479516516,988.6562744676995,False,640.9835006683667,1105.4441432376643,633.5195380869495
265,8833,369.85,859.42,1.0,453.29,979.41,1.0,520.72,940.48,1.0,388.02,1197.68,0.971,465.58,1114.53,0.284,309.8,1040.94,0.878,377.96,1040.55,0.137,792.95,1231.52,1.0,802.69,1193.47,1.0,521.9,1276.37,0.996,544.15,1234.62,0.411,654.57,1603.21,0.991,677.64,1470.99,0.7,703.32,1654.43,0.99,724.34,1499.7,0.776,520.61,1674.32,0.992,582.79,1549.38,0.836,lateral,453.29021867129865,979.407823474415,False,641.03793286256,1097.9860059175087,632.7649298635492
266,8866,370.11,851.99,1.0,452.23,968.7,1.0,523.11,922.2,1.0,389.58,1183.7,0.964,490.26,1115.89,0.135,310.39,1037.49,0.924,398.97,1053.15,0.1,789.61,1226.64,1.0,794.33,1183.85,1.0,522.88,1277.38,0.995,548.34,1232.07,0.33,654.57,1602.97,0.994,676.71,1467.65,0.715,703.75,1654.07,0.994,723.48,1497.07,0.778,521.04,1673.57,0.993,582.57,1548.25,0.82,lateral,452.2254275232309,968.6972432415787,False,640.3235918705954,1088.7792725348247,632.71000357318
267,8900,370.16,844.89,1.0,448.06,958.36,1.0,521.0,908.15,1.0,400.04,1176.52,0.965,498.46,1094.33,0.085,311.54,1034.98,0.938,402.15,1044.93,0.058,776.93,1220.12,1.0,781.73,1172.18,1.0,521.75,1278.19,0.995,547.85,1230.64,0.324,654.58,1603.13,0.994,676.85,1464.06,0.669,704.03,1654.07,0.993,723.66,1493.6,0.743,521.34,1673.42,0.993,582.43,1546.31,0.818,lateral,448.06069568880855,958.3592252859728,False,637.2601779705659,1078.0706853683198,632.8665835081813
268,8933,369.75,833.26,1.0,450.1,934.05,1.0,519.18,880.33,1.0,420.35,1169.2,0.951,489.61,1088.65,0.072,311.02,1032.24,0.934,396.01,1024.74,0.064,769.13,1196.86,1.0,780.55,1148.95,1.0,515.28,1279.64,0.994,572.15,1234.32,0.212,654.62,1603.06,0.994,677.24,1462.36,0.554,704.25,1653.94,0.994,723.93,1491.11,0.65,521.34,1673.61,0.993,585.44,1544.3,0.731,lateral,450.10324890179385,934.0534056325166,False,632.8331555919937,1051.492293119743,633.7384096832106
269,8966,367.73,807.41,1.0,450.62,903.8,1.0,505.82,856.73,1.0,431.48,1136.86,0.977,479.91,1066.56,0.127,314.51,1023.43,0.958,378.6,1014.78,0.093,774.78,1166.33,1.0,766.79,1122.25,1.0,509.82,1278.65,0.997,529.74,1232.0,0.358,654.75,1602.96,0.996,676.57,1464.07,0.623,705.21,1653.66,0.994,723.52,1491.8,0.717,521.55,1673.8,0.994,585.05,1544.79,0.773,lateral,450.6154913592641,903.798204402951,False,626.4205649664314,1020.4210147695852,633.8325513607331
270,9000,364.82,772.75,1.0,450.71,863.49,1.0,510.94,822.2,1.0,467.22,1100.05,0.966,496.84,1046.47,0.143,335.32,1020.81,0.945,384.3,1008.14,0.163,770.08,1134.68,1.0,762.66,1092.45,1.0,513.94,1287.96,0.996,527.07,1234.84,0.342,654.96,1603.06,0.996,675.49,1465.19,0.569,706.36,1653.08,0.994,723.42,1492.42,0.732,522.92,1673.88,0.995,584.36,1545.09,0.757,lateral,450.70739592667263,863.4894711238826,False,621.0217707184725,982.8820192561036,634.2662036549632
271,9033,361.97,736.22,1.0,445.36,822.06,1.0,517.05,778.76,1.0,490.45,1057.17,0.836,542.59,979.03,0.118,335.65,1014.72,0.867,399.78,993.58,0.182,767.06,1113.45,1.0,769.79,1070.82,1.0,520.37,1290.62,0.996,527.89,1232.41,0.261,655.35,1603.12,0.996,674.65,1465.51,0.491,706.95,1653.08,0.993,723.21,1493.24,0.64,523.63,1673.99,0.994,584.25,1545.45,0.681,lateral,445.35627604845274,822.0571653473487,False,615.9739233124093,949.3534537047206,634.5116222418014
272,9066,360.58,695.5,1.0,445.15,778.11,1.0,516.81,741.37,1.0,514.67,1007.68,0.774,545.52,936.23,0.126,348.75,1013.44,0.741,400.82,988.19,0.183,770.38,1082.22,1.0,773.47,1042.4,1.0,528.83,1287.21,0.994,530.73,1231.73,0.329,655.47,1603.15,0.996,674.03,1466.2,0.596,707.42,1653.18,0.993,722.92,1493.34,0.702,523.81,1674.1,0.993,582.71,1545.45,0.74,lateral,445.1544499991646,778.1133400617446,False,613.270175121831,911.8157288405372,634.2120059701651
273,9100,358.76,653.86,1.0,446.99,724.77,1.0,514.07,711.2,0.999,536.65,943.48,0.855,554.67,900.57,0.074,376.53,1016.08,0.81,425.99,982.8,0.126,773.59,1042.52,1.0,773.74,1017.71,0.999,538.79,1280.16,0.99,533.65,1230.25,0.248,655.63,1603.17,0.994,672.47,1468.6,0.502,707.42,1653.22,0.991,721.95,1493.88,0.628,524.08,1674.37,0.991,579.65,1546.18,0.67,lateral,446.9936038982474,724.7744948389495,False,609.8747929168456,867.1346562419513,633.2719252581273
274,9133,354.61,610.01,0.999,446.68,686.3,1.0,516.17,676.13,0.998,551.72,912.23,0.951,578.29,875.66,0.051,390.66,1016.13,0.922,456.52,963.9,0.065,775.17,1020.95,1.0,778.54,1000.6,0.999,547.21,1274.26,0.978,564.75,1231.28,0.215,656.14,1603.46,0.989,672.7,1472.78,0.46,707.64,1653.31,0.988,722.08,1497.0,0.656,524.15,1674.54,0.985,580.68,1550.02,0.634,lateral,446.6844301004352,686.2991820191702,False,608.3266728828485,838.2570623365131,633.6390503725502
275,9166,351.72,563.96,1.0,440.89,639.61,1.0,516.4,645.43,0.998,542.61,849.48,0.979,585.04,850.87,0.056,416.88,1003.63,0.965,480.69,975.33,0.086,764.03,1004.69,1.0,773.37,985.72,0.999,552.32,1268.23,0.982,586.2,1236.37,0.374,656.75,1603.8,0.985,673.14,1476.55,0.591,707.77,1653.38,0.98,722.2,1500.84,0.713,524.15,1675.02,0.979,580.97,1554.65,0.704,lateral,440.89158099797123,639.6057133467009,False,599.5549554817644,803.3806211395711,633.7755495977974
276,9200,349.03,521.85,1.0,439.84,593.04,1.0,515.5,607.45,0.999,545.89,788.09,0.989,595.73,813.88,0.063,435.15,992.33,0.986,499.67,974.88,0.125,755.53,976.47,1.0,771.42,960.28,0.999,563.21,1259.7,0.981,620.6,1239.3,0.324,656.67,1604.01,0.981,673.23,1480.28,0.538,707.48,1653.53,0.977,722.3,1505.57,0.68,523.94,1675.17,0.97,580.89,1557.86,0.642,lateral,439.83857953129854,593.0398635991003,False,592.58278678936,766.0658162724756,633.6540283589204
277,9233,347.64,484.53,1.0,441.94,548.64,1.0,505.83,566.72,0.999,556.81,750.03,0.994,604.26,772.83,0.085,468.12,977.73,0.993,515.81,961.61,0.146,750.3,947.58,1.0,758.94,938.25,0.999,578.82,1249.24,0.983,600.97,1231.7,0.417,656.84,1604.27,0.985,673.24,1485.0,0.546,707.43,1653.95,0.976,722.16,1511.76,0.671,523.63,1675.57,0.978,580.18,1558.65,0.662,lateral,441.94310324125377,548.6364641510345,False,588.9763717359671,732.1324841760309,633.3491343798864
278,9266,347.19,442.2,1.0,446.17,519.83,1.0,507.65,532.94,0.999,569.49,713.07,0.995,616.41,738.84,0.056,501.32,962.25,0.992,559.35,938.61,0.092,741.71,927.23,1.0,753.84,915.27,0.998,601.75,1250.1,0.978,618.61,1226.58,0.273,656.84,1605.05,0.972,673.35,1493.58,0.356,707.39,1655.13,0.955,722.19,1524.01,0.507,522.55,1676.33,0.957,579.54,1564.94,0.47,lateral,446.1650357506609,519.8251615034557,False,587.0351728017666,707.1203748932747,650.7098669325984
279,9300,348.3,411.33,1.0,452.82,486.51,1.0,507.48,496.46,0.999,569.21,690.2,0.995,624.09,696.69,0.047,522.06,935.28,0.988,577.35,908.65,0.074,728.21,910.74,1.0,747.21,898.65,0.998,614.32,1248.18,0.98,644.77,1220.61,0.274,657.01,1605.75,0.975,673.63,1501.12,0.409,707.31,1655.88,0.959,722.19,1535.89,0.547,520.77,1677.14,0.962,578.07,1569.09,0.539,lateral,452.82180993312807,486.51285556067444,False,583.1517083421508,683.877431795782,632.0838236682255
280,9333,349.87,388.96,0.999,461.03,460.81,1.0,509.76,467.84,0.998,566.86,670.91,0.993,620.62,675.94,0.031,553.54,909.34,0.974,594.21,873.13,0.047,700.88,897.75,1.0,729.48,885.27,0.998,616.71,1235.12,0.98,655.08,1204.75,0.241,656.89,1605.97,0.975,674.26,1501.12,0.39,706.9,1656.55,0.959,722.19,1540.49,0.503,518.09,1677.29,0.964,575.64,1569.09,0.533,lateral,461.031207931407,460.81411162455845,False,574.2337577688415,665.7645260857945,630.7048705973126
281,9366,351.25,360.51,1.0,475.37,445.66,1.0,511.26,451.28,0.999,582.85,639.76,0.996,616.47,648.15,0.039,580.56,886.38,0.979,599.25,838.56,0.044,681.16,884.64,0.999,707.82,875.88,0.996,626.04,1235.1,0.986,671.42,1204.86,0.302,656.89,1605.97,0.969,676.13,1503.52,0.47,706.74,1656.88,0.96,722.55,1545.13,0.595,517.02,1677.4,0.948,575.64,1569.4,0.591,lateral,475.36716920441563,445.6629992752373,False,572.8625810832498,653.6066617001176,630.4866560897724
282,9400,355.34,342.37,1.0,490.94,424.11,1.0,509.04,451.41,0.999,601.71,622.78,0.997,604.95,653.7,0.05,609.87,877.78,0.987,612.52,854.76,0.063,675.86,873.49,0.999,682.24,876.17,0.996,641.94,1235.75,0.973,671.22,1206.79,0.278,656.94,1606.55,0.958,677.29,1506.28,0.397,706.2,1657.77,0.94,722.53,1552.51,0.506,516.17,1677.71,0.933,574.79,1570.58,0.532,lateral,490.942518872502,424.11471140953415,False,579.0299369977994,640.6517203747985,629.9220643111872
283,9433,360.24,332.45,1.0,494.58,408.66,1.0,512.77,437.52,0.998,605.43,604.33,0.996,620.6,633.18,0.041,625.38,854.96,0.984,622.02,827.86,0.062,668.53,865.3,0.999,682.53,865.3,0.996,643.33,1234.85,0.979,679.79,1204.96,0.305,657.02,1606.82,0.946,678.23,1509.23,0.397,705.83,1658.46,0.935,722.53,1560.47,0.529,515.39,1678.12,0.91,573.32,1571.35,0.508,lateral,494.5839504823954,408.6609087938116,False,577.6726070246353,631.7411032702114,629.26787854025
284,9466,365.55,317.3,1.0,502.91,392.62,1.0,510.11,435.46,0.999,640.07,582.7,0.999,615.73,633.91,0.052,649.67,835.01,0.997,630.6,833.54,0.074,665.32,842.29,0.999,672.76,851.82,0.998,636.89,1226.44,0.992,672.19,1191.25,0.293,657.07,1606.73,0.968,679.3,1510.62,0.442,705.13,1658.46,0.963,722.72,1560.47,0.588,514.76,1678.37,0.943,572.43,1571.0,0.563,lateral,502.9131218260892,392.6173363494109,False,581.5113326170325,622.6796760182015,628.7598410254525
285,9500,372.03,313.39,1.0,512.68,379.38,1.0,508.63,430.17,0.999,653.06,573.26,0.999,610.49,631.05,0.051,678.81,825.62,0.996,636.88,825.19,0.073,651.67,847.71,0.999,653.32,855.97,0.997,631.41,1227.36,0.99,667.46,1193.28,0.251,657.07,1606.66,0.941,680.74,1508.56,0.346,704.66,1658.63,0.955,723.61,1558.19,0.557,514.76,1678.49,0.899,572.62,1570.48,0.476,lateral,512.6835320375586,379.3795652473308,False,581.4781651961946,615.4853926101565,647.6803065315557
286,9533,376.81,314.49,1.0,518.22,380.93,1.0,511.28,430.96,0.999,668.51,569.27,0.998,620.43,616.42,0.067,692.65,822.11,0.994,651.98,818.0,0.087,649.34,866.35,0.999,654.39,869.98,0.995,634.19,1231.41,0.983,664.63,1199.32,0.263,657.05,1606.66,0.921,681.36,1509.3,0.301,704.06,1658.57,0.939,723.61,1558.19,0.502,514.19,1678.56,0.869,571.8,1570.71,0.424,lateral,518.2164378063427,380.92504971006997,False,584.498992187105,615.9105294500571,647.2864607628032
287,9566,379.83,311.2,1.0,514.31,368.53,1.0,519.23,424.16,0.999,678.1,546.02,0.999,658.91,604.66,0.056,710.88,799.93,0.995,681.3,801.97,0.079,637.28,862.5,0.999,652.04,869.47,0.997,630.4,1232.76,0.995,665.19,1200.52,0.307,657.05,1606.59,0.956,682.9,1509.08,0.454,703.19,1658.38,0.973,724.32,1557.07,0.67,513.49,1678.73,0.925,570.22,1570.52,0.591,lateral,514.3069157082034,368.53261745945986,False,577.8073420602727,608.4705468546675,627.8072553953249
288,9600,383.0,311.7,1.0,519.59,374.5,1.0,523.77,421.13,0.999,691.96,545.18,0.999,660.9,585.07,0.043,728.29,791.15,0.994,684.21,788.14,0.066,637.33,872.51,0.999,644.4,875.39,0.997,637.78,1236.38,0.996,671.06,1204.34,0.338,657.16,1606.61,0.961,685.89,1508.75,0.593,702.93,1658.48,0.979,725.08,1556.59,0.782,513.36,1679.16,0.936,569.68,1570.58,0.715,lateral,519.5889326607287,374.50492631879837,False,581.3608968887032,611.2157893183922,627.761319667788
289,9633,385.64,312.63,0.999,527.07,367.47,1.0,522.26,425.76,0.998,701.41,535.6,0.999,663.67,592.66,0.042,733.05,782.6,0.994,688.47,784.66,0.067,640.01,874.46,0.998,642.52,877.23,0.993,637.63,1245.56,0.988,669.43,1218.85,0.235,657.39,1607.03,0.923,686.98,1510.37,0.386,702.75,1658.83,0.956,725.98,1558.79,0.612,512.79,1679.91,0.885,569.47,1573.48,0.52,lateral,527.0668704324531,367.47185969647205,False,586.7576620286469,607.4046634494994,627.7472096100877
290,9666,386.86,313.02,0.999,524.87,362.93,1.0,522.65,415.34,0.998,704.28,530.38,0.999,672.72,586.47,0.041,729.39,773.56,0.994,693.8,780.03,0.059,637.31,874.3,0.999,641.88,876.72,0.996,634.46,1244.65,0.996,667.79,1216.22,0.278,657.69,1607.03,0.949,690.14,1510.16,0.524,702.84,1658.92,0.975,727.8,1558.39,0.758,512.44,1680.47,0.917,569.47,1574.01,0.655,lateral,524.8684454071418,362.93243544863134,False,584.5970915352499,604.9491677494738,628.1363748238372
291,9700,386.35,314.17,1.0,524.13,367.68,1.0,525.04,421.2,0.998,698.52,533.3,0.999,685.34,584.2,0.049,723.33,778.64,0.993,696.07,788.01,0.064,630.85,875.39,0.998,641.43,877.35,0.995,636.83,1249.85,0.989,669.69,1224.24,0.244,657.81,1607.48,0.94,692.56,1511.19,0.45,702.55,1659.79,0.969,728.78,1559.61,0.675,511.81,1680.98,0.91,569.47,1576.51,0.586,lateral,524.1286469494339,367.67922855464576,False,581.1303222461786,607.6403930511356,628.1530249740905
292,9733,385.77,316.2,1.0,522.45,367.61,1.0,529.85,418.48,0.999,697.82,534.74,0.999,685.27,584.79,0.056,706.37,789.55,0.994,686.02,792.98,0.075,638.69,857.44,0.999,648.14,866.01,0.996,635.12,1240.04,0.988,665.51,1220.06,0.196,658.15,1607.59,0.931,694.41,1511.02,0.372,702.55,1660.08,0.957,730.51,1559.88,0.589,511.53,1681.54,0.905,569.63,1577.13,0.526,lateral,522.4474824008824,367.6110193912801,False,583.5991317566193,607.7568423471811,628.5554607156906
293,9766,384.81,318.5,1.0,520.12,373.97,1.0,525.6,425.11,0.998,694.82,546.51,0.999,681.62,592.53,0.054,697.38,800.34,0.995,674.32,800.42,0.08,639.71,859.04,0.999,650.28,865.05,0.995,621.47,1227.14,0.988,652.7,1203.27,0.251,658.05,1607.49,0.945,694.7,1510.75,0.402,701.72,1660.08,0.957,730.92,1559.34,0.601,510.59,1681.31,0.915,569.14,1576.35,0.543,lateral,520.1191165379364,373.9677361166801,False,582.3342525544736,612.065884807763,628.0931433394738
294,9800,383.79,320.94,1.0,520.45,379.94,1.0,517.46,428.86,0.998,689.1,554.07,0.999,652.74,601.03,0.051,683.18,802.65,0.995,662.35,813.29,0.071,645.05,858.68,0.999,655.61,863.51,0.996,613.03,1222.79,0.992,648.26,1197.32,0.275,658.05,1607.63,0.958,695.55,1510.69,0.388,701.48,1660.38,0.962,731.86,1559.21,0.568,510.07,1681.5,0.928,569.01,1576.23,0.511,lateral,520.44689572201,379.93617554025167,False,584.1305975096503,616.1546676828714,628.1036193037903
295,9833,382.89,330.4,1.0,519.44,390.89,1.0,519.14,435.35,0.999,685.63,563.2,0.999,656.74,609.13,0.062,654.08,822.78,0.993,656.48,823.77,0.079,663.43,855.66,0.999,670.85,861.14,0.997,611.78,1217.26,0.984,645.66,1189.94,0.309,658.0,1607.54,0.96,694.86,1510.64,0.432,700.94,1660.19,0.95,731.55,1559.59,0.548,509.86,1681.6,0.94,568.01,1576.4,0.55,lateral,519.4421370641046,390.89205148885844,False,590.8039536361005,622.8386937365561,627.591697145509
296,9866,381.26,346.08,1.0,517.41,410.14,1.0,518.21,451.85,0.998,672.38,584.11,0.999,657.12,630.97,0.042,620.25,841.63,0.994,637.15,845.38,0.061,669.31,859.27,0.999,680.73,864.08,0.996,603.25,1219.82,0.973,645.95,1193.53,0.231,657.97,1607.52,0.953,694.77,1510.73,0.335,700.45,1660.19,0.931,731.55,1560.04,0.442,509.1,1681.44,0.932,567.22,1576.47,0.461,lateral,517.4081085237738,410.1378165780074,False,591.2332720743609,634.807467179874,604.7731251923818
297,9900,378.07,363.55,1.0,511.46,431.9,1.0,519.17,472.63,0.997,664.56,609.28,0.997,651.8,661.05,0.029,587.55,860.19,0.989,608.83,864.57,0.043,676.21,870.8,0.999,694.83,872.38,0.995,606.62,1222.97,0.971,649.26,1196.88,0.221,657.96,1607.62,0.95,695.03,1511.43,0.322,700.26,1661.11,0.925,731.55,1562.37,0.426,508.58,1681.74,0.92,566.73,1577.33,0.434,lateral,511.4556938179527,431.9039157734008,False,591.5349582591248,647.3100608797652,604.4217618482792
298,9933,372.99,382.59,1.0,509.58,457.74,1.0,516.49,494.09,0.997,643.74,642.46,0.996,631.34,687.69,0.038,555.44,878.27,0.983,575.37,886.69,0.053,684.39,885.61,0.999,691.47,886.5,0.995,600.58,1233.3,0.979,632.54,1203.92,0.28,657.96,1607.62,0.97,694.67,1511.88,0.405,700.26,1661.11,0.945,731.35,1562.82,0.475,508.21,1681.85,0.954,565.64,1577.94,0.542,lateral,509.58221217872244,457.7427692680999,False,593.7328190928871,663.8579972292348,591.3695094276029
299,9966,369.64,407.35,0.999,508.27,487.88,1.0,514.43,519.83,0.998,595.79,681.18,0.99,615.52,721.8,0.045,498.94,897.78,0.952,560.13,897.04,0.056,706.89,903.93,0.999,697.9,905.61,0.996,601.15,1238.62,0.976,619.14,1216.71,0.303,657.96,1607.99,0.971,694.64,1512.85,0.457,700.33,1661.9,0.943,731.25,1565.07,0.548,508.21,1682.49,0.957,564.93,1580.0,0.59,lateral,508.26559707244326,487.8759758604461,False,601.7297852149718,684.0467491603769,626.1823776046094
300,10000,365.59,434.37,1.0,502.06,518.37,1.0,513.73,543.39,0.998,593.35,730.33,0.99,589.83,765.22,0.044,443.6,923.1,0.97,488.74,915.03,0.065,724.93,923.77,1.0,724.59,920.51,0.998,582.59,1245.83,0.984,611.24,1219.68,0.355,657.96,1608.29,0.985,694.64,1512.75,0.543,700.42,1662.38,0.972,731.31,1564.4,0.628,508.21,1682.76,0.977,565.61,1581.54,0.663,lateral,502.05689212606393,518.365079824518,False,607.0903341555882,709.5278591425563,626.3898802971413
301,10033,363.07,464.39,1.0,497.97,546.31,1.0,519.49,559.24,0.998,591.32,749.53,0.99,600.72,760.74,0.033,425.18,918.83,0.977,475.79,892.77,0.048,734.93,947.41,1.0,747.54,933.86,0.999,567.49,1255.53,0.989,617.1,1221.52,0.372,657.96,1608.73,0.989,694.6,1512.69,0.61,700.42,1663.05,0.985,731.39,1564.0,0.678,507.86,1682.94,0.984,565.79,1582.84,0.725,lateral,497.9709029897912,546.3094409618459,False,610.8906709268971,732.5580994298824,626.3669883157762
302,10066,360.68,497.39,1.0,493.39,583.46,1.0,531.86,585.2,0.998,574.68,788.59,0.984,597.75,793.58,0.044,396.32,915.1,0.966,459.9,888.95,0.057,745.02,966.86,1.0,763.39,949.27,0.999,549.96,1262.58,0.986,599.72,1234.64,0.354,657.98,1609.16,0.99,694.53,1512.84,0.58,700.46,1663.46,0.99,731.36,1563.81,0.71,508.0,1683.3,0.987,565.82,1582.55,0.707,lateral,493.38566675633666,583.4622396225925,False,612.082877544047,762.8237488423039,626.4107721224167
303,10100,359.2,532.79,1.0,491.23,622.38,1.0,539.43,613.67,0.999,562.72,838.56,0.971,597.45,819.67,0.072,374.72,923.67,0.921,441.83,883.57,0.093,758.09,991.44,1.0,774.9,969.35,1.0,543.0,1269.15,0.989,589.07,1233.56,0.349,658.05,1609.51,0.994,694.26,1513.05,0.637,700.48,1663.65,0.993,731.35,1563.73,0.737,508.13,1683.52,0.993,565.83,1581.95,0.768,lateral,491.23284031666867,622.3813881752377,False,617.9430901336626,794.157303816104,626.4471827309329
304,10133,359.32,564.67,1.0,491.53,652.33,1.0,546.75,644.59,1.0,555.95,874.46,0.966,587.03,864.45,0.084,368.7,923.53,0.901,441.62,882.7,0.104,767.98,1004.66,1.0,779.88,982.91,1.0,537.13,1268.33,0.992,572.91,1234.36,0.227,658.13,1609.6,0.996,693.07,1513.73,0.499,700.58,1663.72,0.995,731.1,1563.66,0.657,508.46,1683.52,0.995,565.64,1581.76,0.702,lateral,491.53437303954445,652.333387727391,False,622.2492557026026,817.314338312551,626.4466965844836
305,10166,359.89,598.69,1.0,491.08,689.1,1.0,540.33,682.02,1.0,539.55,914.22,0.957,561.35,902.83,0.17,348.55,927.07,0.909,402.36,902.08,0.267,785.43,1028.46,1.0,779.88,1004.02,1.0,542.09,1277.2,0.995,555.12,1231.53,0.332,658.23,1609.96,0.997,690.73,1513.85,0.615,700.74,1663.55,0.996,730.24,1562.95,0.742,508.94,1683.59,0.997,565.08,1581.68,0.8,lateral,491.08281871965744,689.1004419274634,False,631.4807804508561,846.581658851879,626.2519786472803
306,10200,360.02,631.05,1.0,493.62,721.03,1.0,539.37,717.06,1.0,509.41,955.38,0.961,531.13,944.62,0.215,331.46,919.62,0.944,370.15,912.66,0.342,784.43,1048.58,1.0,781.4,1027.45,1.0,541.8,1278.02,0.996,549.69,1236.89,0.31,658.87,1610.6,0.997,690.22,1513.85,0.602,701.46,1663.71,0.997,730.11,1561.7,0.751,510.3,1683.73,0.997,566.19,1583.02,0.802,lateral,493.6235362439436,721.0257581131551,False,635.4878838389149,869.8172947639812,627.0150479363205
307,10233,360.6,663.65,1.0,495.4,763.09,1.0,538.62,750.62,1.0,482.08,1000.43,0.972,500.24,978.58,0.235,330.83,917.53,0.968,355.78,918.6,0.314,785.89,1075.75,1.0,779.1,1054.92,1.0,532.0,1280.51,0.995,537.57,1239.9,0.308,659.31,1611.1,0.997,687.64,1514.04,0.528,702.64,1663.85,0.996,729.57,1560.75,0.696,511.48,1683.9,0.997,566.1,1583.02,0.744,lateral,495.3988456974906,763.0866218719416,False,638.6526555689379,904.3811256615189,627.448418442465
308,10266,360.98,691.52,1.0,491.4,801.19,1.0,536.81,771.4,1.0,460.52,1035.44,0.98,484.61,1001.35,0.204,327.42,928.84,0.974,364.96,921.29,0.209,787.0,1091.45,1.0,777.42,1063.42,1.0,528.7,1285.22,0.995,528.95,1240.12,0.293,659.66,1611.1,0.996,686.33,1513.86,0.471,704.02,1663.76,0.995,728.36,1558.62,0.665,513.85,1684.21,0.995,566.08,1582.84,0.684,lateral,491.4021880985671,801.1930048041198,False,637.868139891279,931.9513892421136,628.0768785132234
309,10300,360.95,717.55,1.0,484.75,836.43,1.0,536.72,795.97,1.0,443.52,1065.57,0.979,486.33,1012.9,0.144,319.26,940.1,0.971,369.16,923.71,0.144,784.18,1116.58,1.0,777.42,1084.45,1.0,529.64,1285.83,0.996,526.57,1236.49,0.321,660.23,1611.17,0.996,684.15,1513.02,0.489,705.33,1663.71,0.994,727.97,1553.15,0.666,516.35,1684.28,0.995,565.98,1582.41,0.695,lateral,484.7484465578157,836.4324137316465,False,639.4563248297225,959.3526668539862,628.906091361849
310,10333,361.08,749.33,1.0,482.55,866.01,1.0,538.98,812.05,0.999,433.12,1091.74,0.973,494.68,991.89,0.095,320.48,954.53,0.953,377.66,923.7,0.074,781.35,1136.39,1.0,774.91,1095.16,1.0,526.54,1285.48,0.997,521.63,1220.62,0.369,660.82,1611.23,0.996,681.61,1509.19,0.547,707.4,1663.65,0.993,727.14,1543.34,0.658,518.55,1684.36,0.994,565.86,1580.28,0.722,lateral,482.55070545837737,866.0112927064758,False,641.0675888907117,983.4946255368004,629.7366902310513
311,10366,361.5,775.51,1.0,475.06,893.7,1.0,534.9,848.44,1.0,417.69,1118.58,0.977,477.18,1038.07,0.116,319.73,960.25,0.952,375.68,944.88,0.071,780.42,1158.26,1.0,777.92,1117.9,1.0,517.18,1281.43,0.996,533.07,1222.79,0.291,661.04,1611.19,0.997,681.94,1506.95,0.6,708.65,1663.61,0.995,727.3,1536.09,0.705,522.53,1684.22,0.995,565.91,1577.49,0.767,lateral,475.0601098962603,893.7048605846339,False,638.5752305298744,1009.6863966438156,631.0970741205995
312,10400,362.02,795.96,1.0,471.68,914.26,1.0,533.53,866.86,1.0,420.15,1144.43,0.968,494.77,1025.76,0.094,329.27,977.1,0.933,377.6,960.25,0.084,776.9,1179.32,1.0,778.92,1147.29,1.0,517.83,1290.98,0.995,524.41,1233.08,0.269,661.48,1611.08,0.996,680.17,1505.42,0.552,709.2,1663.15,0.995,726.35,1534.48,0.717,526.33,1684.38,0.996,565.99,1576.07,0.748,lateral,471.6822860738978,914.2578771527967,False,639.730405937108,1031.2486897097172,631.9651907489028
313,10433,362.95,811.96,1.0,469.97,929.98,1.0,533.35,889.91,1.0,407.49,1152.41,0.967,480.3,1056.99,0.149,330.44,984.72,0.916,383.19,975.24,0.069,776.44,1193.89,1.0,777.33,1152.05,1.0,512.82,1286.46,0.996,531.13,1246.71,0.313,661.68,1611.06,0.996,680.31,1502.91,0.61,710.57,1662.83,0.993,726.58,1529.92,0.685,528.62,1684.38,0.995,567.7,1573.91,0.783,lateral,469.9732631255241,929.980829589158,False,639.789657294264,1047.2720371646094,633.36433715788
314,10466,364.2,828.18,1.0,468.85,950.37,1.0,537.43,909.75,1.0,406.85,1168.6,0.977,486.07,1078.3,0.232,336.97,996.56,0.926,389.35,996.39,0.102,777.84,1211.86,1.0,788.62,1167.52,1.0,518.32,1283.63,0.997,580.4,1241.72,0.445,661.46,1611.0,0.994,680.14,1499.3,0.746,710.75,1662.54,0.994,726.43,1525.51,0.78,528.62,1684.06,0.994,567.96,1571.8,0.85,lateral,468.8453848980207,950.3732488586305,False,644.9327576168562,1067.6358206696168,633.440078907306
315,10500,365.36,838.65,1.0,468.03,960.43,1.0,535.14,923.98,1.0,408.52,1177.03,0.984,478.01,1092.51,0.266,338.73,1009.84,0.905,396.96,1009.87,0.094,781.19,1218.16,1.0,797.62,1179.18,1.0,519.52,1284.06,0.996,567.52,1245.87,0.417,661.46,1610.81,0.993,680.63,1495.75,0.719,710.75,1661.98,0.993,726.68,1521.27,0.779,528.62,1683.82,0.993,569.19,1569.53,0.831,lateral,468.02639985694844,960.4288273354177,False,646.0571273557621,1077.1149277151046,633.8089791324345
316,10533,366.65,846.04,1.0,468.85,974.14,1.0,531.98,932.8,1.0,410.25,1186.84,0.985,474.76,1101.33,0.208,340.73,1017.09,0.918,399.99,1013.21,0.077,779.75,1226.65,1.0,796.56,1188.27,1.0,520.89,1283.26,0.996,564.73,1247.9,0.388,661.46,1610.48,0.991,680.72,1495.05,0.682,710.88,1660.8,0.99,726.73,1517.84,0.751,529.19,1682.81,0.991,570.21,1567.91,0.809,lateral,468.85173744375913,974.1353042435439,False,648.3059572583601,1089.1669054273148,634.2515442676101
317,10566,367.46,853.28,1.0,469.23,979.62,1.0,528.86,950.27,1.0,411.68,1193.06,0.98,474.68,1119.63,0.244,341.19,1021.98,0.907,401.17,1023.29,0.095,779.27,1227.43,1.0,796.29,1193.54,1.0,521.27,1284.56,0.995,582.22,1248.63,0.415,661.56,1610.21,0.992,680.84,1493.16,0.727,711.68,1659.96,0.991,727.13,1515.93,0.787,530.77,1682.23,0.992,573.21,1567.76,0.836,lateral,469.22944701434466,979.6246754061021,False,648.572803675844,1092.6881555946106,635.70047582858
318,10600,368.84,858.92,1.0,470.78,977.39,1.0,528.95,943.03,1.0,412.25,1193.05,0.977,476.16,1115.92,0.236,342.75,1024.46,0.906,399.83,1026.27,0.089,787.41,1234.9,1.0,794.74,1199.63,1.0,521.64,1287.83,0.996,560.6,1247.3,0.349,661.56,1609.69,0.99,679.04,1490.25,0.639,711.88,1659.35,0.989,726.09,1513.57,0.735,531.25,1681.98,0.99,572.19,1566.05,0.79,lateral,470.78413165646555,977.387937158207,False,649.9137008430148,1096.9727375543303,635.3533206061517
319,10633,370.42,859.47,1.0,471.21,979.12,1.0,530.94,935.12,1.0,416.37,1197.51,0.963,486.47,1109.25,0.118,350.57,1025.39,0.89,408.96,1028.96,0.064,784.55,1237.66,1.0,795.3,1198.31,1.0,521.24,1286.7,0.993,561.15,1245.76,0.298,661.53,1609.23,0.989,679.36,1483.68,0.596,712.06,1658.65,0.99,726.24,1506.67,0.701,531.47,1680.98,0.989,578.28,1560.34,0.756,lateral,471.21430797920624,979.1197220398284,False,650.5709085187747,1099.483776670927,637.0138301317105
320,10666,371.94,855.42,1.0,471.42,970.87,1.0,533.18,928.19,1.0,419.59,1190.67,0.974,491.54,1103.16,0.161,351.44,1025.31,0.893,406.92,1019.76,0.073,781.05,1234.37,1.0,794.96,1195.37,1.0,521.32,1287.19,0.994,561.37,1240.65,0.288,661.53,1608.62,0.99,679.47,1479.39,0.58,712.21,1657.92,0.991,726.62,1502.81,0.702,532.21,1680.35,0.99,580.06,1556.32,0.751,lateral,471.41600936464005,970.8665450562107,False,650.356028012826,1092.7987922768518,637.7745310134729
321,10700,372.43,849.21,1.0,471.02,958.34,1.0,535.48,921.28,1.0,419.88,1183.7,0.976,498.12,1099.03,0.127,352.73,1015.65,0.927,410.88,1015.77,0.069,781.8,1233.0,1.0,798.63,1196.01,1.0,521.8,1286.7,0.994,561.1,1237.99,0.312,661.52,1608.52,0.99,680.36,1475.34,0.62,712.32,1657.61,0.991,728.03,1498.96,0.703,532.78,1680.27,0.99,582.95,1554.82,0.768,lateral,471.016903463909,958.3427497020674,False,650.3166662843847,1085.4262783137958,639.0193378969461
322,10733,372.61,844.4,1.0,471.44,951.26,1.0,540.58,900.95,1.0,427.26,1174.2,0.953,524.65,1090.4,0.069,350.15,1012.58,0.924,419.54,1010.5,0.053,780.86,1222.87,1.0,788.81,1188.83,1.0,514.94,1283.83,0.996,544.09,1235.26,0.237,661.54,1608.4,0.995,681.09,1473.4,0.551,712.84,1657.18,0.994,730.4,1499.7,0.638,533.77,1680.34,0.994,587.22,1553.88,0.741,lateral,471.4435221170219,951.2600581099445,False,647.4719012111009,1075.6783557153267,641.058145588421
323,10766,372.37,831.94,1.0,472.68,914.57,1.0,540.2,864.79,1.0,438.88,1165.33,0.976,524.25,1039.28,0.096,349.6,999.06,0.937,412.4,994.48,0.059,779.52,1197.19,1.0,776.42,1154.12,1.0,512.43,1283.8,0.996,528.89,1238.11,0.286,661.64,1608.4,0.997,682.27,1474.72,0.588,713.28,1657.18,0.995,731.61,1499.49,0.681,535.11,1680.4,0.996,593.65,1554.87,0.759,lateral,472.6795747142661,914.5743847720152,False,643.8670847909767,1042.7714577595632,643.4124191744213
324,10800,371.66,807.13,1.0,478.32,882.17,1.0,537.79,838.96,1.0,459.71,1124.47,0.975,511.39,1045.41,0.122,358.3,988.03,0.953,401.8,979.8,0.117,777.74,1162.73,1.0,770.13,1118.88,1.0,514.42,1287.78,0.996,525.03,1240.47,0.358,661.94,1608.4,0.996,681.74,1475.58,0.557,713.76,1656.98,0.994,731.09,1500.26,0.72,536.05,1680.56,0.995,591.26,1554.73,0.749,lateral,478.3201091130198,882.1679876781255,False,641.1402347126545,1006.9147580309799,643.037799035928
325,10833,371.11,772.99,1.0,481.6,850.69,1.0,536.59,812.76,1.0,485.23,1090.09,0.972,517.85,1018.74,0.101,361.67,976.0,0.966,401.04,966.84,0.129,778.81,1139.94,1.0,771.98,1098.41,1.0,517.52,1288.41,0.997,530.69,1234.01,0.357,662.04,1608.33,0.996,681.57,1474.09,0.585,714.15,1656.62,0.994,730.91,1498.98,0.727,536.05,1680.56,0.995,589.88,1553.15,0.773,lateral,481.59644511060844,850.6888225564207,False,640.2969083957995,978.9565617386746,642.7459331715456
326,10866,370.77,734.48,1.0,485.84,814.43,1.0,533.33,781.79,1.0,512.97,1054.28,0.957,529.36,1007.12,0.098,365.85,964.53,0.95,402.2,956.26,0.156,780.39,1115.54,1.0,773.1,1077.92,1.0,524.87,1289.62,0.997,527.51,1233.68,0.383,662.13,1608.4,0.998,680.85,1474.68,0.618,714.36,1656.82,0.995,730.67,1499.59,0.748,535.69,1680.57,0.997,589.41,1553.15,0.805,lateral,485.83798825946457,814.4334775753589,False,640.8159433866776,948.0127996638166,642.5336844445624
327,10900,370.45,693.91,1.0,490.08,768.68,1.0,532.81,750.99,1.0,540.61,1007.54,0.934,559.04,983.6,0.111,373.85,973.63,0.876,418.12,961.35,0.138,783.3,1085.34,1.0,776.05,1056.29,1.0,530.08,1289.04,0.997,527.14,1235.06,0.328,662.43,1608.43,0.998,679.41,1475.04,0.579,714.53,1656.96,0.997,730.35,1500.09,0.724,535.77,1680.63,0.998,587.9,1553.76,0.766,lateral,490.0832359137171,768.6764305953415,False,639.3925716743248,911.3518587221541,642.1363039688702
328,10933,370.3,653.78,1.0,496.4,726.81,1.0,534.99,718.82,0.999,553.53,958.81,0.933,573.87,938.46,0.065,377.99,979.41,0.855,431.9,954.4,0.073,783.51,1062.36,1.0,777.01,1041.56,1.0,530.94,1286.07,0.992,531.53,1237.77,0.251,662.78,1608.64,0.996,679.21,1476.72,0.52,714.61,1656.98,0.995,730.17,1501.52,0.665,535.57,1680.74,0.996,588.1,1555.63,0.72,lateral,496.40255514553445,726.8087469704169,False,638.3266466081828,880.3101140774597,642.1127027314601
329,10966,369.82,612.47,1.0,494.64,690.25,1.0,537.63,686.69,0.999,566.84,921.96,0.932,588.95,904.48,0.047,395.75,985.02,0.858,464.93,960.89,0.057,782.48,1037.02,1.0,777.3,1021.75,1.0,534.57,1282.38,0.991,554.16,1240.86,0.217,663.09,1609.09,0.996,679.44,1479.17,0.549,714.61,1657.15,0.995,730.21,1503.85,0.706,535.47,1680.84,0.995,588.71,1559.4,0.744,lateral,494.6394783105401,690.24794209288,False,633.3071236676734,851.7082009343397,642.253539984652
330,11000,369.71,570.58,1.0,495.07,641.4,1.0,536.77,649.42,0.999,572.66,869.07,0.98,598.75,859.29,0.042,421.71,992.21,0.959,480.58,961.34,0.054,778.36,1008.05,1.0,774.46,994.97,0.999,545.07,1277.98,0.987,576.55,1246.21,0.267,663.32,1609.29,0.994,679.56,1480.37,0.604,714.61,1657.38,0.992,730.34,1505.13,0.726,535.51,1680.79,0.993,589.4,1562.66,0.773,lateral,495.0686463423339,641.403216956642,False,629.236281006906,813.5858683023578,642.4654231719317
331,11033,369.49,527.5,1.0,491.3,602.63,1.0,540.3,602.61,0.998,575.36,811.69,0.981,615.25,807.3,0.044,449.28,992.76,0.965,519.02,960.41,0.059,764.93,990.71,1.0,769.31,976.76,0.999,547.76,1272.03,0.983,589.42,1243.45,0.356,663.25,1609.74,0.984,679.82,1483.4,0.535,714.51,1657.74,0.981,730.44,1509.03,0.675,534.73,1680.91,0.975,589.2,1563.63,0.64,lateral,491.30199257787467,602.6253577944394,False,620.9486086233345,783.544748730353,642.2214602413657
332,11066,369.88,484.63,1.0,493.83,558.71,1.0,536.35,572.22,0.999,591.35,759.19,0.994,619.03,782.5,0.087,488.68,986.15,0.99,538.34,961.21,0.118,747.97,958.34,1.0,759.11,950.17,0.999,554.24,1261.16,0.988,620.53,1247.57,0.412,663.18,1609.87,0.989,680.61,1487.95,0.56,714.28,1657.81,0.982,731.82,1512.46,0.664,532.73,1680.94,0.981,589.66,1567.44,0.652,lateral,493.8303034070269,558.709487780857,False,612.8530868289208,747.6288179116276,642.1205114024597
333,11100,371.19,442.98,1.0,496.1,521.02,1.0,535.2,536.81,0.999,596.49,719.44,0.998,620.44,750.67,0.063,533.32,965.66,0.996,575.22,955.88,0.092,734.15,935.27,1.0,750.97,928.23,0.999,572.78,1255.79,0.989,621.25,1244.97,0.38,663.11,1610.21,0.988,680.61,1494.91,0.488,713.58,1658.23,0.976,731.51,1521.98,0.599,529.68,1681.06,0.98,589.24,1570.13,0.604,lateral,496.0952000434472,521.0234915303525,False,607.9527655722777,716.5203714587674,641.0044141201649
334,11133,373.02,412.42,1.0,501.47,493.87,1.0,535.24,501.02,0.998,600.73,722.51,0.994,615.25,723.65,0.054,559.72,957.99,0.984,574.51,932.07,0.069,714.41,926.71,0.999,727.36,914.53,0.997,584.64,1250.02,0.974,613.82,1230.44,0.261,663.11,1610.56,0.967,681.02,1498.43,0.332,713.16,1658.78,0.949,731.43,1529.38,0.447,527.8,1681.23,0.956,587.04,1571.08,0.473,lateral,501.47172042488415,493.8708224841373,False,603.1769253760442,696.2467278951956,620.4822825112616
335,11166,376.17,380.06,1.0,504.55,465.85,1.0,537.72,480.19,0.998,608.89,687.36,0.996,627.0,698.37,0.041,585.52,922.54,0.986,604.31,893.76,0.059,702.35,913.57,0.999,722.88,905.37,0.996,612.4,1252.47,0.981,652.34,1227.54,0.275,663.11,1611.28,0.969,681.58,1504.66,0.435,712.52,1660.06,0.953,731.47,1539.71,0.55,525.57,1681.43,0.95,584.78,1572.79,0.564,lateral,504.547996279546,465.84576298394416,False,599.718491473089,673.1292826650381,638.5843131630775
336,11200,380.8,359.14,1.0,514.73,438.4,1.0,535.22,464.2,0.999,619.29,651.24,0.999,619.65,672.83,0.051,620.95,900.45,0.996,612.78,875.7,0.083,691.95,891.84,0.999,704.92,894.0,0.997,627.04,1246.12,0.987,668.82,1221.93,0.341,663.12,1611.43,0.969,682.58,1507.09,0.476,711.88,1660.79,0.959,731.59,1544.71,0.586,524.37,1681.57,0.95,581.24,1573.85,0.605,lateral,514.729993697825,438.40443485218884,False,599.2224395518462,653.9678694269593,637.271256992574
337,11233,384.18,339.03,1.0,520.85,417.76,1.0,535.44,448.34,0.999,628.72,629.81,0.997,629.72,654.33,0.053,644.46,866.55,0.988,650.05,853.85,0.065,667.09,861.31,0.999,677.39,867.84,0.997,626.34,1228.51,0.984,666.8,1208.63,0.249,663.12,1611.43,0.945,683.58,1508.76,0.348,710.69,1661.3,0.941,731.73,1550.64,0.505,522.61,1681.81,0.912,580.74,1575.15,0.475,lateral,520.8457297063835,417.7647871955139,False,590.6301739684367,640.7543311575531,655.0088135130109
338,11266,389.78,329.59,1.0,520.19,400.0,1.0,534.51,432.37,0.998,644.11,604.97,0.995,647.96,638.51,0.04,681.12,851.96,0.978,676.46,836.62,0.052,663.15,872.58,0.998,681.39,875.63,0.994,632.34,1231.37,0.974,678.62,1209.11,0.228,663.15,1611.3,0.915,684.74,1510.33,0.317,710.48,1661.6,0.928,732.05,1553.82,0.492,521.76,1681.75,0.873,580.38,1575.7,0.431,lateral,520.1930812214555,400.00003275150954,False,590.0684783247237,629.9957129183271,616.1200041212244
339,11300,393.87,317.93,0.999,523.07,389.62,1.0,532.22,424.26,0.998,656.1,587.6,0.993,636.34,632.77,0.029,712.33,835.46,0.971,677.84,825.1,0.04,656.37,861.78,0.998,673.01,867.55,0.995,645.8,1233.61,0.984,687.34,1205.77,0.253,663.15,1611.22,0.934,686.67,1510.76,0.376,709.56,1661.6,0.947,732.14,1555.98,0.575,520.61,1681.75,0.892,579.82,1575.43,0.497,lateral,523.0732659520133,389.615994107623,False,589.4154130095919,623.07327098664,654.1018281980562
340,11333,399.0,317.37,0.999,526.67,382.92,1.0,536.31,423.32,0.998,669.86,576.74,0.998,648.14,623.21,0.038,742.02,815.89,0.993,704.56,821.49,0.06,658.52,842.3,0.998,671.78,845.73,0.995,649.12,1226.57,0.984,682.96,1202.12,0.199,663.14,1611.18,0.925,687.48,1511.52,0.294,708.44,1661.6,0.935,732.04,1559.4,0.492,519.13,1681.84,0.879,578.72,1575.99,0.414,lateral,526.6679079935449,382.9240070742736,False,592.7704487037835,619.0568010449582,613.784383731389
341,11366,403.22,315.85,1.0,528.73,384.52,1.0,539.64,434.78,0.998,672.21,571.65,0.997,654.02,636.51,0.032,761.52,809.64,0.991,708.09,827.64,0.05,644.01,846.71,0.999,652.81,849.84,0.996,648.25,1222.94,0.978,678.1,1199.18,0.23,663.15,1611.14,0.929,688.53,1511.04,0.291,707.62,1661.5,0.927,731.99,1559.4,0.462,518.72,1681.89,0.891,577.94,1575.91,0.425,lateral,528.7250262207094,384.52219962503415,False,588.1022159803407,619.5647053786759,613.171682064977
342,11400,405.28,316.04,0.999,531.25,378.88,1.0,545.35,427.37,0.998,675.52,569.84,0.997,669.35,622.88,0.045,769.18,805.27,0.993,742.15,815.76,0.078,645.06,850.68,0.999,656.47,854.69,0.995,655.83,1222.68,0.982,678.48,1200.15,0.205,663.18,1611.13,0.925,690.27,1511.04,0.304,707.49,1661.72,0.934,732.24,1559.95,0.495,517.17,1682.18,0.886,578.15,1576.69,0.45,lateral,531.2466391439004,378.8779743894776,False,590.2338757484407,616.6017836596724,612.3285678119548
343,11433,406.94,312.16,1.0,532.83,377.5,1.0,543.46,427.2,0.998,680.06,581.73,0.997,668.75,633.25,0.05,772.59,815.26,0.993,739.11,827.26,0.076,644.29,853.14,0.998,656.15,855.52,0.994,654.69,1225.55,0.957,677.9,1203.39,0.161,663.32,1611.26,0.898,691.12,1513.63,0.223,707.24,1661.93,0.895,732.24,1563.59,0.375,516.97,1682.92,0.862,578.31,1579.9,0.347,lateral,532.8289802961908,377.5013611353256,False,590.8801407554229,616.6078309628275,612.103385609753
344,11466,408.65,314.28,0.999,536.38,380.75,1.0,549.68,421.59,0.998,666.08,586.78,0.995,657.12,630.3,0.04,753.2,828.29,0.977,718.04,827.6,0.052,640.74,861.74,0.998,657.1,860.15,0.995,648.67,1228.49,0.983,675.0,1207.46,0.267,663.39,1611.26,0.942,691.69,1515.76,0.411,707.1,1662.15,0.949,732.27,1567.17,0.572,516.36,1683.25,0.91,578.2,1582.6,0.544,lateral,536.3811635009646,380.75412140179156,False,590.1665320737079,618.5598308201621,633.4841702067486
345,11500,409.13,313.13,1.0,547.66,383.45,1.0,545.75,428.75,0.998,675.76,589.98,0.997,646.26,634.94,0.046,741.49,833.45,0.987,696.81,835.93,0.058,640.52,854.94,0.999,636.9,859.33,0.996,649.96,1228.82,0.952,672.77,1207.31,0.193,663.49,1611.25,0.915,692.4,1516.71,0.291,707.1,1662.24,0.907,732.57,1567.17,0.43,515.85,1683.74,0.882,578.11,1583.38,0.439,lateral,547.6634572363631,383.4536001407903,False,596.3375540319507,620.0673672594569,611.4780885415404
346,11533,410.94,314.97,0.999,552.97,390.35,1.0,549.08,425.75,0.997,665.82,600.34,0.985,641.19,631.69,0.028,723.01,837.02,0.897,689.53,830.62,0.027,644.39,858.62,0.997,645.35,861.04,0.992,650.49,1229.15,0.916,672.37,1207.59,0.196,663.67,1611.21,0.893,692.92,1518.02,0.274,707.18,1662.3,0.882,732.75,1568.06,0.404,515.49,1684.2,0.856,578.22,1584.92,0.393,lateral,552.9743240178685,390.3491997644108,False,600.0455543198188,624.0095561605095,611.3322369964716
347,11566,411.69,316.68,1.0,557.28,393.79,1.0,550.45,429.57,0.998,652.51,605.23,0.994,628.98,642.07,0.044,652.91,880.15,0.965,617.66,863.72,0.047,647.37,861.81,0.998,645.16,863.41,0.995,650.45,1234.45,0.95,671.05,1212.9,0.248,663.74,1611.21,0.911,693.49,1519.76,0.346,707.1,1662.52,0.913,733.1,1569.91,0.481,515.23,1684.77,0.882,578.31,1587.88,0.481,lateral,557.2802742896081,393.7871446319306,False,602.7077286915585,625.9770716057344,611.1637639210427
348,11600,413.69,317.22,1.0,552.6,390.01,1.0,560.95,425.21,0.999,598.8,617.99,0.992,631.51,642.62,0.049,610.67,874.47,0.95,622.08,855.05,0.055,646.69,858.38,0.998,650.06,861.39,0.996,648.0,1232.71,0.948,669.58,1211.16,0.275,663.79,1611.21,0.932,694.18,1520.51,0.413,706.7,1662.63,0.927,733.3,1571.24,0.517,514.6,1684.98,0.918,578.35,1590.12,0.534,lateral,552.5962404639025,390.01274713852774,False,597.1859334463938,624.7955550443731,633.234762992175
349,11633,414.4,317.24,1.0,556.42,393.51,1.0,561.45,428.44,0.999,602.15,631.65,0.991,624.46,658.49,0.041,564.89,894.72,0.939,598.68,867.73,0.04,642.58,862.7,0.998,649.0,866.08,0.995,645.99,1241.75,0.889,670.12,1218.72,0.195,663.73,1611.33,0.892,695.27,1521.18,0.323,706.19,1663.17,0.893,733.44,1575.94,0.445,514.0,1685.72,0.887,578.36,1594.14,0.465,lateral,556.4215085054892,393.5106377376177,False,597.4795173710608,627.3720025088066,610.0964904127056
350,11666,414.56,318.48,1.0,555.07,396.49,1.0,567.87,432.32,0.999,594.68,637.6,0.996,625.45,676.06,0.046,534.91,890.52,0.975,576.02,871.31,0.048,636.5,864.97,0.999,650.4,870.22,0.997,636.96,1248.83,0.915,670.11,1231.6,0.274,663.73,1611.59,0.911,695.92,1523.8,0.405,705.69,1663.92,0.917,733.4,1579.51,0.489,513.32,1686.0,0.908,578.37,1598.0,0.519,lateral,555.0726820899406,396.48845358826327,False,593.5987299224427,629.532960965178,599.126503612635
351,11700,414.98,319.26,1.0,562.43,397.01,1.0,561.5,433.2,0.999,595.79,646.45,0.996,604.25,679.99,0.061,499.08,883.68,0.981,536.58,870.4,0.067,634.22,866.31,0.999,646.07,872.68,0.997,637.2,1250.52,0.906,670.28,1232.9,0.288,663.73,1611.76,0.918,697.03,1525.46,0.453,705.01,1664.37,0.919,733.4,1581.03,0.534,512.65,1686.0,0.918,578.42,1600.17,0.582,lateral,562.4300256739059,397.00726066031274,False,596.3786900213428,630.3391592572999,632.3696534507387
352,11733,415.78,319.69,1.0,561.51,392.94,1.0,564.28,428.91,0.999,591.48,641.05,0.996,604.51,669.86,0.059,474.55,870.61,0.983,517.14,865.98,0.072,630.77,865.76,0.999,647.85,870.95,0.997,638.35,1246.97,0.909,671.9,1228.2,0.277,663.73,1611.84,0.928,698.08,1526.39,0.472,704.49,1664.66,0.925,733.56,1581.84,0.561,511.88,1685.9,0.924,578.6,1601.01,0.603,lateral,561.5117494269015,392.93610634862756,False,594.284846428425,628.0382532214298,632.1308885551252
353,11766,417.0,320.16,1.0,562.5,393.37,1.0,563.26,427.44,0.999,580.2,640.54,0.998,599.27,668.06,0.057,454.33,856.2,0.992,497.23,856.92,0.072,634.25,866.31,0.999,645.99,870.37,0.997,639.47,1247.39,0.925,672.62,1226.32,0.293,663.76,1611.84,0.927,699.98,1525.78,0.479,703.99,1664.8,0.921,734.05,1580.22,0.591,511.28,1686.04,0.921,579.44,1600.47,0.619,lateral,562.5035460694401,393.3655914051056,False,595.6714968189232,628.176638119849,632.1893788457207
354,11800,418.95,320.23,1.0,570.96,389.28,1.0,561.85,430.69,0.999,581.56,635.65,0.998,583.76,671.23,0.106,423.22,836.44,0.994,471.15,850.06,0.153,636.04,865.16,0.999,644.76,869.35,0.997,641.55,1245.95,0.897,674.98,1224.46,0.23,663.78,1611.91,0.901,701.37,1525.9,0.38,703.44,1664.65,0.896,734.64,1580.22,0.497,511.02,1686.11,0.893,580.53,1600.47,0.517,lateral,570.9568667091505,389.27689257512344,False,600.7835766311146,625.847199124651,598.3305487134481
355,11833,420.78,320.5,1.0,569.35,387.61,1.0,562.08,433.06,0.999,569.13,634.15,0.998,574.37,674.6,0.151,387.04,815.53,0.996,443.32,841.42,0.248,636.42,863.26,0.999,642.95,866.97,0.998,645.77,1237.83,0.923,674.54,1218.68,0.248,663.79,1612.09,0.927,702.1,1526.13,0.418,702.88,1665.04,0.915,735.41,1580.38,0.52,510.56,1686.34,0.915,582.04,1600.47,0.565,lateral,569.3539803144661,387.61016574369967,False,599.6334095734179,624.9415098910141,632.7227811557361
356,11866,421.52,320.93,1.0,567.77,383.19,1.0,563.83,433.82,0.999,568.57,621.68,0.999,558.76,682.95,0.175,373.92,791.3,0.998,432.01,838.53,0.278,635.61,859.94,0.999,640.53,864.93,0.997,651.49,1234.38,0.904,676.04,1218.51,0.204,663.82,1612.19,0.9,702.76,1526.97,0.348,702.58,1665.28,0.907,736.27,1580.95,0.477,510.01,1686.51,0.895,583.0,1600.89,0.493,lateral,567.7677040555466,383.19285374175155,False,598.6973191021991,622.1077485542153,606.2932764283089
357,11900,422.06,320.74,1.0,569.63,382.93,1.0,566.21,434.05,0.999,576.1,621.9,0.998,554.26,686.46,0.18,376.72,774.76,0.997,408.72,826.81,0.273,633.76,857.27,0.999,639.32,862.95,0.997,652.17,1230.8,0.917,676.87,1217.16,0.216,663.89,1612.19,0.925,703.37,1527.31,0.407,702.38,1665.17,0.927,736.51,1581.19,0.52,509.15,1686.43,0.92,582.85,1600.89,0.555,lateral,569.6322903619262,382.9268727080707,False,599.3432444155111,622.0226301309566,632.7242227769995
358,11933,422.84,320.81,1.0,574.47,382.34,1.0,564.55,433.22,0.999,582.0,621.61,0.998,553.4,686.52,0.185,382.92,769.45,0.997,405.54,822.29,0.291,632.96,854.15,0.999,639.03,860.27,0.997,651.69,1227.76,0.921,678.63,1215.5,0.244,663.97,1612.12,0.938,704.97,1526.97,0.451,702.26,1665.1,0.938,738.21,1580.81,0.543,509.15,1686.34,0.937,583.95,1600.55,0.605,lateral,574.4724007264986,382.3389306525217,False,601.7933499171959,621.6925528088901,633.3929425204178
359,11966,423.37,321.27,1.0,577.04,381.14,1.0,562.31,433.02,0.999,590.82,617.02,0.999,551.72,686.5,0.178,384.05,780.98,0.998,409.11,831.19,0.28,631.62,853.2,0.999,633.67,860.48,0.997,652.96,1231.3,0.9,677.28,1217.19,0.206,664.05,1612.16,0.887,705.14,1528.39,0.328,702.26,1665.26,0.908,738.56,1582.18,0.446,509.15,1686.47,0.884,584.47,1601.05,0.454,lateral,577.0358744816842,381.1390857707231,False,603.0610464797841,620.9034688578914,605.7043676382903
360,12000,423.6,321.56,1.0,578.87,379.78,1.0,557.66,433.45,0.999,602.82,614.89,0.998,564.6,683.15,0.16,405.92,793.39,0.997,428.9,835.07,0.261,633.09,851.65,0.999,629.36,860.05,0.998,651.42,1232.0,0.904,675.83,1217.19,0.225,664.05,1612.16,0.897,705.14,1529.1,0.358,702.02,1665.43,0.909,738.56,1582.9,0.465,508.55,1686.5,0.892,584.47,1601.24,0.483,lateral,578.8689356204361,379.7766950048131,False,605.1791799450617,620.0677693145466,605.2866823059929
361,12033,423.01,321.1,1.0,578.72,380.4,1.0,550.97,433.38,0.998,619.21,618.81,0.998,569.48,682.33,0.082,432.64,802.76,0.995,445.87,840.71,0.117,632.0,851.48,0.999,625.81,860.0,0.997,649.22,1232.87,0.877,674.88,1217.8,0.233,664.05,1612.17,0.897,706.78,1528.83,0.397,701.5,1665.48,0.895,739.95,1582.4,0.493,508.33,1686.5,0.897,587.15,1601.55,0.529,lateral,578.7179517311574,380.4004452011262,False,605.4442889638924,620.6103401686008,598.9922070869726
362,12066,422.51,321.69,1.0,578.2,379.11,1.0,542.43,438.55,0.998,628.02,620.86,0.998,574.74,682.42,0.068,471.27,820.98,0.994,480.43,842.88,0.086,629.45,853.51,0.999,615.25,861.51,0.995,647.74,1234.49,0.865,668.69,1219.73,0.194,664.14,1612.26,0.852,706.87,1529.84,0.298,701.5,1665.67,0.839,740.13,1583.1,0.415,508.25,1686.75,0.846,587.92,1603.67,0.418,lateral,578.196614197281,379.1083241598751,False,604.5201513447555,620.16231833356,604.871278724181
363,12100,421.86,321.33,1.0,577.72,379.81,1.0,543.3,435.27,0.998,637.16,630.97,0.998,594.26,673.36,0.044,507.72,843.69,0.992,539.94,847.53,0.045,626.99,859.58,0.999,616.91,865.97,0.996,641.21,1238.88,0.863,664.3,1220.97,0.22,664.14,1612.31,0.869,707.05,1530.22,0.334,701.28,1665.91,0.868,740.35,1583.1,0.448,508.07,1686.96,0.873,588.92,1605.02,0.462,lateral,577.7214126522365,379.80796126231587,False,603.4126683897833,621.1542355883387,604.6778279883956
364,12133,421.01,321.85,1.0,581.83,381.45,1.0,530.56,435.39,0.998,651.35,633.99,0.999,585.95,670.28,0.059,541.83,876.02,0.996,543.27,867.46,0.064,627.55,863.11,0.999,603.21,869.66,0.996,641.58,1242.04,0.866,659.62,1222.36,0.218,664.16,1612.48,0.881,706.69,1529.89,0.35,701.21,1665.91,0.871,740.35,1582.93,0.474,507.98,1687.26,0.878,588.92,1605.72,0.493,lateral,581.8296944674237,381.4491223592612,False,606.4036537115891,622.1992650552177,604.5921313460312
365,12166,420.39,322.35,1.0,581.71,382.12,1.0,529.24,434.25,0.999,651.25,630.23,0.997,574.15,664.08,0.073,591.92,867.26,0.984,562.53,862.03,0.064,626.3,862.73,0.999,598.02,867.47,0.996,640.84,1239.35,0.862,657.15,1216.44,0.219,664.16,1612.4,0.892,706.48,1529.7,0.345,701.12,1666.12,0.878,740.2,1582.88,0.461,507.88,1687.51,0.884,588.5,1605.58,0.492,lateral,581.7134179121795,382.11892932235617,False,605.8077277009517,622.3280047403831,604.4965724398128
366,12200,419.07,322.42,1.0,579.38,389.96,1.0,525.88,435.66,0.998,670.98,629.65,0.994,576.26,665.99,0.061,644.93,868.68,0.965,581.25,865.79,0.047,623.14,868.77,0.998,593.06,871.49,0.993,641.11,1240.99,0.858,652.49,1216.93,0.178,664.24,1612.39,0.862,706.47,1529.57,0.254,701.16,1666.2,0.886,740.2,1582.46,0.406,508.04,1688.05,0.843,588.5,1605.44,0.388,lateral,579.3829167792418,389.96058823300496,False,604.2552683696383,626.2776096708897,604.601939150172
367,12233,416.86,322.09,1.0,581.31,388.41,1.0,523.43,439.03,0.998,682.68,630.36,0.998,578.67,669.29,0.057,684.28,881.33,0.993,582.45,883.82,0.062,623.13,888.96,0.999,597.33,890.17,0.995,641.38,1249.73,0.931,654.8,1221.68,0.268,664.3,1612.38,0.905,706.47,1529.55,0.335,701.24,1666.28,0.912,740.32,1581.79,0.508,508.08,1688.64,0.883,588.36,1605.53,0.483,lateral,581.3143971957729,388.4110631128771,False,605.395678169338,625.5626823033721,649.8834580768315
368,12266,414.72,321.34,1.0,578.78,386.68,1.0,525.59,437.94,0.995,697.5,624.67,0.997,596.18,661.49,0.032,738.45,866.04,0.988,640.21,872.08,0.036,623.1,891.17,0.999,600.56,893.84,0.993,641.27,1253.26,0.929,657.61,1224.76,0.266,664.38,1612.41,0.914,706.56,1529.56,0.364,701.24,1666.45,0.935,740.78,1581.35,0.513,508.1,1688.64,0.898,588.68,1605.53,0.507,lateral,578.7805542780292,386.67513657468226,False,604.8492265083793,624.410568293719,634.7000830042883
369,12300,411.83,320.72,1.0,571.96,388.01,1.0,529.31,438.14,0.992,706.79,621.5,0.996,628.03,655.53,0.025,768.46,860.29,0.988,676.03,852.81,0.033,622.22,893.29,0.999,600.67,896.24,0.993,642.07,1254.33,0.922,655.67,1226.32,0.259,664.42,1612.41,0.918,706.56,1529.56,0.349,701.26,1666.53,0.918,741.07,1580.55,0.477,508.24,1689.19,0.903,589.38,1606.0,0.505,lateral,571.9550941063393,388.0058748031568,False,601.480391743758,624.9293547539604,599.627017353368
370,12333,409.48,319.89,1.0,569.22,387.58,1.0,528.69,437.85,0.995,715.45,604.91,0.998,641.48,647.18,0.036,794.78,827.87,0.994,691.88,834.88,0.055,622.31,895.15,0.999,597.23,899.15,0.993,641.84,1254.91,0.925,654.04,1230.93,0.267,664.49,1612.38,0.904,706.54,1529.59,0.343,701.27,1666.45,0.936,741.26,1579.5,0.516,508.75,1689.32,0.889,589.38,1606.1,0.491,lateral,569.2200893418103,387.58342329968286,False,600.5673110855561,623.8348559836737,650.4251569036677
371,12366,406.69,319.32,1.0,568.2,383.83,1.0,528.32,436.6,0.995,722.21,590.59,0.999,638.9,640.01,0.031,809.18,812.85,0.996,687.72,826.71,0.054,622.56,900.93,0.999,597.5,902.6,0.995,644.14,1260.62,0.96,655.66,1237.85,0.318,664.69,1612.44,0.926,706.54,1529.93,0.4,701.29,1666.62,0.941,741.05,1579.88,0.537,509.22,1689.86,0.908,589.19,1607.2,0.548,lateral,568.1950306610063,383.8292131467527,False,600.3582032525607,621.2302941207438,635.1855578609868
372,12400,405.03,318.7,1.0,567.94,381.75,1.0,523.99,439.14,0.995,722.44,574.47,0.999,637.95,638.77,0.03,804.91,802.38,0.997,661.1,832.13,0.051,621.83,894.6,0.999,595.91,895.42,0.995,643.97,1257.14,0.944,653.3,1233.2,0.254,664.79,1612.44,0.914,706.42,1530.45,0.312,701.31,1666.58,0.904,740.98,1580.01,0.422,509.22,1690.4,0.892,589.13,1607.97,0.458,lateral,567.9370288096188,381.7549494583982,False,600.0834651902147,619.3535053662101,605.2644064996324
373,12433,403.62,317.68,1.0,568.75,379.62,1.0,519.22,440.01,0.995,721.58,573.66,0.999,624.5,638.87,0.033,802.4,802.82,0.996,659.56,829.21,0.056,621.05,890.82,0.999,591.6,894.41,0.995,644.07,1255.13,0.941,651.12,1231.28,0.256,664.91,1612.44,0.909,706.3,1530.63,0.316,701.33,1666.58,0.907,740.93,1579.69,0.45,509.22,1690.85,0.887,589.06,1608.14,0.47,lateral,568.7524121940148,379.6150388131481,False,600.2024776641232,618.2592310994169,605.2753983235351
374,12466,402.97,316.97,1.0,569.55,375.62,1.0,519.25,439.1,0.996,717.75,576.34,0.999,630.71,639.25,0.024,786.99,805.4,0.998,656.28,825.26,0.043,621.57,882.75,0.999,593.92,890.27,0.996,642.28,1256.17,0.976,651.05,1230.42,0.334,665.07,1612.48,0.926,706.3,1530.63,0.403,701.37,1666.55,0.934,740.95,1579.38,0.536,509.38,1691.55,0.899,589.03,1608.39,0.528,lateral,569.5472892823014,375.61720528252397,False,600.8285351479319,616.4008813824156,635.1816461260572
375,12500,401.64,315.67,1.0,570.64,376.13,1.0,512.93,442.56,0.995,710.95,585.65,0.998,626.27,644.08,0.025,771.19,812.6,0.994,646.69,833.07,0.045,622.15,880.37,0.998,591.02,888.14,0.993,644.46,1257.11,0.924,651.23,1231.19,0.249,665.13,1612.53,0.88,705.62,1531.63,0.251,701.4,1666.66,0.847,740.21,1579.5,0.361,509.43,1692.16,0.838,586.29,1611.15,0.366,lateral,570.6385395387213,376.1278287309171,False,601.3530639018817,617.1486151289188,605.413169437822
376,12533,402.19,315.15,1.0,572.91,376.99,1.0,516.99,443.15,0.994,707.79,593.64,0.998,614.53,647.37,0.032,759.36,827.93,0.994,634.32,846.22,0.049,623.48,882.42,0.998,593.25,888.63,0.991,644.19,1256.72,0.905,651.81,1232.4,0.187,665.27,1612.59,0.867,705.52,1532.68,0.222,701.44,1666.8,0.862,740.21,1579.69,0.353,509.57,1692.88,0.841,586.06,1612.89,0.35,lateral,572.9120807784136,376.9943208352616,False,602.8494642947237,618.0063120091787,605.5055291896174
377,12566,402.01,314.58,1.0,575.71,377.67,1.0,518.46,442.13,0.994,705.33,602.9,0.998,608.02,651.69,0.033,754.32,846.97,0.994,636.49,849.58,0.045,622.98,884.22,0.998,593.63,891.0,0.992,643.62,1257.19,0.931,651.07,1232.87,0.242,665.27,1612.64,0.885,705.36,1533.29,0.274,701.44,1666.96,0.901,739.95,1579.69,0.416,509.68,1692.88,0.862,586.12,1613.36,0.411,lateral,575.7080900637591,377.67172545216897,False,603.8500834830862,618.8727880462438,605.5586917782961
378,12600,402.17,314.16,1.0,577.08,378.59,1.0,518.91,438.53,0.994,698.13,604.07,0.999,591.26,650.88,0.028,725.03,847.39,0.996,602.27,854.8,0.038,622.79,875.07,0.999,592.23,882.92,0.993,639.69,1254.0,0.927,646.36,1231.23,0.199,665.27,1612.96,0.888,705.28,1533.66,0.243,701.52,1667.09,0.858,739.89,1579.69,0.367,509.92,1693.75,0.86,584.95,1614.19,0.378,lateral,577.0843202315841,378.5904617110676,False,604.2338700393371,619.5600095381834,605.7227862496411
379,12633,403.05,313.59,1.0,579.71,378.78,1.0,516.55,440.4,0.996,693.72,610.8,0.999,583.33,660.63,0.043,689.02,865.48,0.997,574.75,867.8,0.058,618.66,880.12,0.999,590.77,885.05,0.994,638.66,1252.4,0.911,646.82,1230.87,0.19,665.33,1613.1,0.831,705.33,1533.78,0.218,701.68,1667.7,0.866,740.0,1579.68,0.387,510.34,1694.16,0.806,583.91,1614.77,0.344,lateral,579.7050915895582,378.7760881207822,False,603.4184152523328,620.1730295104551,606.0107252329083
380,12666,403.2,313.13,1.0,580.33,379.45,1.0,515.08,449.1,0.997,689.03,606.85,0.999,589.29,672.23,0.045,663.74,855.06,0.996,556.85,883.35,0.06,615.64,880.02,0.999,586.77,884.73,0.993,638.91,1250.58,0.88,644.08,1231.01,0.181,665.6,1613.62,0.794,705.29,1535.05,0.162,702.04,1669.11,0.79,740.0,1580.24,0.284,510.61,1695.05,0.759,582.2,1617.6,0.252,lateral,580.3275939041835,379.4529283630951,False,602.1962015378256,620.6167604969934,606.3247997573598
381,12700,403.2,313.19,1.0,580.65,379.95,1.0,513.45,449.25,0.998,686.75,606.21,0.999,590.57,668.39,0.053,643.42,850.47,0.996,554.32,871.19,0.068,615.77,879.79,0.999,587.51,885.01,0.995,637.7,1250.84,0.908,643.6,1230.66,0.192,665.66,1613.62,0.829,705.23,1535.46,0.209,702.04,1669.3,0.836,740.0,1580.72,0.342,510.71,1695.24,0.808,580.63,1619.57,0.322,lateral,580.6474632560659,379.95413392378236,False,602.2796881873519,620.8405930182263,606.3758295576433
382,12733,404.05,313.13,1.0,580.73,382.21,1.0,515.56,447.6,0.997,689.37,606.87,0.999,593.35,670.76,0.041,629.1,848.66,0.996,551.6,865.0,0.057,613.54,879.58,0.999,587.38,885.09,0.995,632.3,1248.16,0.917,640.05,1228.36,0.184,665.72,1613.87,0.82,705.2,1535.56,0.223,702.25,1670.22,0.818,739.89,1581.08,0.368,510.71,1695.95,0.802,577.91,1621.76,0.341,lateral,580.7325651400618,382.2058502059323,False,601.4432021275575,622.2396922372901,606.4825225897756
383,12766,405.14,313.21,1.0,582.98,383.76,1.0,515.77,446.2,0.998,692.15,611.65,0.999,583.57,669.93,0.04,612.53,849.38,0.997,544.65,858.79,0.057,612.84,879.27,0.999,586.64,884.06,0.995,627.56,1247.12,0.95,639.97,1227.49,0.223,665.66,1614.05,0.827,704.84,1536.02,0.268,702.15,1670.36,0.833,739.58,1581.48,0.426,510.67,1696.42,0.794,574.55,1623.58,0.38,lateral,582.9775127056639,383.7649742096306,False,602.3552982807445,623.4637426566978,606.4094522992596
384,12800,405.92,313.33,1.0,582.22,382.2,1.0,516.04,443.67,0.998,694.28,610.97,0.999,584.05,666.27,0.057,598.84,846.31,0.998,537.11,849.77,0.078,610.69,880.01,0.999,584.48,884.64,0.995,626.71,1247.39,0.918,637.09,1226.13,0.192,665.66,1614.37,0.818,704.7,1536.02,0.24,702.25,1671.24,0.808,739.28,1582.39,0.382,510.77,1696.97,0.802,574.8,1625.19,0.361,lateral,582.2230876347569,382.1951022926237,False,601.1455006459744,622.8504490145816,606.5112528956416
385,12833,406.79,313.63,1.0,581.88,384.27,1.0,515.73,443.63,0.998,695.38,613.25,0.999,583.58,667.94,0.048,580.91,840.44,0.998,533.06,850.06,0.07,608.8,880.15,0.999,583.54,884.78,0.996,621.76,1246.61,0.943,637.44,1223.81,0.228,665.66,1614.56,0.849,703.88,1536.17,0.314,702.25,1671.36,0.857,739.35,1582.16,0.475,510.81,1697.56,0.828,574.45,1625.95,0.434,lateral,581.8816902404992,384.27461066405306,False,600.1518528797359,624.2792536831276,606.5315827246552
386,12866,407.23,313.64,1.0,581.48,388.2,1.0,515.41,449.59,0.997,689.78,620.0,0.999,575.2,679.36,0.051,563.1,841.89,0.997,530.51,855.33,0.07,609.09,885.05,0.999,583.97,889.82,0.994,625.03,1248.38,0.926,638.06,1225.98,0.257,665.69,1614.77,0.848,703.64,1536.82,0.318,702.25,1671.83,0.852,739.14,1583.34,0.429,510.86,1697.56,0.828,574.55,1627.47,0.423,lateral,581.4824385186716,388.2016077833403,False,599.7319142932154,626.5965795978487,606.5526210708483
387,12900,407.87,313.96,1.0,580.94,388.48,1.0,514.94,451.12,0.998,688.62,618.4,0.999,569.39,688.65,0.052,555.13,843.05,0.998,526.21,854.97,0.079,608.95,885.11,0.999,582.5,890.68,0.996,625.88,1250.25,0.94,639.09,1227.19,0.273,665.67,1614.91,0.866,703.58,1536.92,0.361,702.23,1672.14,0.87,739.14,1583.34,0.486,510.8,1697.71,0.85,574.95,1628.28,0.475,lateral,580.9413725382831,388.479534470379,False,599.3482388222448,626.698256187902,606.51417369147
388,12933,407.65,313.21,1.0,581.22,389.45,1.0,512.68,455.93,0.997,686.05,626.08,0.999,569.32,687.56,0.043,556.25,843.44,0.997,529.29,857.0,0.066,609.84,886.13,0.999,577.12,891.87,0.994,627.04,1250.29,0.892,636.25,1227.74,0.219,665.66,1615.16,0.8,703.04,1537.54,0.272,702.19,1672.55,0.788,738.61,1584.56,0.382,510.78,1697.98,0.784,575.03,1630.64,0.373,lateral,581.216520605705,389.45276069534464,False,599.7315937792126,627.6531528096151,606.4821828615225
389,12966,407.65,312.41,1.0,582.49,389.29,1.0,510.21,457.29,0.998,684.59,627.78,1.0,564.15,686.46,0.058,555.21,843.56,0.998,521.39,859.94,0.094,608.86,884.61,0.999,574.22,890.18,0.996,626.35,1250.0,0.935,637.25,1228.12,0.273,665.66,1615.38,0.851,702.84,1538.02,0.36,702.16,1672.55,0.843,738.41,1585.26,0.473,510.76,1698.33,0.827,574.96,1632.5,0.457,lateral,582.4858954852671,389.2942278162645,False,599.8923064421471,627.7979919170203,606.4565271965287
390,13000,407.22,311.75,1.0,584.28,388.83,1.0,509.5,457.35,0.998,681.96,628.55,1.0,559.34,683.2,0.061,559.38,843.74,0.998,519.32,858.24,0.096,608.44,882.25,0.999,571.17,888.19,0.996,626.94,1246.47,0.92,636.99,1225.0,0.242,665.58,1615.62,0.832,702.71,1538.02,0.303,702.08,1673.15,0.807,738.1,1586.62,0.429,510.61,1698.87,0.807,574.03,1632.66,0.405,lateral,584.284869525425,388.8301226009481,False,600.5409460597349,627.6901664038543,606.3438481541313
391,13033,407.02,311.24,1.0,583.09,388.04,1.0,509.81,454.86,0.997,679.88,627.44,0.999,563.88,681.8,0.049,561.87,848.4,0.998,523.23,862.87,0.074,608.03,881.44,0.999,572.82,887.09,0.995,625.96,1247.01,0.928,634.9,1225.41,0.231,665.51,1616.12,0.845,702.36,1538.18,0.294,702.01,1673.6,0.81,737.42,1588.43,0.42,510.47,1699.22,0.821,571.47,1633.78,0.405,lateral,583.0931646921493,388.0419117146907,False,599.6725381270206,627.4883741729533,606.2394615845138
392,13066,406.7,311.22,1.0,583.25,386.75,1.0,506.65,455.58,0.998,678.28,626.25,0.999,556.03,682.8,0.057,568.01,848.65,0.998,525.62,862.51,0.076,608.21,877.11,0.999,571.67,884.0,0.995,626.4,1245.71,0.925,633.33,1224.64,0.264,665.42,1616.23,0.858,701.78,1538.49,0.317,701.87,1673.83,0.798,736.27,1589.7,0.401,510.16,1699.72,0.831,570.51,1635.92,0.416,lateral,583.2482452912192,386.7542388564309,False,599.8519683573926,626.8044526824463,606.0133637633473
393,13100,405.69,311.92,1.0,581.7,387.02,1.0,507.45,456.8,0.997,675.72,624.46,0.999,556.5,682.15,0.057,573.16,852.46,0.998,526.32,868.11,0.077,607.68,878.89,0.999,572.31,885.71,0.994,624.66,1246.03,0.909,629.87,1224.57,0.222,665.34,1616.39,0.821,700.95,1538.95,0.253,701.75,1674.17,0.784,735.16,1590.68,0.356,509.88,1699.88,0.799,567.84,1636.47,0.359,lateral,581.7015076372828,387.0150839813007,False,598.6496499113314,626.9673913039808,605.8139297059826
394,13133,405.32,313.15,1.0,581.2,385.62,1.0,508.51,452.81,0.998,676.7,622.1,0.999,555.85,675.05,0.057,580.52,856.5,0.998,524.57,864.44,0.084,604.99,876.98,0.999,573.12,882.29,0.997,618.13,1246.56,0.956,631.94,1224.55,0.229,665.13,1616.39,0.858,700.47,1538.86,0.314,701.45,1674.4,0.876,734.72,1590.08,0.486,509.7,1700.22,0.838,567.2,1636.73,0.443,lateral,581.1972106710338,385.6190338259987,False,597.2162177107657,626.3966105470488,605.5767282819561
395,13166,404.88,314.84,1.0,580.91,386.28,1.0,509.28,453.08,0.997,678.02,622.73,0.999,554.82,677.35,0.044,596.83,866.7,0.998,527.07,871.59,0.062,604.99,880.74,0.999,573.93,885.17,0.994,615.14,1247.65,0.952,631.54,1224.86,0.211,664.93,1616.46,0.818,699.88,1538.79,0.249,701.14,1674.46,0.837,734.17,1589.78,0.427,509.59,1700.56,0.779,566.4,1636.73,0.363,lateral,580.9102891404766,386.27752272146444,False,597.0290287720535,626.9061687161975,605.3667835528034
396,13200,404.62,315.4,1.0,581.53,386.76,1.0,510.61,453.73,0.998,676.87,620.99,0.999,555.63,682.94,0.056,604.9,868.07,0.998,526.96,876.56,0.076,606.39,878.18,0.999,575.2,882.79,0.996,615.39,1247.26,0.924,628.22,1224.77,0.217,664.8,1616.56,0.832,698.76,1539.14,0.245,701.14,1674.55,0.808,732.91,1590.3,0.368,509.55,1701.34,0.809,564.91,1637.61,0.356,lateral,581.527639572334,386.7630270939212,False,597.917237806555,627.0610638495849,605.3425501535589
397,13233,404.38,317.78,1.0,580.51,386.58,1.0,512.96,452.99,0.998,675.28,618.29,0.999,566.58,681.2,0.053,614.43,866.11,0.998,532.14,873.16,0.073,606.39,881.5,0.999,576.76,884.41,0.995,617.11,1252.77,0.95,629.74,1226.91,0.217,664.67,1616.89,0.836,698.76,1539.14,0.248,701.05,1674.99,0.86,732.26,1590.58,0.428,509.51,1701.82,0.81,565.21,1637.75,0.372,lateral,580.5134193420157,386.5840975712828,False,597.3034320688283,626.9264783598232,605.2778682224894
398,13266,404.21,319.77,1.0,579.62,386.29,1.0,512.08,452.1,0.997,677.04,619.18,0.999,566.38,680.35,0.039,624.87,864.12,0.998,536.21,877.37,0.049,606.42,880.7,0.999,576.02,882.35,0.995,617.49,1251.62,0.952,626.53,1226.36,0.218,664.58,1616.83,0.818,698.33,1539.22,0.255,701.0,1674.82,0.838,731.36,1590.64,0.422,509.4,1702.05,0.778,564.93,1637.75,0.359,lateral,579.6180709723502,386.2880084944881,False,596.9791139507872,626.7689193110025,605.2019972188566
399,13299,403.73,323.18,1.0,580.38,386.65,1.0,514.86,453.01,0.998,676.59,621.8,0.999,570.04,680.24,0.046,629.36,863.52,0.997,540.27,877.69,0.055,605.87,881.92,0.999,575.64,881.4,0.995,619.5,1250.83,0.928,627.88,1227.29,0.195,664.48,1617.2,0.851,698.33,1539.45,0.217,701.03,1675.05,0.841,730.89,1590.9,0.373,509.28,1703.18,0.826,565.28,1638.22,0.335,lateral,580.3823561861357,386.6489190219638,False,597.1251999581933,627.1735800212789,605.1573968573897
400,13333,403.04,325.87,1.0,581.02,388.35,1.0,514.36,454.61,0.997,677.78,623.03,0.999,571.1,680.09,0.056,635.75,863.46,0.998,541.38,881.9,0.066,606.01,881.75,0.999,575.09,878.83,0.994,619.85,1250.28,0.882,626.24,1228.97,0.184,664.48,1617.51,0.804,697.9,1540.61,0.177,701.1,1675.29,0.786,730.35,1591.68,0.291,509.28,1703.69,0.784,564.46,1638.53,0.273,lateral,581.0158100399665,388.34979158313513,False,597.578328249637,628.207497712003,605.1882627042297
401,13366,402.87,329.05,1.0,581.67,388.87,1.0,513.63,454.87,0.997,676.76,627.13,0.999,569.31,680.43,0.053,636.07,865.87,0.997,542.98,884.59,0.059,604.97,882.6,0.999,572.73,878.76,0.994,621.38,1250.62,0.86,625.68,1230.56,0.182,664.41,1618.32,0.789,697.46,1542.4,0.169,701.11,1676.02,0.747,730.23,1593.54,0.281,509.28,1704.21,0.771,562.37,1639.12,0.269,lateral,581.6705885434517,388.87426562999804,False,597.4299480750133,629.015208792998,605.1935334683326
402,13400,401.61,331.74,1.0,581.04,389.2,1.0,514.31,455.06,0.997,677.78,629.93,0.999,569.93,680.62,0.06,638.83,872.85,0.998,541.74,893.4,0.083,601.46,890.48,0.999,571.06,883.6,0.994,623.94,1257.06,0.887,626.81,1243.87,0.169,664.41,1618.89,0.841,697.46,1544.7,0.221,701.11,1676.64,0.867,730.58,1594.25,0.387,509.18,1704.79,0.83,563.0,1639.87,0.36,lateral,581.043940702783,389.19648252271526,False,595.5035008916179,629.6187240899329,605.1435739939085
403,13433,400.42,333.57,1.0,580.4,389.18,1.0,514.71,455.08,0.997,678.29,630.55,0.999,570.08,680.59,0.063,639.4,874.63,0.998,541.0,889.05,0.087,599.37,893.46,0.999,570.56,887.4,0.994,625.67,1260.79,0.895,629.76,1248.45,0.179,664.41,1619.39,0.851,697.63,1545.94,0.236,701.11,1677.15,0.882,730.79,1594.47,0.402,509.11,1705.15,0.842,563.35,1640.31,0.378,lateral,580.400515133001,389.18058489976886,False,594.2352923843099,629.9060089846083,605.1071235909228
404,13466,397.45,334.0,1.0,577.92,390.8,1.0,510.29,455.05,0.997,672.67,634.14,0.999,540.17,681.2,0.057,634.54,871.47,0.998,533.37,885.55,0.068,598.86,892.82,0.999,564.68,886.66,0.994,625.6,1258.22,0.848,626.71,1241.74,0.156,664.3,1619.82,0.809,697.54,1546.99,0.193,701.1,1677.64,0.814,730.63,1595.12,0.328,509.01,1705.69,0.809,563.44,1641.09,0.321,lateral,577.9179865864285,390.79642028293586,False,592.5093497767159,631.0996380627074,605.0529872150299
405,13500,395.07,334.25,1.0,575.67,389.66,1.0,507.05,454.76,0.998,665.7,635.08,0.999,550.49,682.07,0.061,630.93,872.1,0.998,532.67,885.48,0.068,594.64,888.03,0.999,562.35,883.25,0.995,623.67,1252.09,0.875,623.9,1238.09,0.166,664.3,1620.59,0.827,697.54,1549.08,0.2,701.11,1678.54,0.823,730.69,1596.3,0.331,508.91,1706.83,0.816,563.45,1642.87,0.313,lateral,575.6708875750719,389.65725886650546,False,589.3604840728792,631.0705974268719,605.0062652402371
406,13533,392.2,336.98,1.0,575.12,391.48,1.0,503.03,454.5,0.998,656.53,644.64,0.999,532.63,690.78,0.062,615.12,878.04,0.996,527.51,886.97,0.062,590.35,893.63,0.999,557.93,888.55,0.995,620.94,1253.05,0.845,619.75,1236.73,0.157,664.16,1620.68,0.826,697.54,1548.7,0.203,701.11,1678.84,0.837,730.77,1595.57,0.355,508.61,1707.7,0.822,563.53,1643.07,0.343,lateral,575.119433170695,391.47747831973254,False,586.518208604095,632.7285123424549,604.8579759909351
407,13566,389.84,338.95,1.0,574.55,392.52,1.0,501.99,453.98,0.998,654.7,646.87,0.999,529.34,693.0,0.061,611.24,879.77,0.996,526.12,887.96,0.061,588.08,896.64,0.999,556.63,891.98,0.995,616.12,1253.35,0.858,617.98,1235.79,0.165,664.0,1620.85,0.834,697.49,1548.7,0.208,701.11,1679.2,0.847,730.9,1595.35,0.359,508.39,1708.66,0.826,563.6,1643.33,0.343,lateral,574.5511697528044,392.52296270410295,False,585.0130537593718,633.6127251548683,604.7513030613525
408,13600,387.77,340.43,1.0,568.79,391.2,1.0,495.68,452.57,0.999,638.11,643.13,0.999,519.99,690.74,0.075,593.32,876.88,0.998,524.17,879.71,0.075,582.82,895.79,0.999,553.96,891.1,0.996,611.51,1256.52,0.924,616.17,1240.1,0.198,663.69,1620.85,0.84,696.2,1548.54,0.277,701.0,1679.09,0.897,730.87,1595.38,0.472,508.39,1709.76,0.838,563.57,1643.41,0.421,lateral,568.7888113171394,391.1979850521707,False,578.9594004659997,633.0399616769797,604.6943995171773
409,13633,383.92,341.09,1.0,557.67,393.65,1.0,488.42,452.83,0.999,630.55,644.71,0.999,515.76,693.18,0.088,577.31,878.8,0.998,509.8,879.36,0.09,578.76,894.44,0.999,545.76,892.0,0.996,605.87,1253.29,0.849,608.45,1236.09,0.172,663.5,1620.85,0.806,695.41,1548.86,0.206,700.9,1678.98,0.795,730.79,1595.35,0.327,507.97,1710.08,0.805,562.68,1643.5,0.332,lateral,557.6711757269791,393.6495568995334,False,571.247978412109,634.6296692660748,604.4377228674106
410,13666,379.34,342.47,1.0,549.27,393.59,1.0,488.25,452.3,0.999,617.63,643.52,0.999,521.48,693.03,0.087,557.55,882.19,0.996,509.47,883.09,0.092,576.09,891.89,0.999,548.13,890.89,0.996,600.91,1255.55,0.874,612.82,1237.56,0.192,663.03,1621.2,0.845,695.41,1549.9,0.249,700.68,1679.18,0.869,730.69,1595.43,0.397,507.79,1710.41,0.843,562.8,1643.76,0.381,lateral,549.2710761377518,393.58511314405104,False,565.2568236488839,634.9400246133378,604.2359564918168
411,13700,375.71,343.73,1.0,545.42,392.88,1.0,485.3,448.58,0.999,601.79,644.48,0.999,523.95,691.46,0.096,538.3,885.17,0.998,508.18,883.22,0.108,579.39,891.24,0.999,549.85,892.12,0.997,598.4,1259.05,0.885,611.21,1239.59,0.209,662.78,1622.45,0.852,694.61,1552.55,0.281,700.57,1680.16,0.842,730.34,1597.22,0.408,507.58,1711.4,0.853,561.32,1646.36,0.419,lateral,545.4211294632083,392.87886576457583,False,563.931046674635,635.2194738376127,604.0711855394245
412,13733,371.86,344.57,1.0,535.41,393.89,1.0,489.82,443.36,0.999,586.99,646.74,0.999,535.98,690.82,0.104,515.23,895.22,0.995,511.5,894.89,0.115,580.47,891.46,0.999,552.97,894.51,0.996,602.74,1268.22,0.858,615.29,1244.32,0.21,662.73,1623.09,0.849,694.44,1553.05,0.273,700.37,1680.66,0.886,730.24,1597.34,0.435,507.58,1711.89,0.849,561.54,1646.45,0.41,lateral,535.4068561268532,393.89107180173994,False,558.6517876238498,635.9568785586611,603.9741071839617
413,13766,368.95,345.84,1.0,523.55,394.88,1.0,495.73,441.48,0.999,546.57,648.4,0.997,547.71,688.52,0.097,484.32,905.62,0.988,506.97,891.73,0.092,575.46,893.25,0.999,563.2,899.57,0.997,601.89,1274.28,0.922,621.31,1251.24,0.29,662.53,1623.68,0.907,694.16,1553.88,0.421,699.93,1681.02,0.936,729.96,1597.94,0.576,507.58,1712.0,0.903,561.71,1646.88,0.549,lateral,523.5526375003698,394.8751570379443,False,548.3808321018644,637.008206287488,624.7947914846949
414,13799,361.48,344.92,1.0,500.44,393.9,1.0,519.27,423.82,0.999,513.13,649.05,0.997,562.86,677.46,0.08,471.52,904.43,0.986,510.72,889.59,0.074,562.51,894.46,0.999,582.56,898.36,0.998,594.38,1275.94,0.959,629.21,1253.18,0.378,662.34,1624.24,0.936,694.16,1553.98,0.553,699.52,1681.32,0.963,730.03,1597.82,0.68,507.54,1712.17,0.93,561.97,1646.67,0.657,lateral,500.43984251274486,393.89833179081086,False,529.3901523883925,637.585910887863,624.7655487055598
415,13833,353.82,344.36,1.0,477.75,395.26,1.0,532.11,417.14,1.0,488.57,657.7,0.997,575.37,668.08,0.088,442.22,924.93,0.987,511.57,883.78,0.075,553.04,905.87,0.999,595.47,901.81,0.998,597.38,1285.93,0.978,634.13,1258.41,0.48,662.23,1625.68,0.954,694.3,1554.4,0.697,699.28,1682.22,0.973,730.1,1598.25,0.779,507.32,1712.35,0.946,562.27,1646.93,0.773,lateral,477.747185726076,395.263311779663,False,512.2502675393736,639.7446061852615,624.7424350352757
416,13866,350.56,343.8,1.0,461.49,382.64,1.0,531.81,403.38,1.0,477.69,652.19,0.998,578.05,655.54,0.088,424.33,922.98,0.994,517.16,878.92,0.082,543.81,907.52,0.999,611.13,899.6,0.998,594.12,1281.2,0.978,637.88,1256.82,0.484,662.18,1626.93,0.958,694.42,1554.49,0.695,699.12,1683.56,0.975,730.12,1598.34,0.767,507.06,1712.59,0.954,563.18,1647.1,0.778,lateral,461.49363018264415,382.6448640020358,False,499.51451938323993,634.2660656073856,624.8733099865941
417,13900,348.14,344.1,1.0,438.45,382.29,1.0,543.64,400.35,1.0,446.18,647.18,0.998,593.2,648.25,0.101,403.07,919.39,0.993,532.24,842.33,0.075,539.87,903.91,1.0,624.7,893.31,0.998,591.56,1277.01,0.98,639.07,1253.52,0.539,662.06,1627.4,0.967,694.4,1554.26,0.75,698.9,1683.73,0.976,730.11,1598.29,0.782,507.06,1712.51,0.962,563.79,1646.89,0.811,lateral,438.4527553715326,382.2859790829656,False,525.6183927426363,833.506416823624,624.965555885698
418,13933,347.67,344.75,1.0,417.25,382.91,1.0,568.02,396.83,0.999,426.65,642.23,0.998,619.41,625.88,0.117,383.44,912.27,0.989,566.56,801.89,0.113,543.77,904.53,1.0,654.59,892.82,0.999,591.06,1276.23,0.976,649.55,1247.77,0.481,661.86,1627.53,0.954,694.41,1554.04,0.708,698.48,1683.53,0.968,730.11,1598.18,0.776,507.01,1712.43,0.939,565.16,1645.72,0.759,lateral,417.24925839089224,382.91216312606,False,474.8672200082172,634.1483941177856,625.1909574309027
