frame,time_ms,nose_x,nose_y,nose_conf,l_shoulder_x,l_shoulder_y,l_shoulder_conf,r_shoulder_x,r_shoulder_y,r_shoulder_conf,l_elbow_x,l_elbow_y,l_elbow_conf,r_elbow_x,r_elbow_y,r_elbow_conf,l_wrist_x,l_wrist_y,l_wrist_conf,r_wrist_x,r_wrist_y,r_wrist_conf,l_hip_x,l_hip_y,l_hip_conf,r_hip_x,r_hip_y,r_hip_conf,l_knee_x,l_knee_y,l_knee_conf,r_knee_x,r_knee_y,r_knee_conf,l_ankle_x,l_ankle_y,l_ankle_conf,r_ankle_x,r_ankle_y,r_ankle_conf,l_heel_x,l_heel_y,l_heel_conf,r_heel_x,r_heel_y,r_heel_conf,l_foot_index_x,l_foot_index_y,l_foot_index_conf,r_foot_index_x,r_foot_index_y,r_foot_index_conf,view_type,c7_x,c7_y,has_barbell,com_x,com_y,mid_foot_x
0,0,729.79,207.24,1.0,568.88,397.31,1.0,893.41,381.67,1.0,514.55,667.74,0.969,961.31,656.96,0.983,507.13,904.97,0.876,1007.43,898.37,0.897,642.11,922.67,1.0,820.49,923.27,0.999,605.39,1293.64,0.979,843.79,1315.16,0.98,548.25,1659.16,0.973,885.97,1702.2,0.968,545.01,1725.06,0.971,874.31,1772.14,0.96,555.99,1665.89,0.86,946.61,1687.9,0.811,posterior,731.1450183391571,389.4935703277588,False,729.7531895577908,831.1381776809693,730.4795944690704
1,33,727.14,207.56,1.0,568.21,396.59,1.0,891.79,381.9,1.0,513.03,664.92,0.977,959.38,656.67,0.991,509.64,899.7,0.8,1006.87,897.74,0.89,640.89,922.59,1.0,816.28,923.6,0.999,605.38,1293.06,0.989,841.29,1316.16,0.99,548.25,1659.16,0.981,885.85,1702.15,0.982,545.01,1725.08,0.981,874.15,1772.11,0.981,555.83,1665.76,0.831,946.18,1687.95,0.815,posterior,729.999043717766,389.2443791730782,False,728.0274449179691,831.0312666771313,730.2943173324846
2,66,722.96,209.23,1.0,564.91,396.2,1.0,886.82,382.09,1.0,507.93,663.26,0.956,954.62,656.07,0.989,512.68,891.62,0.655,1001.9,895.22,0.847,639.53,923.23,0.999,812.41,924.49,0.999,602.1,1293.3,0.974,837.9,1316.84,0.978,548.09,1659.3,0.963,885.75,1702.11,0.961,544.87,1725.11,0.96,874.07,1771.96,0.952,555.76,1665.91,0.815,945.67,1688.16,0.789,posterior,725.8643050823139,389.14369194368317,False,724.7814376794128,831.2894381612415,730.0920589180822
3,100,714.8,209.89,1.0,560.33,395.89,1.0,879.82,381.29,1.0,501.61,661.1,0.956,945.69,654.2,0.988,517.74,882.39,0.592,990.69,888.57,0.792,636.43,922.85,0.999,805.75,923.6,0.999,601.25,1291.32,0.967,835.0,1314.84,0.977,548.0,1659.3,0.956,885.52,1701.25,0.957,544.85,1725.11,0.957,873.64,1771.89,0.958,555.61,1665.89,0.765,945.26,1688.13,0.755,posterior,720.076280462642,388.59008520769135,False,720.1775339109396,830.3863357586446,729.8412366281484
4,133,701.55,211.72,1.0,556.23,394.19,1.0,872.03,381.39,1.0,497.01,654.52,0.945,935.4,651.93,0.982,519.27,863.89,0.568,977.9,879.66,0.757,632.26,922.65,0.999,800.41,922.3,0.999,596.88,1290.56,0.985,831.37,1312.47,0.982,547.92,1659.3,0.978,885.07,1699.75,0.966,544.88,1725.06,0.978,873.5,1771.44,0.963,553.79,1665.72,0.849,941.97,1688.32,0.784,posterior,714.1265972284154,387.7875072869869,False,715.230858086283,829.2498013142404,728.5345297756123
5,166,698.93,210.72,1.0,550.82,392.87,1.0,864.59,379.99,1.0,492.08,650.94,0.942,922.37,646.28,0.987,520.67,849.61,0.528,965.87,866.59,0.798,627.58,921.6,0.999,796.58,920.35,0.999,593.13,1290.11,0.99,826.35,1310.69,0.985,547.75,1659.32,0.981,884.3,1697.35,0.97,544.97,1725.06,0.983,873.14,1770.27,0.967,551.44,1665.45,0.849,934.29,1688.77,0.783,posterior,707.707942341077,386.4274790479668,False,710.1403085045191,827.6729378516516,725.960211197308
6,200,693.97,211.31,1.0,545.13,392.11,1.0,856.29,378.23,1.0,485.5,647.7,0.921,910.95,640.84,0.985,520.74,839.19,0.445,953.82,859.59,0.79,624.18,920.48,0.999,793.85,918.57,0.999,590.49,1289.88,0.988,822.68,1310.11,0.982,547.52,1659.32,0.977,883.14,1695.5,0.962,545.24,1725.0,0.979,872.34,1769.41,0.96,548.26,1665.27,0.823,925.05,1689.52,0.749,posterior,700.7115216044419,385.168506657762,False,705.4805921100074,826.3008012795858,722.7214810913172
7,233,686.7,212.57,1.0,541.9,390.82,1.0,851.66,376.97,1.0,480.95,645.84,0.932,905.63,638.37,0.989,521.78,836.17,0.411,944.59,854.41,0.778,620.4,918.87,0.999,789.67,916.55,0.999,589.79,1289.6,0.989,818.95,1309.71,0.984,547.32,1659.32,0.977,881.78,1693.17,0.964,545.56,1724.93,0.979,871.38,1768.34,0.964,545.59,1664.87,0.816,917.81,1689.95,0.749,posterior,696.7818114622809,383.89582675766343,False,701.92923489929,824.9220855850039,720.0858599221228
8,266,682.97,211.49,1.0,539.17,388.99,1.0,846.6,374.39,1.0,478.09,645.91,0.917,898.45,634.38,0.985,524.81,838.53,0.448,936.68,848.89,0.758,617.32,915.98,0.999,787.91,913.05,0.999,588.85,1287.88,0.987,816.1,1308.65,0.985,546.72,1659.3,0.977,879.45,1691.17,0.967,545.41,1724.49,0.979,869.85,1766.5,0.966,542.7,1664.21,0.816,910.01,1690.11,0.755,posterior,692.8870518991101,381.68845363523474,False,698.980327552421,822.5616507646675,716.992188209003
9,300,681.07,210.84,1.0,535.68,388.85,1.0,843.04,371.94,1.0,473.89,646.11,0.923,894.01,633.39,0.987,525.88,842.49,0.384,929.8,849.95,0.714,616.01,914.73,0.999,786.47,911.23,0.999,588.77,1287.85,0.982,814.19,1308.05,0.983,545.93,1659.31,0.966,877.78,1690.04,0.96,545.35,1724.27,0.969,867.9,1766.63,0.966,540.59,1663.74,0.738,906.85,1690.43,0.707,posterior,689.360264476444,380.39424848809097,False,696.752422735422,821.4366106925847,715.1741415654994
10,333,677.14,212.09,1.0,536.74,388.63,1.0,841.05,369.85,1.0,473.34,647.48,0.908,890.51,633.47,0.986,524.57,846.08,0.426,925.58,853.14,0.763,615.55,911.29,0.999,785.86,908.29,0.999,587.88,1285.64,0.983,814.08,1307.02,0.982,544.77,1659.29,0.963,876.01,1687.96,0.955,544.95,1723.88,0.97,866.01,1765.54,0.962,538.59,1663.07,0.717,903.44,1690.36,0.672,posterior,688.8972834632059,379.23926187231064,False,696.0947788611443,819.5741767979569,713.2485134517194
11,366,674.63,214.91,1.0,537.52,387.04,1.0,840.87,367.73,1.0,473.94,647.56,0.89,889.14,634.96,0.972,522.27,850.7,0.565,923.59,857.67,0.757,616.01,910.4,0.999,786.44,907.99,0.999,587.94,1284.59,0.98,815.02,1306.96,0.973,543.25,1659.29,0.959,874.15,1686.78,0.946,544.13,1723.76,0.967,864.05,1765.11,0.956,536.72,1662.66,0.709,901.44,1690.36,0.645,posterior,689.1969101684887,377.3871573712899,False,696.3462266465843,818.6470593591846,711.5848067453458
12,400,675.67,216.41,1.0,537.75,386.0,1.0,840.51,366.28,1.0,472.49,646.63,0.888,888.94,636.41,0.973,519.23,856.71,0.628,920.79,865.1,0.824,614.4,909.58,0.999,784.73,908.24,0.999,586.18,1282.05,0.965,816.05,1306.23,0.961,541.85,1659.24,0.942,871.41,1685.22,0.926,543.1,1723.3,0.952,861.62,1763.81,0.938,535.28,1661.97,0.697,898.35,1690.36,0.639,posterior,689.1291311276705,376.1420255418245,False,695.4623152635926,817.8253895400339,709.5845203847116
13,433,675.8,216.53,1.0,538.48,385.38,1.0,841.35,365.55,1.0,471.92,645.38,0.913,888.61,636.63,0.97,514.86,862.63,0.757,918.91,874.67,0.869,613.47,909.09,0.999,785.22,907.6,0.999,585.86,1280.81,0.979,815.84,1305.39,0.966,540.81,1659.21,0.964,868.15,1683.75,0.944,542.14,1722.7,0.97,859.06,1762.45,0.951,534.23,1662.22,0.758,893.9,1690.63,0.673,posterior,689.9183698595889,375.4667703136569,False,695.4489089746803,817.137688974781,707.3330726780862
14,466,676.57,218.59,1.0,539.88,383.85,1.0,842.85,365.3,1.0,469.74,640.43,0.93,890.27,635.2,0.979,505.64,864.84,0.74,923.01,879.76,0.875,614.15,908.14,0.999,785.73,907.0,0.999,586.76,1277.91,0.98,816.72,1303.63,0.976,539.12,1659.13,0.968,866.46,1682.98,0.958,540.55,1722.02,0.973,856.97,1762.29,0.963,532.22,1661.18,0.787,893.28,1690.5,0.728,posterior,691.3630550531107,374.5743807000823,False,696.1879112814105,815.9382503128912,705.7518337649276
15,500,678.79,218.8,1.0,539.34,382.22,1.0,844.06,365.67,1.0,465.28,636.16,0.925,889.97,636.5,0.974,493.22,873.18,0.76,923.99,887.08,0.861,613.9,909.23,0.999,786.26,908.27,0.999,585.59,1277.97,0.973,816.21,1303.79,0.959,537.41,1659.02,0.952,863.72,1682.4,0.928,538.32,1721.04,0.959,854.91,1760.99,0.942,531.03,1661.03,0.722,891.02,1690.92,0.635,posterior,691.7000833232594,373.9459532135153,False,695.9307801889029,816.0676085670324,703.8213433444035
16,533,680.84,220.91,1.0,538.65,382.73,1.0,844.69,365.25,1.0,461.27,636.68,0.924,889.93,634.74,0.976,477.15,883.51,0.833,925.34,889.48,0.896,612.97,910.61,0.999,784.13,909.8,0.999,584.92,1277.02,0.958,815.31,1303.76,0.965,535.61,1658.7,0.951,860.61,1680.78,0.946,535.67,1719.75,0.957,851.37,1758.85,0.947,530.89,1660.65,0.77,890.4,1690.84,0.728,posterior,691.6738916380546,373.9890589334326,False,694.9447429946117,816.4512603595557,702.0801723936805
17,566,682.92,224.15,1.0,539.09,381.54,1.0,844.41,363.97,1.0,456.08,630.5,0.946,890.09,628.92,0.986,454.71,879.41,0.828,926.93,887.5,0.898,611.95,911.41,0.999,782.02,911.18,0.999,585.43,1274.39,0.969,815.41,1303.17,0.98,533.5,1658.42,0.96,857.65,1679.46,0.966,531.9,1718.76,0.97,847.82,1756.89,0.971,530.89,1660.18,0.767,889.96,1690.77,0.765,posterior,691.7514671973705,372.75786208567865,False,694.1174864927867,815.7467241765754,700.1419434870681
18,600,683.32,227.48,1.0,539.67,380.4,1.0,844.36,362.78,1.0,452.36,621.79,0.968,890.96,621.02,0.983,437.11,873.78,0.876,927.42,883.03,0.889,611.26,912.01,0.999,781.94,912.08,0.999,585.53,1273.0,0.985,813.9,1302.01,0.986,531.5,1657.96,0.977,855.67,1677.77,0.977,529.06,1717.72,0.981,845.7,1755.22,0.979,530.15,1659.42,0.812,888.08,1690.76,0.79,posterior,692.015855637515,371.59424208744235,False,693.7371075556622,814.8229752328047,698.2464861567279
19,633,683.16,227.52,1.0,541.27,376.66,1.0,844.23,360.96,1.0,450.41,612.68,0.982,892.07,613.81,0.985,421.31,867.38,0.902,927.53,879.34,0.891,609.63,912.1,0.999,782.06,912.48,0.999,584.87,1272.95,0.983,810.86,1301.7,0.98,529.47,1657.74,0.974,851.88,1677.34,0.97,527.45,1717.61,0.98,841.48,1755.22,0.975,527.43,1658.89,0.809,886.46,1690.75,0.759,posterior,692.7499293934063,368.8130558803048,False,693.2071470489713,813.3888041603552,695.7041752020805
20,666,683.8,228.39,1.0,543.46,373.81,1.0,844.24,359.8,1.0,451.8,600.31,0.984,893.22,603.51,0.974,410.01,845.61,0.94,927.73,866.91,0.841,610.14,912.76,0.999,783.46,913.34,0.999,583.26,1273.0,0.98,808.28,1300.04,0.98,528.05,1657.39,0.978,849.96,1676.6,0.972,526.47,1717.48,0.981,838.81,1755.22,0.974,525.76,1657.48,0.854,886.08,1690.68,0.797,posterior,693.8458946630406,366.8015285835555,False,693.5849701754402,812.0938622835179,694.2775107674379
21,700,685.79,227.22,1.0,543.36,370.18,1.0,843.89,355.73,1.0,450.53,592.09,0.99,895.42,595.52,0.984,401.64,827.43,0.954,927.65,853.54,0.872,609.95,912.27,0.999,783.25,912.56,0.999,582.49,1272.53,0.982,807.46,1297.41,0.985,526.66,1656.96,0.978,848.24,1675.78,0.977,525.14,1717.12,0.982,836.85,1755.22,0.979,524.78,1656.03,0.846,886.08,1690.42,0.815,posterior,693.6244784195305,362.9509204984341,False,693.2436786568102,809.7325537059661,693.2107995509143
22,733,684.43,225.44,1.0,544.69,368.62,1.0,843.4,354.2,1.0,449.91,582.0,0.985,895.88,588.03,0.985,396.28,811.63,0.935,927.13,841.43,0.878,609.96,912.29,0.999,783.03,912.29,0.999,579.17,1272.54,0.968,804.11,1294.57,0.975,525.54,1656.64,0.969,846.34,1674.96,0.962,524.06,1716.72,0.977,835.18,1753.89,0.972,522.32,1656.34,0.83,885.56,1690.45,0.771,posterior,694.0478830577657,361.4087905568882,False,692.7187387280237,808.3295920663613,691.7780120322575
23,766,685.64,224.6,1.0,546.58,366.97,1.0,843.51,352.97,1.0,448.55,573.66,0.983,895.44,580.88,0.99,390.06,804.84,0.923,926.57,831.79,0.899,607.58,909.69,0.999,781.87,909.62,0.999,577.22,1271.84,0.972,803.9,1293.95,0.987,524.55,1656.64,0.97,844.77,1674.8,0.974,522.93,1716.6,0.978,833.98,1752.98,0.981,521.31,1656.34,0.828,884.69,1690.48,0.813,posterior,695.0452270613018,359.97075233557655,False,692.0861223431966,806.2400469645295,690.7249587600126
24,800,685.9,224.48,1.0,548.38,364.67,1.0,843.41,351.97,1.0,447.82,571.16,0.988,895.6,575.45,0.992,385.62,801.32,0.954,926.97,821.03,0.916,602.92,903.63,0.999,778.94,904.18,1.0,574.29,1267.29,0.98,800.33,1290.44,0.991,523.38,1656.43,0.977,843.36,1674.68,0.985,521.79,1716.16,0.983,833.25,1752.76,0.988,519.43,1656.16,0.86,883.34,1690.51,0.863,posterior,695.8910928423495,358.3206009999009,False,690.3359632280963,802.6088633365544,689.4531550374254
25,833,685.4,225.61,1.0,549.74,363.07,1.0,843.52,350.23,1.0,446.15,574.32,0.989,898.73,576.12,0.989,383.9,804.19,0.945,927.47,818.36,0.886,601.02,901.38,0.999,777.97,902.14,0.999,574.26,1266.05,0.989,798.91,1289.98,0.987,522.23,1656.15,0.983,841.5,1674.22,0.977,521.27,1716.05,0.987,832.08,1752.76,0.982,514.71,1655.54,0.856,881.37,1690.48,0.799,posterior,696.6282260767772,356.64737264422985,False,689.8881614117174,801.2020773503781,687.3594333942638
26,866,687.01,226.51,1.0,550.51,364.87,1.0,843.71,351.08,1.0,445.38,578.36,0.979,901.59,581.48,0.986,385.52,810.44,0.911,931.4,825.24,0.898,602.26,900.6,0.999,777.62,901.12,0.999,574.42,1266.48,0.989,800.72,1291.62,0.984,521.25,1656.01,0.982,841.5,1673.6,0.973,520.57,1715.86,0.986,832.08,1751.82,0.976,512.58,1655.54,0.861,876.34,1690.61,0.789,posterior,697.1077947984612,357.97349337797203,False,690.4141128262479,801.7652441587314,685.3912665561675
27,900,685.75,229.49,1.0,551.49,366.31,1.0,843.87,352.17,1.0,443.81,582.68,0.975,903.39,586.0,0.99,387.28,818.92,0.902,935.09,832.13,0.878,602.36,900.93,0.999,775.86,901.91,0.999,573.53,1268.09,0.989,800.81,1292.67,0.991,519.98,1655.74,0.983,841.14,1672.92,0.979,519.69,1715.53,0.987,831.69,1751.23,0.983,510.66,1655.61,0.834,874.76,1690.62,0.796,posterior,697.681655025167,359.2398479928306,False,690.1926788712395,802.8762762502704,684.200286387827
28,933,685.34,233.21,1.0,553.03,368.73,1.0,844.02,353.83,1.0,444.55,585.8,0.971,905.55,587.01,0.994,392.21,831.04,0.87,939.82,834.58,0.897,602.59,900.15,0.999,773.99,901.89,0.999,572.14,1268.8,0.982,800.21,1293.75,0.99,518.53,1655.41,0.971,840.18,1672.92,0.977,517.96,1715.44,0.979,830.29,1751.41,0.981,510.13,1655.61,0.773,873.85,1690.48,0.802,posterior,698.5231409948528,361.27822499276823,False,690.0335873450143,803.6878132048367,683.0569640985499
29,966,687.53,237.36,1.0,554.03,373.83,1.0,845.72,358.84,1.0,445.11,593.92,0.985,909.37,594.88,0.992,398.23,841.13,0.845,943.22,843.1,0.852,602.38,901.22,0.999,772.71,902.82,0.999,570.66,1269.93,0.99,801.41,1295.44,0.992,517.6,1654.66,0.983,839.16,1672.92,0.981,517.24,1714.8,0.986,829.36,1750.98,0.983,509.33,1655.16,0.826,873.0,1690.3,0.808,posterior,699.8720663840943,366.33502484339294,False,690.2756409891883,806.5033351405742,682.2346330703361
30,1000,692.86,243.88,1.0,553.28,385.74,1.0,848.56,368.69,1.0,444.66,607.34,0.983,913.79,605.0,0.994,409.15,856.48,0.833,944.97,854.96,0.887,602.52,903.85,1.0,772.6,904.67,1.0,566.38,1270.63,0.991,804.15,1299.47,0.992,516.89,1654.2,0.988,838.2,1673.12,0.985,516.37,1714.23,0.989,827.95,1751.1,0.983,508.8,1655.16,0.883,872.36,1689.91,0.852,posterior,700.9206944477401,377.2124460155883,False,690.5930024190924,812.178717444719,681.3684136172478
31,1033,697.57,259.35,1.0,552.61,404.2,1.0,850.74,385.89,1.0,443.4,627.96,0.986,917.67,623.58,0.996,427.53,874.92,0.766,944.69,872.73,0.871,600.02,908.4,1.0,770.29,909.68,1.0,561.73,1270.75,0.989,806.41,1303.26,0.99,515.98,1653.63,0.982,837.36,1673.19,0.979,515.86,1713.44,0.984,826.37,1751.1,0.98,507.19,1655.16,0.831,872.92,1689.57,0.809,posterior,701.6736632934212,395.04681632846047,False,689.7898399126675,821.6076960455661,680.5842883548605
32,1066,699.21,273.02,1.0,551.41,423.97,1.0,852.6,407.94,1.0,441.72,651.63,0.974,921.59,648.78,0.99,450.07,889.06,0.748,941.92,896.02,0.854,597.63,921.27,1.0,768.26,923.77,1.0,558.72,1270.72,0.994,808.79,1309.0,0.994,515.22,1652.93,0.988,836.97,1672.88,0.983,515.86,1712.47,0.989,826.37,1750.43,0.984,506.08,1654.59,0.878,872.2,1688.85,0.841,posterior,702.0080627620218,415.95119664573923,False,689.0605703740215,835.7837423994513,680.1283958110351
33,1100,699.65,300.32,1.0,549.17,451.09,1.0,854.12,429.28,1.0,440.94,684.27,0.979,923.87,665.57,0.995,478.34,896.84,0.59,940.98,904.1,0.791,597.45,942.58,0.999,769.57,943.64,0.999,551.78,1273.68,0.989,812.13,1317.76,0.992,514.35,1652.25,0.977,836.69,1672.88,0.975,515.51,1711.61,0.982,825.92,1750.67,0.98,503.95,1653.81,0.782,872.02,1687.77,0.769,posterior,701.6478662825159,440.1839238140844,False,688.8762213452845,854.2674147287247,679.351772603321
34,1133,703.08,341.32,1.0,547.91,488.15,1.0,855.54,465.47,1.0,439.57,723.58,0.964,932.65,701.94,0.99,501.74,914.86,0.312,935.33,927.46,0.622,597.82,967.52,1.0,771.17,967.44,0.999,547.35,1282.3,0.978,819.88,1320.08,0.979,514.15,1651.62,0.963,836.54,1672.59,0.953,515.84,1711.61,0.964,825.72,1750.52,0.958,501.37,1652.51,0.75,871.69,1686.55,0.717,posterior,701.7287311906666,476.8131757317109,False,689.7694001607287,879.1692266415957,678.6532999887394
35,1166,707.62,377.12,0.999,547.26,526.25,1.0,860.18,510.32,1.0,438.52,762.78,0.965,942.44,746.47,0.973,517.19,913.53,0.218,926.85,945.59,0.264,599.62,993.57,0.999,774.08,992.38,0.999,541.25,1286.16,0.978,830.01,1321.99,0.972,513.78,1651.4,0.952,836.35,1672.13,0.937,515.71,1711.61,0.948,825.38,1749.68,0.937,497.74,1651.29,0.714,871.51,1685.0,0.658,posterior,703.7175057392856,518.2824380958659,False,691.9202141755402,905.9908328181741,677.5862351715278
36,1200,710.68,412.28,0.999,545.64,562.16,1.0,861.66,558.26,1.0,437.74,793.93,0.977,951.09,788.02,0.966,525.5,916.76,0.207,909.37,957.53,0.218,599.71,1014.45,0.999,775.63,1014.9,0.999,536.67,1291.34,0.986,837.45,1321.75,0.975,513.39,1650.89,0.955,836.08,1671.76,0.949,515.79,1711.52,0.946,824.95,1748.9,0.943,494.79,1650.11,0.687,870.89,1683.06,0.667,posterior,703.6502865106786,560.2093734998641,False,692.6678046505001,931.1139037078731,676.6031111621704
37,1233,710.5,447.22,1.0,545.32,602.66,1.0,862.96,597.71,1.0,439.39,831.87,0.972,953.53,824.9,0.945,536.55,923.46,0.178,889.48,958.39,0.134,599.78,1040.25,0.999,777.57,1044.48,0.999,534.14,1300.17,0.987,842.97,1334.29,0.975,513.15,1650.44,0.951,835.86,1671.81,0.947,515.87,1711.52,0.941,824.64,1748.9,0.937,491.03,1648.41,0.656,870.2,1680.29,0.62,posterior,704.137966446172,600.1845626859067,False,693.5684695871475,959.2189534438137,675.4340203033861
38,1266,710.55,480.24,0.999,546.94,637.01,1.0,865.07,637.58,1.0,442.5,865.16,0.932,953.63,867.43,0.948,541.8,921.5,0.077,873.82,958.76,0.139,600.72,1063.02,0.999,781.5,1071.77,0.999,534.34,1307.78,0.972,845.4,1343.34,0.95,513.15,1650.35,0.91,835.86,1671.47,0.913,515.91,1711.58,0.9,824.64,1748.35,0.887,487.32,1647.0,0.581,868.6,1677.1,0.552,posterior,706.0086111447491,637.2966380127698,False,695.4342003598249,985.0074290682786,674.1164104435263
39,1300,711.26,514.85,0.999,547.99,666.19,0.999,866.26,674.59,0.999,449.12,902.14,0.862,949.07,912.94,0.852,544.17,921.05,0.057,851.22,959.32,0.071,601.4,1084.59,0.999,783.73,1095.65,0.999,537.03,1319.14,0.948,841.96,1352.27,0.913,513.28,1650.47,0.882,835.73,1671.21,0.861,516.04,1711.68,0.885,824.64,1747.47,0.825,484.3,1646.57,0.587,864.47,1677.1,0.501,posterior,707.1253762831068,670.3944363644848,False,696.3660424879587,1009.0835168964365,672.3613734065975
40,1333,711.38,547.05,0.998,550.6,693.52,0.999,866.46,706.83,0.998,464.91,932.77,0.705,945.16,946.63,0.632,560.67,921.97,0.023,833.15,949.2,0.027,601.64,1100.96,0.998,785.14,1111.07,0.998,538.39,1320.8,0.926,840.26,1352.18,0.863,513.28,1650.21,0.841,835.59,1670.56,0.829,516.14,1711.47,0.85,824.42,1745.12,0.755,482.29,1645.98,0.54,863.0,1674.93,0.474,posterior,708.5260942603609,700.1727332753744,False,697.5049557766546,1027.3565994696025,607.6183977597703
41,1366,712.17,584.63,0.998,552.5,725.23,0.999,865.36,742.22,0.998,472.74,970.71,0.853,940.71,984.69,0.69,554.51,914.8,0.051,831.82,941.16,0.054,600.36,1120.49,0.999,785.98,1133.5,0.999,537.56,1324.51,0.942,837.52,1350.39,0.855,513.39,1650.29,0.862,835.18,1670.24,0.846,516.58,1711.47,0.866,824.04,1744.12,0.765,480.52,1645.79,0.622,860.05,1673.43,0.557,posterior,708.9327751841668,733.7252160205815,False,697.3746206375697,1049.248664546746,670.2985387516657
42,1400,712.54,613.3,0.997,553.44,758.35,0.998,863.21,773.13,0.998,481.07,990.84,0.818,931.84,1012.36,0.592,553.62,906.2,0.057,831.55,942.6,0.05,599.12,1141.78,0.999,785.89,1155.56,0.999,536.77,1331.62,0.931,836.93,1356.75,0.825,513.39,1650.24,0.786,834.8,1669.72,0.808,516.82,1711.23,0.798,823.08,1743.33,0.763,478.25,1644.95,0.447,859.18,1671.94,0.438,posterior,708.3266534030656,765.7405201283334,False,696.7809125240019,1070.8757799065113,669.9493426300236
43,1433,712.01,638.12,0.998,554.58,784.2,0.999,860.75,796.01,0.999,487.96,1018.89,0.852,921.58,1034.18,0.632,553.79,903.5,0.08,830.82,950.43,0.05,596.93,1162.35,0.999,784.47,1176.82,0.999,532.98,1336.86,0.908,836.83,1370.92,0.81,513.34,1650.1,0.827,834.34,1669.91,0.868,516.82,1711.13,0.862,822.34,1743.57,0.855,477.67,1644.44,0.569,859.18,1671.53,0.592,posterior,707.6653591375753,790.1014204238529,False,695.4443198093173,1090.1753349953349,669.0028252092984
44,1466,709.87,666.93,0.999,554.23,814.56,0.999,858.14,821.55,0.999,493.34,1041.23,0.907,911.53,1058.02,0.786,560.98,910.99,0.074,829.9,951.06,0.064,595.04,1175.11,0.999,783.07,1190.03,0.999,522.38,1350.71,0.906,837.53,1382.85,0.856,513.25,1649.57,0.856,833.65,1669.91,0.907,516.82,1710.53,0.856,820.97,1743.39,0.878,476.32,1643.34,0.579,859.02,1670.21,0.655,posterior,706.1879521632511,818.0552924298258,False,693.3573966293785,1108.096219696036,668.2817893414875
45,1500,706.59,687.77,0.999,554.41,834.59,0.999,854.92,842.7,0.998,499.33,1055.8,0.878,903.14,1069.82,0.728,576.05,922.43,0.061,829.67,970.39,0.046,594.96,1187.43,0.999,781.58,1200.09,0.999,513.84,1357.81,0.915,833.73,1393.25,0.865,513.13,1648.92,0.89,833.02,1669.83,0.935,516.74,1709.99,0.87,820.25,1742.9,0.899,473.78,1642.52,0.624,857.18,1668.75,0.724,posterior,704.666169853975,838.6423543897165,False,691.4567067741898,1121.5294452312094,666.9863301665491
46,1533,703.7,705.12,0.999,554.53,851.82,0.999,851.58,862.42,0.998,502.37,1071.68,0.886,895.47,1086.99,0.758,576.62,935.32,0.064,824.61,982.46,0.055,593.21,1204.27,0.999,778.59,1218.0,0.999,509.92,1372.15,0.935,836.28,1399.46,0.903,512.98,1648.92,0.912,832.07,1669.91,0.948,516.74,1710.11,0.901,818.9,1742.51,0.92,472.21,1641.79,0.683,857.18,1668.05,0.767,posterior,703.0552043230952,857.120141746999,False,689.7297572785535,1137.046140078294,666.2570698201242
47,1566,702.03,722.26,1.0,554.07,868.04,0.999,847.4,875.07,0.999,503.7,1088.62,0.829,887.58,1099.15,0.74,574.17,951.55,0.071,821.26,992.81,0.073,592.13,1214.65,1.0,778.37,1233.78,1.0,503.3,1374.08,0.942,844.24,1400.14,0.915,512.77,1648.75,0.952,831.15,1669.87,0.969,516.74,1709.98,0.954,817.41,1741.86,0.968,471.51,1641.44,0.795,857.03,1667.37,0.827,posterior,700.7352769102863,871.5542367720993,False,688.5568636492898,1148.0070320162597,665.6709090048412
48,1600,702.14,737.78,0.999,552.97,882.37,1.0,842.96,889.84,0.999,504.39,1102.61,0.816,884.71,1111.43,0.511,577.6,979.0,0.079,817.31,1021.39,0.039,591.41,1227.78,1.0,776.37,1244.17,1.0,499.61,1377.32,0.743,841.35,1402.33,0.541,512.48,1648.53,0.775,830.74,1669.67,0.788,516.74,1709.68,0.807,816.69,1740.16,0.783,471.16,1641.36,0.569,857.03,1666.43,0.591,posterior,697.9647047709764,886.1005745046393,False,686.4853892401416,1158.6389263308197,665.4050224228411
49,1633,701.15,751.24,1.0,553.21,899.07,1.0,843.16,908.81,1.0,505.01,1117.91,0.959,887.13,1124.9,0.682,580.7,992.3,0.422,820.5,1033.94,0.09,590.39,1241.98,1.0,775.98,1257.52,1.0,488.38,1374.22,0.85,838.73,1411.75,0.745,511.91,1647.71,0.928,829.28,1669.67,0.961,516.73,1708.26,0.939,812.6,1740.16,0.967,470.26,1641.2,0.782,855.23,1666.6,0.862,posterior,698.1845134965256,903.940962338911,False,685.2257849478169,1171.2864582621582,663.704642702121
50,1666,698.76,764.9,1.0,552.45,912.24,1.0,843.1,924.51,1.0,505.71,1132.36,0.953,887.12,1138.84,0.728,579.06,1005.95,0.326,818.81,1032.83,0.091,589.55,1258.16,1.0,775.14,1273.15,1.0,484.88,1378.54,0.898,841.29,1414.77,0.827,511.64,1647.39,0.968,828.28,1669.5,0.98,516.77,1707.94,0.972,811.26,1738.58,0.985,468.23,1641.3,0.862,853.63,1666.6,0.898,posterior,697.7749717932948,918.3775687129753,False,684.6793523925091,1183.6545177714036,662.4701810821407
51,1700,700.37,779.83,1.0,552.25,924.46,1.0,843.48,939.58,1.0,506.5,1142.99,0.973,889.6,1149.78,0.69,582.81,1018.33,0.44,820.92,1039.5,0.122,588.59,1268.09,1.0,774.1,1282.53,1.0,488.19,1375.97,0.934,840.82,1422.21,0.827,511.43,1647.13,0.981,826.78,1669.41,0.989,516.83,1707.33,0.985,807.57,1738.58,0.992,466.41,1641.46,0.891,849.85,1666.74,0.928,posterior,697.8663273358217,932.0158101395601,False,684.6195547507165,1192.9921600945033,660.1654387718049
52,1733,700.87,786.73,1.0,551.86,929.35,1.0,844.17,949.56,1.0,506.23,1149.99,0.947,890.31,1154.21,0.673,585.03,1023.38,0.244,820.22,1042.65,0.081,586.38,1278.11,1.0,772.88,1292.01,1.0,490.23,1371.35,0.846,838.73,1424.71,0.697,510.98,1646.78,0.949,825.75,1669.47,0.963,516.81,1706.95,0.959,806.95,1737.93,0.975,465.41,1641.55,0.825,848.87,1666.74,0.866,posterior,698.0171953024342,939.4525519873393,False,683.993263370844,1199.369809645455,659.508545980635
53,1766,702.36,792.81,1.0,552.28,932.59,1.0,844.9,955.45,1.0,507.5,1151.92,0.924,890.87,1157.39,0.694,593.24,1030.62,0.102,821.39,1046.12,0.064,585.82,1282.46,1.0,771.51,1296.49,1.0,490.03,1368.97,0.936,839.69,1422.7,0.847,510.53,1646.38,0.982,824.62,1669.47,0.984,516.78,1706.65,0.985,805.9,1736.64,0.991,464.44,1641.55,0.882,848.14,1666.22,0.885,posterior,698.5909605211255,944.0201311473551,False,683.8983287646578,1202.3823405461317,658.8151829223306
54,1800,703.12,793.19,1.0,552.12,936.14,1.0,845.72,958.5,1.0,508.05,1154.0,0.939,892.07,1159.0,0.659,596.08,1035.88,0.158,821.94,1048.15,0.069,585.5,1284.77,1.0,771.16,1298.76,1.0,490.02,1370.38,0.931,838.86,1421.59,0.831,510.07,1646.26,0.98,823.48,1669.44,0.983,516.68,1706.26,0.982,805.11,1735.91,0.99,463.54,1641.58,0.871,847.26,1665.78,0.888,posterior,698.9183816421423,947.3183900944518,False,683.8267857560469,1204.5022884673822,658.1464205424952
55,1833,704.18,791.38,1.0,551.74,932.87,1.0,846.63,959.33,0.999,507.11,1153.42,0.899,892.65,1157.34,0.683,595.68,1035.09,0.147,821.76,1050.76,0.064,584.32,1288.83,1.0,770.0,1303.2,1.0,491.58,1369.65,0.878,840.11,1421.73,0.775,509.56,1645.9,0.962,822.58,1669.44,0.967,516.56,1706.34,0.97,804.43,1735.25,0.981,462.49,1641.54,0.847,845.34,1664.2,0.854,posterior,699.186946542731,946.1002763260715,False,683.6517291943478,1205.5501519675163,657.2068142359989
56,1866,703.42,786.86,1.0,550.18,929.89,1.0,846.69,953.76,1.0,505.69,1148.83,0.947,893.35,1154.4,0.679,592.16,1030.44,0.268,821.38,1049.84,0.091,582.48,1287.13,1.0,769.58,1301.09,1.0,489.21,1374.79,0.81,839.25,1422.99,0.647,508.77,1645.9,0.941,821.52,1669.44,0.948,516.09,1706.27,0.954,803.39,1734.23,0.967,462.33,1641.55,0.821,844.88,1664.08,0.854,posterior,698.4347441410042,941.8225053317012,False,682.6321727644267,1203.6477783102391,656.6729064920057
57,1900,702.31,779.68,1.0,549.1,925.26,1.0,846.75,946.08,1.0,503.99,1144.67,0.97,893.55,1148.82,0.599,586.49,1029.63,0.456,822.26,1050.93,0.091,582.18,1281.97,1.0,770.58,1296.25,1.0,486.27,1374.06,0.691,834.49,1422.52,0.468,508.24,1645.69,0.85,821.16,1669.41,0.889,515.79,1705.89,0.887,803.39,1733.58,0.921,462.19,1641.56,0.683,844.73,1664.33,0.773,posterior,697.9233713278713,935.6700159822647,False,689.2908732904048,1098.781442819217,656.5245215746138
58,1933,702.31,771.39,1.0,548.22,920.14,1.0,846.92,940.11,1.0,501.61,1139.34,0.962,895.61,1143.44,0.616,584.49,1028.9,0.417,823.14,1054.77,0.098,580.93,1276.22,1.0,771.02,1290.66,1.0,486.4,1374.29,0.729,834.21,1421.21,0.584,507.91,1645.53,0.869,820.75,1669.41,0.913,515.43,1705.49,0.892,803.27,1732.57,0.926,462.03,1641.55,0.689,844.97,1664.33,0.793,posterior,697.5681709838018,930.1245625436176,False,681.5818925387637,1194.8117792508217,656.4240292429824
59,1966,702.58,754.0,1.0,549.54,904.25,1.0,847.84,923.94,1.0,500.78,1125.36,0.945,900.81,1137.59,0.731,583.92,1023.62,0.317,828.4,1056.16,0.103,582.48,1262.4,1.0,774.31,1279.93,1.0,482.09,1372.09,0.906,836.6,1419.66,0.821,507.49,1644.99,0.948,820.38,1669.3,0.964,515.35,1704.29,0.953,802.79,1732.57,0.968,461.75,1641.48,0.788,844.97,1664.19,0.832,posterior,698.6874974404459,914.0955384878184,False,682.8358578657719,1183.7932148232103,656.2147882150784
60,2000,700.17,732.42,0.999,550.35,881.98,1.0,847.49,898.11,0.999,498.2,1109.68,0.861,901.76,1120.08,0.619,585.62,1029.16,0.12,829.93,1064.09,0.06,582.34,1240.12,0.999,775.2,1254.65,1.0,483.96,1372.84,0.846,837.76,1416.4,0.743,507.16,1644.55,0.792,820.08,1669.14,0.846,514.99,1703.6,0.771,802.47,1732.24,0.825,461.32,1641.18,0.464,845.13,1663.24,0.573,posterior,698.9204535432364,890.0447986853576,False,683.2248958698262,1165.401252575146,720.8603136500739
61,2033,699.85,707.03,0.999,551.39,858.57,0.999,847.82,871.26,0.998,496.4,1089.91,0.782,910.94,1104.38,0.67,589.37,1040.57,0.067,833.24,1056.29,0.072,583.47,1214.22,0.999,776.47,1230.29,0.999,487.53,1372.67,0.879,834.54,1415.33,0.78,506.81,1643.91,0.846,819.78,1669.06,0.886,514.41,1703.02,0.833,802.36,1732.24,0.852,460.55,1640.19,0.556,844.94,1662.14,0.638,posterior,699.6089528660265,864.9181514518589,False,684.156575436418,1146.1613420309293,655.5659287792876
62,2066,699.68,680.43,0.999,552.0,834.0,0.999,849.62,845.77,0.998,493.49,1067.9,0.871,916.9,1088.87,0.758,587.83,1032.99,0.1,831.01,1036.36,0.082,583.7,1196.32,0.999,775.78,1212.15,0.999,499.03,1369.06,0.917,832.5,1410.38,0.874,506.63,1643.91,0.881,819.32,1669.06,0.927,514.3,1702.75,0.886,802.13,1732.44,0.921,460.35,1639.54,0.632,844.48,1661.22,0.739,posterior,700.8138584636415,839.8817186880065,False,685.3179253054906,1128.9860672853301,655.3141743290182
63,2100,700.03,651.35,0.999,552.18,806.92,0.999,851.88,817.93,0.999,487.6,1042.96,0.939,925.53,1071.27,0.881,581.12,976.32,0.123,835.0,995.99,0.127,583.88,1177.08,0.999,775.78,1195.2,0.999,507.77,1363.15,0.938,830.6,1402.04,0.915,506.28,1643.63,0.913,818.92,1669.03,0.953,514.09,1702.33,0.918,802.04,1732.63,0.945,459.94,1639.54,0.695,844.3,1660.79,0.794,posterior,702.0289730242039,812.4277658599887,False,686.3765391423988,1110.3355691465244,655.0899796137654
64,2133,701.35,615.05,0.999,552.99,769.34,0.999,854.8,786.29,0.999,482.45,1008.62,0.868,930.83,1041.95,0.775,572.31,959.5,0.045,833.84,979.36,0.06,583.77,1155.6,0.999,775.83,1173.61,0.999,515.89,1354.73,0.901,830.37,1392.47,0.852,506.06,1643.63,0.843,818.63,1669.03,0.865,513.66,1702.33,0.836,802.11,1732.65,0.792,460.35,1639.35,0.579,844.51,1660.14,0.591,posterior,703.8958026778148,777.8150661344396,False,687.6210122128484,1086.9829822130541,655.1575605385497
65,2166,702.47,574.38,0.999,553.15,728.26,0.999,857.6,749.62,0.999,481.28,967.93,0.862,934.09,1008.7,0.703,571.21,951.2,0.032,831.37,979.73,0.03,585.45,1127.8,0.999,775.94,1145.7,0.999,519.52,1345.46,0.936,827.37,1383.4,0.886,505.89,1643.68,0.889,818.19,1669.07,0.88,513.66,1702.48,0.883,801.9,1732.7,0.809,460.3,1639.43,0.625,844.1,1659.61,0.553,posterior,705.3729638283401,738.9378023637079,False,688.5613648679819,1059.451173043161,654.989214962679
66,2200,704.62,539.92,0.999,552.32,693.82,1.0,859.52,711.83,1.0,474.6,932.26,0.915,933.47,966.12,0.903,557.65,955.17,0.09,832.07,988.01,0.113,587.19,1103.53,0.999,776.73,1119.75,0.999,521.74,1336.84,0.938,825.14,1376.9,0.898,505.76,1643.68,0.858,817.6,1669.08,0.844,513.66,1702.67,0.847,801.9,1732.82,0.82,460.23,1639.1,0.532,843.59,1659.37,0.476,posterior,705.9179925023551,702.8277354837484,False,688.9605499803267,1034.0060763388778,591.9318553120763
67,2233,706.22,505.25,1.0,551.16,659.71,1.0,859.81,673.69,1.0,467.61,898.54,0.968,931.99,927.3,0.942,546.19,953.39,0.136,836.53,991.25,0.117,589.07,1080.69,0.999,777.47,1091.65,0.999,520.47,1323.08,0.98,822.76,1365.77,0.967,505.54,1643.41,0.934,817.14,1669.01,0.931,513.66,1702.56,0.915,801.83,1732.91,0.92,460.11,1638.76,0.637,843.17,1659.12,0.593,posterior,705.481844783329,666.6990794435836,False,688.7160431239345,1007.811574047773,654.6937213874266
68,2266,711.53,467.37,1.0,550.11,622.15,1.0,860.57,636.74,1.0,461.01,858.26,0.979,929.23,885.36,0.964,540.37,949.58,0.211,844.83,994.01,0.244,589.17,1053.72,1.0,777.18,1061.09,0.999,519.26,1315.01,0.993,822.56,1356.57,0.985,505.22,1643.34,0.972,816.84,1668.88,0.967,513.53,1702.61,0.966,801.74,1732.98,0.964,459.84,1638.16,0.73,843.17,1659.12,0.704,posterior,705.3413411364554,629.4456292460649,False,688.1953511213862,980.2974639449641,654.5705655250738
69,2300,714.39,431.74,1.0,549.33,583.57,1.0,861.81,598.33,1.0,456.03,823.33,0.978,929.13,856.58,0.963,532.11,946.07,0.3,859.12,1001.73,0.416,589.56,1029.44,1.0,778.17,1033.25,0.999,518.73,1309.51,0.985,822.04,1343.99,0.96,504.98,1643.41,0.958,816.66,1668.77,0.932,513.4,1702.82,0.951,801.83,1732.98,0.929,459.68,1637.44,0.738,843.25,1658.66,0.663,posterior,705.5723833730735,590.9459866048362,False,688.2724555394204,953.919271809232,654.5395978089247
70,2333,715.99,394.31,1.0,548.6,552.01,1.0,863.89,562.18,1.0,453.62,796.29,0.983,927.62,819.32,0.987,527.79,939.28,0.381,878.43,1007.5,0.735,591.18,1007.57,1.0,778.15,1010.39,0.999,520.29,1305.9,0.987,821.89,1339.18,0.972,504.76,1643.46,0.962,816.53,1668.8,0.955,513.16,1703.27,0.955,801.83,1733.19,0.953,459.52,1636.99,0.721,843.38,1658.88,0.702,posterior,706.2471999267959,557.0997733398244,False,688.7759187405742,931.2611227059429,654.4723263947957
71,2366,717.7,359.73,1.0,547.68,517.75,1.0,864.04,520.56,1.0,454.31,763.35,0.907,925.62,789.97,0.98,521.14,940.22,0.361,900.38,1011.42,0.824,593.0,995.43,0.999,777.33,999.15,0.999,522.88,1306.93,0.967,822.14,1339.46,0.933,504.34,1643.49,0.949,816.62,1668.8,0.92,512.85,1704.56,0.943,801.86,1733.64,0.914,459.52,1637.15,0.76,843.45,1659.04,0.682,posterior,705.8585272513956,519.1548883727824,False,689.0072676155502,912.0600113320603,654.4213946159808
72,2400,718.96,328.77,1.0,546.62,483.0,1.0,865.09,481.09,1.0,454.24,728.21,0.89,922.55,753.62,0.982,507.44,933.92,0.425,921.78,1008.27,0.881,593.65,976.07,0.999,777.74,978.16,0.999,525.71,1300.28,0.975,822.32,1335.0,0.952,503.94,1643.54,0.967,816.7,1668.68,0.946,512.73,1706.27,0.956,802.06,1734.08,0.929,459.52,1637.02,0.833,843.6,1659.06,0.763,posterior,705.8552468416642,482.0406789616296,False,689.3335517864616,888.6600887013523,654.4773943624648
73,2433,718.03,310.36,1.0,546.33,453.99,1.0,865.86,454.14,1.0,451.63,695.83,0.912,920.28,724.83,0.982,496.07,927.66,0.627,930.84,999.84,0.883,592.77,961.68,1.0,776.46,966.47,0.999,527.0,1297.57,0.976,822.54,1330.12,0.963,503.37,1643.54,0.974,816.7,1668.68,0.954,512.17,1706.58,0.97,802.06,1734.77,0.948,459.57,1637.18,0.868,843.85,1659.21,0.794,posterior,706.0961487776922,454.0674983146953,False,688.9570742988915,871.6635761897737,654.4100691273254
74,2466,719.05,289.83,1.0,546.73,428.97,1.0,867.13,430.79,1.0,448.88,662.81,0.959,918.03,687.17,0.99,482.05,915.27,0.668,941.64,970.39,0.899,592.36,947.17,1.0,776.98,951.19,1.0,531.83,1292.23,0.992,822.67,1324.16,0.988,502.59,1643.58,0.987,816.73,1668.68,0.981,511.4,1707.24,0.987,802.11,1736.03,0.978,459.86,1637.26,0.884,844.08,1660.02,0.837,posterior,706.9286990553765,429.8819559626594,False,689.4721991097772,854.6565780674485,654.3639821193816
75,2500,719.23,268.7,1.0,547.42,412.09,1.0,869.72,411.18,1.0,444.56,641.31,0.97,918.5,658.67,0.992,469.98,903.63,0.728,946.92,934.69,0.88,592.73,935.19,1.0,777.22,939.57,1.0,534.5,1289.9,0.99,820.94,1321.4,0.988,502.0,1643.84,0.985,816.67,1668.76,0.977,509.93,1708.45,0.984,802.09,1737.4,0.973,460.15,1637.3,0.86,844.44,1660.16,0.803,posterior,708.5689363868919,411.6358040634187,False,690.074996077658,842.0052554796439,654.1509741231316
76,2533,720.69,255.2,1.0,549.7,399.7,1.0,872.53,398.7,1.0,442.94,625.72,0.982,920.38,639.01,0.992,459.35,887.76,0.797,953.22,906.71,0.857,595.39,927.97,1.0,777.83,932.79,1.0,539.19,1288.32,0.99,818.32,1322.24,0.991,501.18,1644.12,0.985,816.63,1668.84,0.979,508.26,1708.91,0.985,802.07,1738.28,0.977,460.57,1637.54,0.854,844.69,1660.92,0.809,posterior,711.1101990132961,399.19977341359447,False,691.6987995756173,833.9577711102511,653.8984852187948
77,2566,719.83,243.76,1.0,553.11,389.23,1.0,876.2,389.59,1.0,442.37,606.97,0.985,923.47,625.59,0.993,447.51,865.68,0.838,957.79,886.66,0.829,597.87,925.71,1.0,778.55,931.51,1.0,541.63,1289.41,0.993,814.72,1320.21,0.993,500.14,1644.76,0.988,816.63,1668.84,0.983,506.91,1709.82,0.989,802.07,1738.6,0.983,461.39,1638.05,0.842,844.69,1660.92,0.82,posterior,714.6523636419242,389.40871171071103,False,693.460824481959,828.8629716167173,653.7652320712067
78,2600,719.28,236.55,1.0,556.23,382.07,1.0,878.81,380.25,1.0,443.49,597.34,0.991,926.28,614.13,0.993,438.06,855.12,0.898,958.78,867.9,0.805,599.0,916.33,1.0,777.62,924.4,1.0,543.52,1286.37,0.99,812.43,1317.29,0.993,498.51,1645.42,0.985,816.63,1668.9,0.983,503.21,1710.0,0.986,802.16,1738.79,0.981,463.47,1638.84,0.842,844.96,1661.25,0.837,posterior,717.5241284241454,381.15877207874115,False,694.5218756673743,821.8253886822865,653.4495343887455
79,2633,719.73,234.26,1.0,557.29,378.57,1.0,879.17,373.43,1.0,443.93,593.0,0.989,929.34,604.67,0.995,433.22,847.05,0.89,960.25,849.35,0.847,598.95,912.48,1.0,776.63,920.04,1.0,545.3,1285.12,0.985,810.47,1315.72,0.989,496.61,1646.33,0.977,816.61,1669.05,0.975,499.1,1710.49,0.979,802.15,1739.19,0.975,466.2,1640.49,0.8,845.22,1661.76,0.81,posterior,718.2292236298857,376.00049332728753,False,694.6080466910582,817.8910757429809,653.1662022642156
80,2666,721.7,230.96,1.0,559.77,373.48,1.0,879.78,368.67,1.0,445.74,586.85,0.988,929.04,598.74,0.995,431.18,829.1,0.903,961.61,834.79,0.88,600.19,907.68,1.0,776.96,916.25,1.0,548.75,1282.48,0.988,810.24,1314.61,0.992,496.0,1646.78,0.98,816.59,1669.11,0.982,497.07,1710.75,0.982,802.19,1739.12,0.981,468.61,1640.81,0.805,845.82,1662.12,0.841,posterior,719.7749622421328,371.0737193324741,False,695.717613656385,813.9271660892573,653.4245778218916
81,2700,722.83,229.55,1.0,562.47,369.65,1.0,880.99,366.09,1.0,447.49,581.31,0.991,931.17,596.52,0.996,430.41,821.86,0.883,962.49,829.83,0.867,600.78,905.22,1.0,777.19,913.88,1.0,550.26,1281.41,0.993,809.15,1313.67,0.995,495.8,1647.59,0.989,816.6,1669.11,0.987,496.43,1711.05,0.989,802.65,1738.88,0.986,469.85,1640.95,0.858,845.68,1662.77,0.861,posterior,721.7320523430187,367.87289462332706,False,696.6912295405189,811.5454381704232,653.6501818578499
82,2733,722.7,227.0,1.0,563.57,369.13,1.0,881.69,364.24,1.0,450.37,580.54,0.992,932.81,596.08,0.995,429.49,816.77,0.912,963.78,828.89,0.846,601.64,903.55,1.0,778.5,913.48,1.0,550.99,1280.32,0.996,808.59,1311.9,0.996,495.41,1647.59,0.99,816.57,1669.21,0.987,495.75,1711.05,0.991,802.8,1739.05,0.987,470.83,1640.95,0.852,845.91,1663.31,0.833,posterior,722.6291636329651,366.6811546143818,False,697.550582989114,810.4865232685154,653.8230732141891
83,2766,723.77,222.31,1.0,564.79,366.45,1.0,882.06,365.07,1.0,451.38,581.36,0.992,933.61,599.24,0.997,429.5,815.06,0.873,965.25,835.7,0.903,601.5,897.33,1.0,778.05,905.81,1.0,550.49,1278.09,0.993,806.76,1310.35,0.994,495.15,1647.69,0.988,816.57,1669.27,0.986,494.71,1710.93,0.989,803.1,1738.93,0.986,472.99,1641.34,0.857,846.56,1663.31,0.862,posterior,723.42801762315,365.7595306562612,False,697.5756351576151,807.4006047170076,654.3415150717287
84,2800,724.5,224.23,1.0,563.75,370.59,1.0,882.76,367.78,1.0,452.26,587.63,0.988,934.22,603.52,0.993,429.29,825.35,0.863,966.21,843.86,0.857,603.77,901.71,1.0,778.72,910.16,0.999,550.39,1279.51,0.992,805.49,1311.51,0.992,494.35,1648.21,0.987,816.54,1669.38,0.98,493.82,1711.25,0.988,802.95,1739.18,0.978,473.15,1642.02,0.855,846.56,1663.9,0.814,posterior,723.258201650769,369.1855265105961,False,697.9839300299827,810.771176788958,654.1191853155846
85,2833,724.97,225.34,1.0,563.09,374.38,1.0,883.63,371.01,1.0,451.36,594.0,0.993,936.63,609.2,0.994,429.55,832.53,0.852,966.75,850.71,0.862,606.82,904.48,1.0,780.34,913.06,0.999,548.76,1279.57,0.994,806.94,1311.97,0.99,494.23,1648.9,0.986,816.54,1669.5,0.976,494.21,1711.76,0.986,803.11,1739.5,0.977,472.9,1642.02,0.836,846.9,1663.98,0.768,posterior,723.359466223942,372.6948425412295,False,698.9221825394021,813.4850899009773,654.2806144400857
86,2866,724.89,228.85,1.0,563.31,379.02,1.0,884.67,375.62,1.0,449.64,599.68,0.987,938.53,614.53,0.993,431.19,843.62,0.826,965.71,861.24,0.881,607.23,906.55,1.0,780.11,914.45,0.999,547.06,1278.7,0.988,809.02,1311.07,0.985,494.08,1649.35,0.978,816.55,1669.44,0.966,494.21,1712.52,0.979,803.23,1739.5,0.965,472.9,1641.86,0.822,847.38,1663.91,0.76,posterior,723.9935584215891,377.31846624913015,False,699.2064952609835,815.9334142733506,654.4298365221086
87,2900,725.76,232.39,1.0,562.46,385.63,1.0,884.85,382.28,1.0,447.53,612.54,0.989,940.88,629.58,0.993,434.33,858.18,0.68,964.18,872.59,0.838,607.85,908.72,1.0,781.11,916.47,0.999,542.54,1279.64,0.991,810.49,1311.41,0.981,493.93,1649.86,0.982,816.62,1669.4,0.966,494.46,1712.82,0.981,804.28,1739.4,0.96,472.47,1641.86,0.84,847.32,1663.91,0.759,posterior,723.6545953498368,383.9552816256652,False,699.1530066436408,819.9999567620879,654.6332677317415
88,2933,724.55,241.58,1.0,562.18,400.84,1.0,885.28,397.37,1.0,443.86,628.99,0.989,945.0,651.28,0.993,442.81,867.97,0.693,961.53,886.68,0.842,606.24,915.25,1.0,780.7,921.77,0.999,539.7,1280.65,0.987,812.19,1312.48,0.98,493.74,1649.76,0.978,816.69,1669.39,0.964,494.57,1713.05,0.976,804.55,1739.4,0.961,472.32,1641.81,0.825,847.43,1663.91,0.773,posterior,723.7271150361498,399.10238965593265,False,698.7208039623542,828.7684453360569,654.7180485243234
89,2966,724.21,265.52,1.0,561.35,426.18,1.0,883.52,418.43,1.0,439.71,655.63,0.985,951.0,669.97,0.993,458.95,881.42,0.672,955.8,898.66,0.789,605.24,927.28,0.999,780.01,931.28,0.999,538.74,1281.32,0.974,816.6,1312.58,0.969,493.58,1649.54,0.962,816.69,1669.38,0.943,494.57,1712.96,0.964,804.55,1739.37,0.944,472.68,1642.1,0.78,847.53,1664.67,0.718,posterior,722.4388504258072,422.3059393976778,False,698.2974208470271,842.2240425493162,654.8316507300065
90,3000,724.48,295.41,1.0,557.94,459.45,1.0,881.93,449.02,1.0,433.16,691.53,0.987,957.47,702.82,0.988,469.86,889.54,0.55,944.89,916.14,0.644,602.89,940.44,0.999,779.79,943.58,0.999,535.82,1283.26,0.968,819.69,1314.54,0.957,493.2,1649.54,0.938,816.68,1669.39,0.91,494.34,1713.14,0.921,804.32,1739.4,0.905,472.57,1642.1,0.711,848.05,1665.46,0.658,posterior,719.9339737995806,454.23122716621066,False,696.9638929753904,860.3999940760693,654.81814572362
91,3033,727.29,329.43,0.999,556.27,495.06,1.0,880.13,481.5,1.0,428.94,730.97,0.968,962.5,735.51,0.979,485.11,892.73,0.312,932.96,927.28,0.483,601.53,963.18,0.999,779.09,967.45,0.999,533.19,1284.87,0.971,822.55,1317.45,0.961,493.32,1649.45,0.935,816.66,1669.25,0.91,494.46,1712.98,0.925,804.27,1739.37,0.91,472.52,1642.05,0.686,848.25,1665.64,0.647,posterior,718.2017378632006,488.2833962893343,False,696.0358213333266,883.4177203314988,654.8727742254044
92,3066,727.03,365.42,0.999,553.51,530.95,1.0,879.45,528.33,1.0,427.55,763.38,0.981,967.56,780.31,0.951,498.6,895.16,0.33,914.2,928.5,0.194,599.74,988.64,0.999,779.57,994.9,0.999,529.9,1285.93,0.966,822.7,1322.48,0.945,493.12,1649.4,0.925,816.63,1669.25,0.898,494.5,1712.9,0.907,804.25,1739.37,0.888,472.45,1642.01,0.681,848.91,1665.81,0.622,posterior,716.4819348772784,529.6391372567506,False,695.0656254973416,910.3927537668819,655.0245198092281
93,3100,727.45,394.03,1.0,552.07,565.43,1.0,878.7,572.78,1.0,427.05,796.8,0.966,969.82,817.97,0.939,515.49,900.72,0.163,887.27,926.62,0.155,597.63,1012.34,0.999,779.61,1023.76,0.999,525.38,1289.71,0.975,826.6,1325.43,0.951,493.12,1649.23,0.909,816.6,1669.15,0.895,494.51,1712.89,0.894,804.18,1739.37,0.885,472.08,1641.55,0.553,849.13,1665.52,0.54,posterior,715.3839740745084,569.1060290831763,False,694.3111420159278,936.5069523580161,654.9767796775711
94,3133,724.95,432.87,1.0,551.23,602.77,1.0,876.72,613.73,0.999,428.65,834.59,0.936,969.55,855.64,0.93,523.83,901.28,0.073,872.1,920.29,0.111,597.01,1045.73,0.999,780.39,1054.87,0.999,523.52,1300.87,0.968,831.62,1333.02,0.944,493.24,1649.14,0.89,816.6,1668.98,0.881,495.15,1712.89,0.89,804.22,1739.31,0.863,470.78,1641.29,0.534,849.03,1665.64,0.49,posterior,713.974820809497,608.2481299969493,False,694.1608152851281,965.8541217788572,590.0514108244602
95,3166,719.0,471.19,0.999,550.49,640.34,0.999,875.17,650.72,0.999,430.02,875.3,0.918,969.58,891.23,0.916,534.71,909.63,0.058,859.41,919.01,0.1,595.84,1075.45,0.999,781.33,1083.85,0.999,518.47,1306.64,0.956,833.74,1340.83,0.926,493.24,1649.06,0.867,816.6,1668.58,0.871,495.64,1712.89,0.863,804.24,1739.23,0.838,469.93,1640.89,0.544,848.84,1665.59,0.519,posterior,712.8303048861676,645.5322971664207,False,693.5398462248576,993.0872523592714,654.6649901026624
96,3200,717.94,506.35,0.999,550.15,672.41,0.999,873.37,690.45,0.998,431.99,910.95,0.88,968.56,931.28,0.781,537.41,905.39,0.041,853.45,916.77,0.05,595.29,1094.04,0.999,781.51,1104.41,0.999,515.15,1314.62,0.925,834.77,1348.6,0.841,493.26,1649.03,0.864,816.61,1668.35,0.839,496.45,1712.89,0.879,804.26,1738.87,0.784,468.48,1640.51,0.6,848.44,1665.52,0.525,posterior,711.7592970689949,681.4289747104854,False,692.9572163682816,1016.3462152510673,654.407497927585
97,3233,717.2,545.81,0.998,551.47,704.9,0.999,870.75,723.86,0.997,438.33,944.35,0.806,967.15,966.9,0.659,552.77,903.82,0.028,855.81,914.55,0.037,593.93,1113.04,0.998,781.64,1128.2,0.998,515.37,1320.72,0.929,836.42,1353.17,0.876,493.27,1649.03,0.863,816.61,1668.01,0.882,497.0,1712.89,0.858,804.24,1738.87,0.807,467.38,1640.35,0.568,848.14,1665.45,0.574,posterior,711.1098007747594,714.3774151852125,False,692.8130263659831,1038.6590399732809,654.1903610032568
98,3266,715.0,584.77,1.0,551.45,746.86,1.0,866.78,758.36,0.999,440.09,982.64,0.971,966.63,1002.55,0.899,547.74,901.85,0.191,859.88,909.51,0.124,592.49,1137.21,0.999,781.61,1156.51,1.0,509.27,1325.05,0.96,838.51,1361.82,0.963,493.27,1648.89,0.974,816.58,1668.16,0.99,497.57,1712.75,0.971,804.21,1738.95,0.988,464.94,1639.88,0.842,848.07,1665.05,0.915,posterior,709.1143635256678,752.6109489131644,False,691.5790524222231,1064.9399811618937,653.6963223555805
99,3300,712.58,620.85,0.999,552.17,777.65,1.0,863.52,789.42,0.999,444.98,1008.5,0.983,962.79,1027.78,0.911,547.85,898.94,0.382,860.09,911.93,0.173,592.04,1158.17,1.0,781.26,1179.45,1.0,506.75,1335.53,0.951,839.82,1376.26,0.924,493.27,1648.59,0.947,816.59,1667.93,0.975,497.79,1712.14,0.941,804.21,1738.34,0.968,462.69,1639.63,0.779,847.66,1665.05,0.883,posterior,707.8441873540537,783.5343680858822,False,690.9342057978263,1087.3227717463162,653.0887797747424
100,3333,709.8,646.06,0.999,551.7,808.68,1.0,858.5,811.68,0.999,451.25,1028.98,0.96,952.66,1041.73,0.848,549.61,910.82,0.21,851.95,923.98,0.098,591.71,1182.22,1.0,780.96,1198.56,1.0,506.31,1357.25,0.845,841.55,1386.29,0.822,493.27,1648.48,0.859,816.59,1667.88,0.912,498.15,1712.14,0.862,804.21,1737.74,0.906,462.06,1639.19,0.657,847.88,1664.53,0.758,posterior,705.1026450445524,810.1799918239931,False,689.862481061202,1108.1291541642927,653.0761747815434
101,3366,702.71,673.41,0.999,550.8,833.72,1.0,853.59,838.26,0.999,458.92,1051.76,0.971,940.79,1064.43,0.889,552.71,941.6,0.262,847.72,944.72,0.127,591.45,1198.57,1.0,781.22,1216.38,1.0,502.04,1366.56,0.899,839.03,1398.36,0.871,493.27,1648.31,0.916,816.59,1667.88,0.96,498.52,1711.96,0.915,804.11,1737.2,0.955,460.73,1638.66,0.737,847.7,1664.01,0.853,posterior,702.1945335558166,835.9865295059557,False,688.1945580899489,1126.4939196114565,652.7644325435525
102,3400,698.72,701.09,1.0,549.21,856.11,1.0,846.64,860.08,1.0,465.77,1067.58,0.928,922.44,1075.28,0.765,563.56,971.02,0.106,836.43,986.69,0.059,589.12,1209.85,1.0,780.32,1225.15,1.0,490.8,1369.69,0.953,841.66,1399.58,0.919,493.29,1648.19,0.972,816.58,1667.93,0.98,498.52,1711.8,0.969,803.54,1737.0,0.982,460.28,1638.41,0.829,847.7,1663.75,0.859,posterior,697.9243708722913,858.0926394452089,False,685.0731590163596,1138.9836703182423,652.5118101079136
103,3433,696.55,721.28,1.0,547.41,880.12,1.0,843.75,882.66,1.0,469.51,1088.42,0.971,909.26,1098.14,0.785,566.26,982.89,0.393,829.37,1016.78,0.111,586.88,1228.62,1.0,780.64,1245.81,1.0,481.17,1374.18,0.919,844.26,1404.62,0.843,493.29,1647.92,0.974,816.57,1667.93,0.981,498.44,1710.65,0.979,802.85,1737.0,0.988,459.67,1638.5,0.869,847.67,1663.85,0.89,posterior,695.5812858979034,881.3933567447714,False,683.0472265285911,1156.4727748189175,652.1591095824375
104,3466,693.22,745.84,1.0,546.21,900.07,1.0,843.86,903.37,1.0,471.67,1112.85,0.977,902.04,1115.58,0.833,569.97,1033.4,0.285,825.55,1039.78,0.135,586.06,1241.18,1.0,779.16,1256.43,1.0,468.33,1373.04,0.978,849.49,1410.75,0.932,493.35,1647.51,0.996,816.55,1667.93,0.996,499.34,1709.11,0.996,802.85,1736.51,0.998,458.45,1638.65,0.955,847.48,1664.01,0.952,posterior,695.03311764245,901.7191175847763,False,681.658069693244,1169.47703849886,652.0295298128666
105,3500,690.48,766.33,1.0,545.13,914.31,1.0,841.8,920.64,1.0,474.26,1127.65,0.976,896.76,1121.46,0.786,574.17,1045.26,0.338,825.04,1042.16,0.12,584.18,1252.57,1.0,776.84,1267.04,1.0,473.41,1370.65,0.932,846.52,1415.28,0.888,493.35,1647.51,0.977,816.47,1667.95,0.989,499.81,1708.58,0.98,802.51,1736.19,0.994,457.7,1638.69,0.866,846.71,1664.06,0.916,posterior,693.4644581632808,917.4741539167013,False,680.416232795424,1179.803163729431,651.68545737641
106,3533,690.69,780.89,1.0,543.42,926.9,1.0,841.81,941.43,1.0,479.12,1141.58,0.96,894.5,1144.56,0.682,578.77,1045.03,0.444,823.8,1052.56,0.138,581.78,1272.46,1.0,774.61,1287.45,1.0,473.89,1365.77,0.842,841.06,1413.42,0.603,493.4,1647.58,0.947,816.41,1667.95,0.957,500.42,1708.58,0.968,802.43,1735.68,0.979,457.41,1638.9,0.812,845.71,1665.6,0.849,posterior,692.6184335292389,934.1624063184645,False,678.9470638535141,1193.6989853387431,651.4925536161408
107,3566,690.34,790.52,1.0,541.62,937.85,1.0,840.8,954.65,1.0,479.75,1148.14,0.959,894.06,1160.16,0.664,577.72,1054.06,0.372,821.79,1072.19,0.103,578.95,1284.83,1.0,772.29,1302.7,1.0,472.44,1364.32,0.908,840.74,1413.06,0.71,493.44,1647.51,0.983,816.23,1667.95,0.98,501.06,1708.58,0.989,801.9,1735.2,0.993,456.33,1639.22,0.88,845.34,1667.51,0.879,posterior,691.2111578531865,946.2526581399177,False,677.3619419785277,1203.560927347484,651.1569271372479
108,3600,689.91,796.79,1.0,539.32,941.19,1.0,839.48,961.74,1.0,480.0,1155.87,0.919,892.75,1161.45,0.665,582.82,1054.29,0.114,818.78,1075.04,0.061,575.74,1294.14,1.0,769.16,1311.16,1.0,470.35,1364.32,0.937,842.05,1412.07,0.826,493.46,1647.51,0.983,815.99,1667.95,0.984,501.72,1708.58,0.986,801.69,1734.55,0.992,454.69,1639.55,0.882,845.53,1666.88,0.887,posterior,689.3958601704544,951.4629803304138,False,675.4546799536996,1208.8790243791007,650.9063932224407
109,3633,688.4,800.53,1.0,539.11,946.29,1.0,838.94,964.43,1.0,479.39,1158.15,0.952,891.92,1160.5,0.673,582.62,1055.95,0.251,819.76,1077.35,0.076,575.29,1299.28,1.0,767.79,1316.27,1.0,470.16,1363.88,0.897,839.56,1416.25,0.772,493.46,1647.46,0.977,815.52,1668.14,0.98,501.72,1708.58,0.983,800.85,1734.55,0.992,453.72,1639.77,0.866,844.94,1666.73,0.877,posterior,689.0264031611509,955.3603071499288,False,674.7103565454354,1212.4739309746449,650.3071633254436
110,3666,686.85,798.69,1.0,536.23,943.48,1.0,837.29,964.22,1.0,476.28,1163.7,0.956,894.01,1162.69,0.651,582.4,1089.86,0.12,819.75,1088.13,0.055,573.16,1301.4,1.0,766.3,1316.8,1.0,469.08,1362.91,0.911,840.08,1416.66,0.733,493.51,1647.46,0.976,815.13,1668.21,0.975,502.42,1708.58,0.983,800.34,1734.36,0.991,452.12,1640.43,0.836,844.11,1666.64,0.843,posterior,686.7584318691165,953.8500720435788,False,673.172784879166,1212.6645705791748,649.7485962250016
111,3699,686.24,793.4,1.0,534.43,944.62,1.0,835.41,959.44,1.0,473.36,1162.0,0.977,895.21,1158.9,0.642,577.49,1088.2,0.366,820.84,1092.29,0.086,570.67,1302.23,1.0,766.27,1318.88,1.0,466.3,1368.11,0.851,837.83,1414.68,0.598,493.51,1647.46,0.967,814.67,1668.21,0.961,502.61,1708.58,0.98,799.64,1734.46,0.984,451.78,1641.2,0.838,844.11,1666.62,0.843,posterior,684.9201628869384,952.0290642848946,False,671.6016640203294,1212.6699645853641,649.5356526438719
112,3733,682.92,787.43,1.0,532.37,939.02,1.0,833.47,953.57,1.0,471.03,1153.87,0.972,896.05,1153.12,0.703,571.51,1073.74,0.404,821.63,1085.3,0.108,567.72,1294.53,1.0,764.9,1311.99,1.0,466.2,1375.02,0.737,833.1,1414.46,0.592,493.49,1647.48,0.903,814.07,1668.37,0.936,502.61,1708.65,0.934,798.58,1734.5,0.968,451.78,1641.47,0.7,844.27,1666.62,0.79,posterior,682.9198798296052,946.2959450705795,False,669.6590498228875,1208.0745154700119,649.3126260216028
113,3766,680.17,780.46,1.0,528.79,930.68,1.0,830.77,944.87,1.0,467.97,1149.42,0.94,897.28,1147.93,0.746,563.64,1071.86,0.308,822.19,1082.25,0.153,564.14,1289.55,1.0,762.25,1305.17,1.0,468.93,1379.38,0.785,832.74,1415.6,0.589,493.49,1647.56,0.934,813.78,1668.55,0.937,502.61,1708.68,0.957,798.39,1734.5,0.971,452.15,1641.97,0.802,843.65,1666.8,0.831,posterior,679.7812858454465,937.7769083182746,False,667.5473189767961,1203.0995281895903,649.1998378133378
114,3800,677.99,766.61,1.0,525.33,921.97,1.0,825.92,929.84,1.0,465.38,1145.57,0.945,896.79,1140.51,0.758,562.85,1075.55,0.188,818.53,1082.82,0.12,562.08,1283.11,1.0,760.5,1295.74,1.0,469.39,1377.58,0.737,832.01,1416.71,0.622,493.48,1647.61,0.862,813.36,1668.64,0.912,502.43,1708.53,0.895,797.89,1734.33,0.931,452.34,1642.18,0.677,843.95,1666.83,0.787,posterior,675.62550299278,925.9074906751076,False,665.2825505474689,1195.6714705734244,649.1504772446954
115,3833,674.58,744.06,1.0,523.54,904.5,1.0,821.79,906.52,1.0,460.46,1136.47,0.843,895.54,1125.14,0.744,563.35,1079.95,0.113,814.05,1079.41,0.125,560.86,1264.33,1.0,757.89,1272.97,1.0,469.7,1376.81,0.844,829.56,1415.43,0.759,493.48,1647.57,0.917,813.27,1668.68,0.943,502.43,1708.32,0.931,797.89,1734.12,0.953,452.42,1642.02,0.724,844.03,1666.75,0.795,posterior,672.6646057220696,905.5079970459303,False,663.1856588552597,1179.9854703024691,649.1916820141483
116,3866,674.61,716.75,1.0,523.54,873.31,1.0,820.52,882.68,0.999,456.64,1112.17,0.814,897.54,1111.09,0.708,554.04,1075.77,0.114,810.06,1071.75,0.112,559.38,1239.6,1.0,755.28,1248.86,1.0,477.1,1379.98,0.843,827.21,1414.61,0.735,493.48,1647.63,0.857,813.0,1668.83,0.882,502.39,1708.23,0.871,797.8,1734.12,0.88,452.27,1641.87,0.659,844.03,1666.59,0.713,posterior,672.0306944079822,877.9953492779016,False,662.5384797880348,1160.4213878977039,649.1234805792394
117,3900,674.47,686.27,0.999,523.12,843.53,1.0,821.69,852.46,0.999,450.91,1081.45,0.919,902.31,1098.29,0.686,543.44,1039.91,0.18,808.9,1046.0,0.101,554.74,1217.75,1.0,751.58,1231.0,1.0,479.38,1381.66,0.733,823.14,1409.19,0.604,493.47,1647.69,0.767,812.79,1669.02,0.805,502.37,1708.23,0.809,797.3,1733.89,0.841,452.36,1641.81,0.558,844.04,1666.36,0.644,posterior,672.4070585880744,847.9948557470337,False,660.9238795225713,1141.070285994681,649.0188286006039
118,3933,673.98,652.36,0.999,523.07,810.35,1.0,822.77,825.32,0.999,446.23,1050.21,0.909,904.86,1077.17,0.836,533.89,1014.79,0.098,805.77,1038.34,0.097,551.49,1193.39,1.0,746.7,1209.32,1.0,487.86,1378.54,0.918,820.74,1402.91,0.897,493.42,1647.75,0.895,812.53,1669.2,0.916,502.31,1708.23,0.899,797.3,1734.02,0.897,452.4,1641.78,0.673,844.11,1665.75,0.709,posterior,672.9205726442415,817.8348869555243,False,659.9794596200531,1119.7353221069147,649.0315177698684
119,3966,674.35,619.62,1.0,523.23,770.34,1.0,822.12,784.97,1.0,443.45,1010.11,0.948,905.61,1040.6,0.894,513.44,1013.15,0.097,808.08,1041.18,0.095,551.7,1163.01,1.0,743.42,1175.6,1.0,496.03,1374.97,0.964,820.47,1398.01,0.923,493.36,1647.8,0.897,812.35,1669.14,0.882,502.23,1708.27,0.894,797.47,1734.02,0.868,452.39,1641.77,0.569,844.11,1665.49,0.544,posterior,672.6783588512441,777.6552593138397,False,659.8809762577865,1090.8854459532315,649.0528324061169
120,4000,674.41,583.69,1.0,522.59,734.57,1.0,822.28,742.11,1.0,439.02,972.98,0.971,904.66,994.42,0.955,498.11,1012.78,0.213,817.21,1050.08,0.225,552.77,1139.0,1.0,742.56,1146.28,1.0,496.65,1364.23,0.974,820.42,1388.61,0.966,493.34,1647.92,0.909,812.1,1669.68,0.92,502.23,1708.44,0.898,797.39,1734.36,0.918,452.29,1641.69,0.61,844.36,1665.01,0.594,posterior,672.4373052168645,738.343315726901,False,659.7005383054835,1063.2217713416735,649.0712790247705
121,4033,672.9,550.36,1.0,521.01,698.37,1.0,824.01,704.85,1.0,432.12,934.64,0.973,903.59,960.69,0.958,495.45,1015.48,0.21,826.83,1069.24,0.266,552.11,1113.63,1.0,740.62,1119.46,0.999,496.01,1356.7,0.979,820.53,1382.79,0.968,493.22,1648.0,0.93,812.0,1669.78,0.934,502.19,1709.11,0.916,797.39,1734.67,0.931,452.29,1641.54,0.648,844.75,1664.37,0.638,posterior,672.5093114808387,701.6123895036496,False,658.9299032008664,1037.5447230534003,649.1554189300201
122,4066,674.71,515.18,1.0,519.54,667.33,1.0,824.41,670.49,1.0,423.53,898.9,0.971,901.37,931.28,0.969,481.51,1020.03,0.358,842.52,1089.45,0.605,550.2,1089.27,1.0,737.5,1095.85,1.0,496.63,1346.31,0.964,821.88,1375.61,0.941,492.79,1648.04,0.918,812.06,1669.78,0.901,501.78,1709.4,0.899,797.39,1734.58,0.904,452.44,1641.44,0.697,845.13,1663.85,0.652,posterior,671.9763010487766,668.9077596527927,False,657.6014398662586,1013.9063810331819,649.1872937598918
123,4100,674.43,474.86,1.0,517.78,630.89,1.0,824.87,633.92,1.0,419.88,861.17,0.963,897.86,891.89,0.976,465.56,1024.9,0.519,863.73,1096.78,0.747,547.6,1067.33,1.0,734.21,1072.92,0.999,497.65,1338.72,0.949,822.71,1376.91,0.924,492.3,1648.19,0.909,811.95,1670.14,0.887,501.11,1709.4,0.886,797.31,1734.95,0.896,453.18,1641.36,0.657,846.87,1663.85,0.601,posterior,671.3209183781545,632.4078949301525,False,656.1714442676446,990.0905957314676,649.6193762365959
124,4133,675.29,441.71,1.0,516.38,596.83,1.0,825.6,602.16,1.0,417.27,825.6,0.923,896.73,867.54,0.974,447.09,1028.44,0.601,884.64,1096.75,0.834,547.68,1048.58,1.0,733.41,1053.41,1.0,496.14,1333.32,0.937,822.2,1375.18,0.907,491.76,1648.53,0.931,811.75,1670.61,0.888,499.74,1709.57,0.898,797.16,1735.68,0.874,453.79,1641.54,0.79,847.83,1664.06,0.685,posterior,670.988637835318,599.4980022695738,False,655.6173229587048,969.2342933214356,649.6325414651271
125,4166,676.79,410.11,1.0,513.13,557.64,1.0,826.03,558.9,1.0,416.04,787.54,0.837,895.98,839.11,0.967,427.66,1024.63,0.55,900.73,1090.24,0.782,542.61,1025.93,0.999,731.13,1030.02,0.999,496.92,1329.42,0.958,820.24,1365.23,0.96,491.14,1649.01,0.942,811.41,1671.34,0.924,497.91,1709.63,0.935,796.17,1736.29,0.924,455.28,1641.74,0.755,850.77,1664.15,0.681,posterior,669.5769532494535,558.2703808129553,False,653.5708771940729,943.3490432297441,650.0340178910051
126,4200,677.44,386.11,1.0,509.58,528.14,1.0,825.33,517.66,1.0,412.44,752.55,0.912,894.37,795.62,0.984,410.47,1010.22,0.586,909.98,1074.87,0.853,542.83,1009.21,1.0,731.51,1007.55,1.0,498.01,1327.93,0.984,817.43,1363.47,0.98,490.56,1649.66,0.973,811.01,1672.35,0.957,496.61,1709.76,0.971,795.44,1736.58,0.961,455.61,1642.63,0.821,850.52,1664.71,0.74,posterior,667.4578140767594,522.8994817886078,False,652.6271331033213,921.2167211419273,649.5463077220503
127,4233,677.01,356.41,1.0,505.63,501.93,1.0,825.0,486.67,1.0,407.09,721.67,0.949,889.61,748.93,0.991,393.27,979.72,0.666,917.15,1036.38,0.906,543.17,992.28,1.0,732.31,984.06,1.0,498.36,1315.21,0.995,814.52,1356.27,0.991,489.7,1649.92,0.991,810.93,1673.07,0.984,494.83,1709.76,0.99,795.44,1737.94,0.983,456.1,1643.6,0.883,850.2,1665.23,0.825,posterior,665.313427809741,494.2989297613557,False,651.5520107784441,899.8267565840159,649.1411212449201
128,4266,677.3,333.54,1.0,502.62,479.32,1.0,825.52,468.68,1.0,401.45,696.0,0.977,885.37,718.99,0.993,377.04,955.65,0.793,920.14,992.73,0.895,543.38,975.28,1.0,731.2,969.04,1.0,499.48,1307.41,0.995,811.81,1345.31,0.992,488.77,1650.38,0.991,810.58,1675.09,0.984,493.17,1710.44,0.99,795.44,1739.9,0.98,456.1,1644.2,0.883,850.0,1665.23,0.827,posterior,664.0686030197558,474.0000036299624,False,650.4721440422461,883.6884196937173,648.6765118645901
129,4300,678.42,312.98,1.0,500.91,457.26,1.0,826.1,447.47,1.0,396.55,671.04,0.974,882.11,688.96,0.994,365.08,928.41,0.78,921.75,957.58,0.894,544.41,957.29,1.0,729.81,952.4,1.0,500.53,1297.5,0.991,806.87,1331.16,0.99,487.99,1650.68,0.985,810.4,1676.07,0.98,490.41,1710.58,0.981,795.57,1740.36,0.971,457.67,1644.94,0.875,850.08,1666.4,0.835,posterior,663.5056946551094,452.3672831467631,False,649.6078208366133,866.1671590970552,648.4296863021062
130,4333,678.56,288.58,1.0,500.69,435.19,1.0,825.55,428.95,1.0,393.54,651.76,0.984,879.89,664.65,0.995,357.98,903.44,0.8,921.58,927.64,0.896,544.88,942.43,1.0,728.54,938.35,1.0,500.74,1291.44,0.994,801.42,1323.07,0.992,487.16,1650.8,0.988,810.16,1676.84,0.984,488.38,1710.65,0.984,795.66,1740.46,0.976,457.67,1645.14,0.882,849.96,1669.06,0.85,posterior,663.1195285818394,432.06932996746156,False,648.7053217113386,851.3234734663763,647.9150903290657
131,4366,678.0,275.97,1.0,501.69,417.24,1.0,825.01,412.08,1.0,389.26,630.42,0.983,877.06,644.48,0.993,357.81,878.12,0.764,917.69,897.55,0.853,545.67,933.95,1.0,728.53,929.47,1.0,502.69,1290.81,0.994,792.93,1324.09,0.993,486.55,1651.65,0.988,809.58,1677.71,0.985,487.66,1711.77,0.988,795.2,1742.22,0.985,457.67,1646.3,0.828,850.04,1669.97,0.814,posterior,663.353359805754,414.6577378077551,False,648.1422172962278,840.8811816357958,647.6437588522808
132,4400,677.83,266.59,1.0,502.92,406.31,1.0,823.78,397.48,1.0,387.79,616.23,0.983,872.82,628.9,0.994,358.27,861.92,0.792,914.98,879.14,0.872,545.24,923.79,1.0,725.87,919.88,1.0,506.12,1286.1,0.994,785.28,1318.56,0.995,485.61,1652.04,0.988,809.17,1678.3,0.989,486.15,1712.51,0.989,794.39,1744.44,0.989,458.03,1646.9,0.84,850.42,1671.04,0.858,posterior,663.347245433744,401.8922623012309,False,646.9965932254385,831.0810171299458,647.2499502460605
133,4433,677.66,260.43,1.0,502.87,400.97,1.0,821.1,386.77,1.0,387.73,606.29,0.97,866.31,616.28,0.994,360.74,853.47,0.747,912.53,868.81,0.891,546.64,919.76,1.0,726.48,913.82,1.0,510.23,1282.51,0.991,781.14,1320.97,0.992,484.62,1652.19,0.982,808.96,1679.47,0.981,485.17,1712.99,0.983,794.07,1747.2,0.983,458.31,1647.8,0.795,850.34,1672.86,0.805,posterior,661.986743433319,393.87096340018763,False,646.6578274217741,825.674883828396,646.973758185062
134,4466,677.36,256.04,1.0,503.33,393.11,1.0,818.98,379.73,1.0,388.2,605.16,0.973,860.88,610.12,0.994,365.13,850.04,0.781,910.02,862.31,0.896,547.37,915.81,1.0,726.21,909.98,1.0,517.02,1279.53,0.992,775.11,1316.48,0.993,483.68,1652.19,0.984,808.63,1679.89,0.985,483.88,1713.48,0.986,793.48,1748.61,0.987,458.72,1648.26,0.804,850.4,1673.14,0.841,posterior,661.1514124004528,386.4186532043827,False,646.320999892103,820.8587887374138,646.620707200417
135,4500,676.54,248.69,1.0,503.82,386.65,1.0,818.55,375.01,1.0,389.4,604.34,0.975,858.16,608.13,0.992,369.65,849.81,0.857,906.7,861.67,0.902,549.83,914.3,1.0,726.34,909.82,1.0,520.55,1277.47,0.992,771.36,1314.91,0.993,483.12,1652.19,0.986,808.14,1680.27,0.986,483.49,1713.66,0.988,792.87,1750.01,0.987,459.06,1648.26,0.833,850.4,1674.23,0.845,posterior,661.1840782104383,380.830134841132,False,646.7211719823695,818.2745893100285,646.4545523352622
136,4533,676.44,246.2,1.0,503.09,386.29,1.0,816.48,369.49,1.0,390.11,603.35,0.964,856.39,603.72,0.992,373.65,851.28,0.71,903.29,863.72,0.887,551.88,914.2,1.0,726.95,910.49,1.0,523.11,1277.47,0.989,770.88,1312.98,0.989,482.43,1652.38,0.981,807.74,1680.66,0.978,482.99,1714.0,0.982,792.49,1751.14,0.98,459.23,1648.84,0.802,850.71,1675.14,0.803,posterior,659.7822925476796,377.88978102286524,False,646.8425707519303,817.0700005833909,646.3571982246311
137,4566,675.37,240.73,1.0,502.94,385.34,1.0,816.77,370.59,1.0,390.99,606.96,0.98,858.22,608.7,0.994,379.79,853.14,0.782,900.24,866.64,0.88,553.79,913.4,1.0,727.03,910.64,0.999,522.7,1276.84,0.986,769.31,1315.13,0.987,482.02,1652.6,0.973,807.13,1681.03,0.971,482.55,1714.38,0.976,792.0,1752.2,0.975,459.36,1649.66,0.756,850.63,1676.44,0.762,posterior,659.858445217603,377.9668206501192,False,647.1395806870902,817.3915687393855,646.1364582365967
138,4600,674.74,235.04,1.0,502.64,383.93,1.0,817.65,367.9,1.0,391.71,612.09,0.972,859.87,611.29,0.991,390.7,861.66,0.784,898.65,869.13,0.873,555.23,911.26,1.0,727.62,910.15,1.0,523.75,1276.98,0.981,770.85,1315.03,0.983,480.93,1652.5,0.975,806.71,1681.33,0.969,480.94,1714.38,0.977,791.1,1753.29,0.971,459.75,1650.17,0.795,850.62,1676.66,0.771,posterior,660.1410649337407,375.9136710640944,False,647.8554314632358,816.4601094607499,645.6039344476524
139,4633,674.82,232.39,1.0,504.01,383.72,1.0,818.59,368.77,1.0,392.75,614.74,0.969,860.21,613.89,0.99,401.73,864.33,0.728,897.27,872.51,0.868,554.79,909.05,0.999,727.62,909.79,0.999,524.51,1275.78,0.983,772.89,1313.02,0.984,480.56,1652.71,0.97,806.37,1681.33,0.966,480.49,1714.38,0.974,791.02,1753.75,0.97,460.5,1650.74,0.757,850.48,1677.54,0.755,posterior,661.2996478314344,376.2433207443354,False,648.4148238385249,816.0109673307232,645.6227896037617
140,4666,675.37,231.48,1.0,505.09,385.69,1.0,819.05,369.78,1.0,394.82,616.83,0.967,860.92,616.98,0.986,407.04,867.24,0.816,896.32,876.3,0.887,554.52,907.07,1.0,727.33,908.21,1.0,525.19,1275.07,0.988,775.38,1310.47,0.985,480.42,1652.81,0.977,806.16,1681.25,0.97,480.49,1714.38,0.978,791.02,1754.01,0.97,461.1,1650.74,0.801,850.15,1678.01,0.774,posterior,662.0709477666892,377.73872982376133,False,648.9048474821462,815.7605770309821,645.6888379230481
141,4700,674.11,232.49,1.0,506.72,388.72,1.0,820.17,374.36,1.0,397.0,619.44,0.971,862.0,621.24,0.99,415.43,867.88,0.747,896.92,879.97,0.881,555.19,906.26,1.0,727.53,907.16,0.999,523.33,1275.2,0.99,778.48,1309.63,0.988,480.17,1652.97,0.981,806.02,1681.25,0.974,480.72,1714.57,0.983,791.02,1754.63,0.975,460.83,1651.01,0.813,849.56,1678.31,0.784,posterior,663.4461136174023,381.5405259852994,False,649.730777058423,816.8750347418104,645.5325179375154
142,4733,673.35,235.29,1.0,507.51,392.94,1.0,821.64,379.01,1.0,397.88,625.69,0.973,864.51,626.17,0.99,423.3,870.08,0.726,897.49,883.26,0.85,555.79,908.09,0.999,727.8,909.1,0.999,520.57,1276.06,0.985,779.27,1311.09,0.984,479.41,1652.9,0.97,805.62,1681.12,0.964,480.46,1714.57,0.975,790.96,1754.19,0.967,460.74,1651.01,0.759,847.88,1678.11,0.734,posterior,664.5744175418338,385.97329716010483,False,650.1936864471681,819.6329315672932,645.0088184589719
143,4766,673.91,239.96,1.0,507.56,401.38,1.0,823.63,389.04,1.0,400.24,643.94,0.972,867.58,641.13,0.99,437.88,876.25,0.628,896.02,889.15,0.786,556.25,912.46,0.999,727.58,914.08,0.999,514.78,1278.44,0.978,779.11,1312.45,0.975,478.48,1653.1,0.96,805.4,1681.11,0.943,480.14,1715.23,0.96,791.04,1754.05,0.939,460.67,1650.94,0.749,847.36,1677.74,0.708,posterior,665.5982908738129,395.20847426976064,False,650.2537192510109,825.9085094079652,644.8031409980304
144,4800,674.77,252.63,1.0,508.05,422.15,1.0,824.29,408.83,1.0,402.26,667.26,0.977,873.45,657.94,0.992,454.15,880.64,0.502,894.25,891.35,0.752,557.39,919.27,1.0,728.3,922.16,0.999,508.37,1280.21,0.982,782.58,1313.75,0.98,477.67,1653.54,0.971,805.11,1681.02,0.956,479.8,1715.72,0.966,791.1,1753.84,0.947,460.62,1650.78,0.796,847.36,1678.18,0.761,posterior,666.1699325692296,415.4892101326609,False,650.7861568379361,837.1571067771351,644.7204411566431
145,4833,675.48,274.31,1.0,507.89,449.77,1.0,825.45,434.63,1.0,402.13,696.68,0.973,878.97,682.47,0.99,469.35,887.32,0.353,888.91,895.91,0.627,557.57,931.63,0.999,728.9,937.24,0.999,503.49,1283.54,0.963,783.94,1317.25,0.962,476.51,1653.46,0.919,804.68,1680.99,0.907,479.27,1715.72,0.913,791.01,1753.84,0.914,460.58,1650.71,0.614,846.51,1678.03,0.613,posterior,666.6717650132741,442.1971953139962,False,650.9464262003429,853.6777733277368,644.3421353550026
146,4866,675.63,302.9,1.0,507.27,486.41,1.0,827.17,470.47,1.0,401.58,736.04,0.972,888.75,732.43,0.98,484.82,897.58,0.231,872.42,910.07,0.356,556.67,959.02,0.999,729.85,966.12,0.999,499.7,1291.85,0.978,786.7,1323.57,0.97,475.57,1653.68,0.933,804.51,1681.07,0.921,478.82,1716.52,0.927,791.04,1754.02,0.925,460.44,1650.7,0.612,845.52,1678.02,0.601,posterior,667.2212815572713,478.4386254509009,False,651.3299120702335,880.634335931919,643.9550729004268
147,4900,676.74,336.4,1.0,506.49,523.38,1.0,828.68,511.57,1.0,403.05,775.6,0.948,900.99,774.59,0.939,489.62,895.0,0.178,856.64,908.59,0.184,556.43,995.42,0.999,731.85,1000.36,0.999,496.01,1299.53,0.974,789.97,1334.29,0.957,475.26,1653.68,0.932,804.12,1681.07,0.92,478.73,1716.98,0.925,790.85,1753.96,0.908,459.95,1650.66,0.641,844.38,1677.95,0.612,posterior,667.58543436348,517.4784579789263,False,652.1732449810743,911.2798776023149,643.476766180741
148,4933,676.79,371.11,1.0,505.21,559.19,1.0,830.05,559.94,1.0,404.22,805.38,0.949,907.19,819.46,0.923,489.62,895.13,0.164,836.19,905.81,0.181,556.05,1028.03,0.999,734.41,1034.55,0.999,491.34,1302.85,0.98,797.33,1341.8,0.958,474.98,1653.59,0.928,803.47,1681.0,0.918,478.82,1716.98,0.92,790.5,1753.93,0.905,458.33,1650.43,0.609,842.38,1677.52,0.582,posterior,667.6300787790248,559.56756553319,False,653.0244656719707,941.4018842317723,642.510818877265
149,4966,676.59,410.77,1.0,505.45,596.01,1.0,829.51,602.19,1.0,407.38,839.68,0.896,907.75,856.4,0.909,497.75,894.27,0.098,820.48,901.85,0.16,554.6,1055.94,0.999,734.87,1064.12,0.999,489.81,1311.19,0.957,803.51,1349.14,0.93,474.83,1653.59,0.873,803.26,1680.81,0.863,478.87,1717.25,0.88,790.5,1753.74,0.854,456.52,1649.83,0.519,841.4,1676.58,0.486,posterior,667.4794160107664,599.100385054385,False,653.2678248094186,969.1870902129884,575.2990490537621
150,5000,675.52,449.44,1.0,505.65,629.21,0.999,828.38,635.32,0.999,411.33,880.49,0.812,905.5,889.87,0.841,512.06,892.55,0.061,809.76,900.57,0.111,553.4,1081.65,0.999,736.54,1087.54,0.998,489.09,1317.83,0.943,807.78,1354.67,0.903,474.72,1653.59,0.871,802.88,1680.34,0.841,478.87,1717.32,0.884,790.36,1753.11,0.824,454.79,1648.83,0.572,840.31,1675.41,0.509,posterior,667.0191787933599,632.2655609977728,False,653.5252391482202,993.0490581590819,641.0825286001339
151,5033,674.17,484.46,0.999,506.68,658.57,0.999,828.03,671.86,0.998,418.85,909.1,0.768,902.78,927.44,0.74,521.17,885.19,0.04,803.16,897.65,0.055,552.34,1100.95,0.998,737.06,1108.97,0.998,487.02,1321.54,0.926,807.45,1357.96,0.89,474.44,1653.59,0.822,802.16,1680.11,0.839,478.87,1717.32,0.85,790.0,1752.55,0.806,451.58,1648.05,0.472,838.74,1674.28,0.457,posterior,667.3548219120798,665.2146757069041,False,653.4714372600125,1014.5916212609596,634.438008864224
152,5066,673.34,521.86,0.999,507.06,688.89,0.999,825.99,703.01,0.997,427.88,939.07,0.834,899.93,959.5,0.698,529.52,881.26,0.05,796.96,898.9,0.033,551.12,1116.62,0.998,737.27,1127.49,0.998,485.85,1323.02,0.905,805.84,1361.85,0.887,474.22,1653.6,0.817,801.31,1679.66,0.848,478.82,1717.32,0.826,789.5,1751.89,0.805,449.66,1647.55,0.507,837.5,1673.01,0.506,posterior,666.5222705332249,695.9498140808337,False,652.9444411204684,1033.8853601029177,638.8712031421367
153,5100,672.0,564.0,0.999,507.72,722.72,0.999,822.16,738.96,0.998,431.29,975.25,0.864,894.94,982.88,0.713,523.19,879.35,0.083,794.26,899.24,0.058,549.23,1140.23,0.999,736.95,1151.98,0.999,485.38,1329.97,0.904,808.64,1368.01,0.836,473.87,1653.58,0.824,800.58,1679.39,0.845,478.58,1717.22,0.845,789.03,1750.87,0.819,447.29,1646.21,0.556,837.06,1672.15,0.556,posterior,664.9409958045071,730.8416050543634,False,652.0972593617757,1057.7420328061173,637.9900556497478
154,5133,670.71,601.36,0.999,507.8,754.47,0.999,817.2,770.48,0.999,432.88,1006.21,0.947,888.18,1007.76,0.772,515.28,877.74,0.234,789.65,906.52,0.09,548.64,1164.41,1.0,737.47,1176.09,0.999,483.85,1337.72,0.92,806.81,1378.62,0.78,473.64,1653.6,0.859,799.9,1679.22,0.855,478.58,1717.21,0.883,788.08,1749.73,0.857,445.19,1645.75,0.628,836.02,1671.27,0.613,posterior,662.4958399069744,762.4715445706919,False,650.7886914770543,1080.8305077133928,636.9681985077358
155,5166,671.55,628.76,0.999,507.74,782.99,0.999,814.0,801.33,0.999,433.69,1028.17,0.937,881.94,1033.67,0.859,511.71,882.34,0.132,793.49,913.99,0.09,546.98,1186.47,0.999,735.98,1196.93,0.999,478.35,1355.72,0.85,806.09,1387.41,0.875,472.98,1653.52,0.864,798.94,1679.13,0.912,478.14,1716.94,0.874,787.15,1749.06,0.904,444.05,1644.79,0.73,834.96,1670.45,0.768,posterior,660.868892486968,792.1592074920143,False,648.9209831208176,1102.6624935113068,636.0752780174021
156,5200,669.61,651.91,0.999,507.38,811.03,0.999,810.75,827.24,0.999,434.45,1046.26,0.895,875.3,1058.94,0.799,509.35,897.28,0.113,793.18,934.47,0.092,545.45,1204.95,0.999,734.12,1212.39,0.999,475.71,1368.22,0.714,805.15,1392.88,0.718,472.56,1653.42,0.773,797.87,1678.27,0.844,477.76,1716.3,0.81,786.07,1746.94,0.857,442.15,1644.32,0.611,833.64,1669.35,0.692,posterior,659.065058821443,819.1361433815466,False,647.1501862959527,1121.0147769028238,634.9071236397216
157,5233,664.93,679.17,0.999,505.8,837.93,0.999,805.55,850.34,0.999,432.63,1067.27,0.921,871.85,1082.57,0.868,510.23,934.34,0.081,795.27,960.98,0.105,543.82,1221.85,1.0,730.85,1232.48,1.0,470.31,1380.2,0.783,807.89,1399.09,0.754,472.16,1653.32,0.832,796.8,1677.52,0.895,477.52,1715.63,0.84,784.58,1744.77,0.875,439.92,1644.03,0.63,831.95,1668.58,0.724,posterior,655.6733917837344,844.1343989402917,False,644.6498039780108,1139.3306718077408,633.4939125033902
158,5266,661.37,698.14,0.999,504.25,858.6,0.999,802.12,867.85,0.999,430.74,1082.38,0.88,864.45,1094.17,0.834,512.44,978.97,0.067,795.05,1006.93,0.096,541.02,1233.08,0.999,727.54,1242.53,0.999,464.74,1391.85,0.787,808.16,1405.75,0.751,471.58,1653.25,0.805,795.12,1676.78,0.856,477.14,1715.27,0.811,782.13,1742.94,0.844,437.57,1643.81,0.579,830.29,1668.09,0.665,posterior,653.1830841402727,863.226579958952,False,641.8642278655574,1152.1200633392923,631.7845864357951
159,5300,657.28,720.8,0.999,502.32,877.02,1.0,798.7,886.58,0.999,428.84,1099.06,0.968,859.65,1106.43,0.818,512.7,990.21,0.216,789.94,1002.36,0.103,537.77,1248.54,1.0,725.48,1255.9,1.0,452.87,1394.35,0.825,806.18,1406.16,0.714,470.83,1653.12,0.906,793.63,1676.27,0.939,476.88,1714.69,0.921,780.75,1741.12,0.956,435.35,1643.89,0.706,827.21,1666.51,0.808,posterior,650.5107323669968,881.8023983393443,False,638.5670130002815,1164.9983591628934,630.0499359740814
160,5333,654.41,737.55,1.0,498.3,894.4,1.0,796.74,906.15,0.999,426.72,1122.37,0.944,854.0,1127.56,0.664,512.08,1016.27,0.205,780.78,1031.54,0.07,534.78,1272.55,1.0,723.01,1280.09,1.0,444.98,1397.8,0.857,806.09,1410.83,0.745,469.9,1653.12,0.954,791.82,1675.95,0.961,476.13,1714.69,0.964,778.39,1739.94,0.979,433.4,1643.82,0.807,824.11,1667.32,0.845,posterior,647.523372137129,900.272671017313,False,635.5551201726181,1182.396584308158,628.0091839084207
161,5366,653.84,747.45,0.999,494.99,908.76,1.0,793.99,918.48,0.999,424.45,1134.17,0.931,845.86,1134.34,0.595,510.93,1031.84,0.126,768.89,1044.91,0.042,530.94,1294.84,1.0,719.29,1304.04,1.0,439.73,1403.21,0.716,800.8,1414.02,0.502,468.97,1652.96,0.846,789.83,1675.38,0.797,475.18,1714.61,0.879,776.04,1738.06,0.856,431.04,1643.82,0.672,822.86,1666.02,0.647,posterior,644.4881581406714,913.6175110336983,False,631.8358295563582,1196.8759894484729,626.2803966743518
162,5400,649.91,762.16,0.999,492.89,920.29,1.0,791.55,933.79,0.999,423.29,1145.2,0.965,843.85,1143.63,0.69,508.78,1035.04,0.288,764.47,1047.8,0.069,528.99,1307.05,1.0,717.48,1317.62,1.0,435.7,1408.9,0.679,795.95,1417.48,0.465,467.46,1652.81,0.845,787.56,1674.52,0.829,474.31,1714.45,0.881,773.6,1735.88,0.888,427.47,1643.89,0.701,820.84,1666.02,0.715,posterior,642.2198043907179,927.0408617305926,False,633.7164745182286,1103.63673943651,624.0559980799144
163,5433,646.76,777.11,1.0,491.1,929.14,1.0,789.65,943.43,1.0,423.07,1151.51,0.959,840.31,1148.75,0.748,508.22,1038.43,0.203,757.55,1052.34,0.078,528.06,1316.16,1.0,716.47,1324.13,1.0,427.27,1404.26,0.909,799.54,1412.12,0.783,466.61,1652.37,0.982,785.49,1673.07,0.98,474.17,1713.72,0.987,771.85,1732.96,0.991,423.29,1643.93,0.906,818.85,1665.64,0.894,posterior,640.3739468933953,936.2839900508518,False,627.8450140769464,1213.2232367386327,622.0387230811707
164,5466,639.55,779.33,1.0,489.91,931.57,1.0,787.36,945.77,0.999,423.42,1153.63,0.958,837.7,1152.16,0.766,507.95,1038.78,0.21,757.54,1051.57,0.082,526.79,1315.4,1.0,714.74,1323.51,1.0,429.2,1398.01,0.938,803.82,1409.67,0.855,465.61,1652.11,0.986,783.34,1672.21,0.987,473.85,1713.55,0.989,770.41,1731.61,0.994,419.83,1643.93,0.903,817.78,1665.49,0.907,posterior,638.6343063416182,938.6703113395401,False,627.0183655206205,1213.2258954591664,620.4657109536854
165,5500,635.59,778.54,1.0,488.21,930.59,1.0,785.44,947.55,0.999,422.36,1157.45,0.963,838.3,1152.98,0.772,506.73,1043.24,0.193,758.19,1054.13,0.07,525.13,1315.02,1.0,711.4,1322.77,1.0,429.39,1397.53,0.913,803.56,1411.52,0.817,464.09,1651.74,0.976,780.98,1670.98,0.972,472.59,1713.04,0.981,768.54,1729.12,0.986,417.24,1643.93,0.885,815.97,1665.11,0.871,posterior,636.8253578119346,939.0705796903688,False,625.3281800278279,1213.3642605655675,618.5862090358337
166,5533,633.84,772.5,1.0,487.53,927.66,1.0,784.91,946.04,0.999,420.49,1158.38,0.969,841.48,1156.67,0.677,502.43,1055.15,0.346,760.29,1059.67,0.087,523.6,1313.48,1.0,708.76,1318.96,1.0,429.63,1395.24,0.869,802.79,1412.67,0.692,462.94,1650.98,0.961,779.19,1669.84,0.955,471.91,1711.75,0.97,766.77,1727.27,0.98,414.21,1643.84,0.832,811.95,1662.71,0.832,posterior,636.2210667043329,936.8508076986077,False,624.2526765423743,1211.6088908246297,616.2071343528403
167,5566,635.31,765.58,0.999,486.57,921.39,1.0,783.95,939.53,1.0,419.79,1149.2,0.947,843.35,1151.67,0.596,504.76,1056.51,0.287,761.84,1069.81,0.084,520.64,1307.17,1.0,706.8,1312.52,1.0,426.99,1397.45,0.705,799.63,1411.67,0.502,461.35,1650.28,0.861,777.35,1669.18,0.87,470.68,1710.8,0.892,764.33,1725.72,0.921,413.05,1643.64,0.662,810.71,1662.55,0.723,posterior,635.2587557425258,930.4617100784955,False,622.4753390017041,1206.64050161139,614.6960243230088
168,5600,636.64,758.49,0.999,485.78,913.72,1.0,782.78,930.79,0.999,419.3,1142.38,0.95,844.72,1143.89,0.642,505.75,1049.85,0.23,763.03,1067.62,0.09,519.38,1298.86,1.0,706.58,1303.88,1.0,426.66,1396.74,0.778,788.75,1413.88,0.521,460.05,1649.57,0.861,775.86,1668.69,0.869,469.97,1709.64,0.892,763.37,1723.98,0.919,411.28,1643.6,0.639,804.25,1663.12,0.707,posterior,634.2794234950325,922.2580822478606,False,620.9126801116658,1200.2822738979273,612.2159927774641
169,5633,635.48,747.13,0.999,484.79,904.14,1.0,780.88,916.54,1.0,418.62,1130.17,0.97,845.11,1128.56,0.75,504.21,1045.06,0.21,766.3,1069.05,0.101,517.4,1284.1,1.0,705.32,1285.33,1.0,428.67,1398.03,0.714,785.13,1415.58,0.589,458.35,1649.18,0.765,774.43,1668.31,0.842,467.69,1709.1,0.791,761.75,1723.77,0.866,410.01,1643.46,0.508,803.27,1662.71,0.675,posterior,632.8370553953768,910.3422587639159,False,619.5818664322276,1189.3075290373,610.6785509271659
170,5666,635.65,723.47,0.999,483.69,884.83,1.0,780.02,893.36,0.999,416.59,1113.07,0.952,846.29,1111.52,0.748,502.21,1040.3,0.129,764.3,1060.27,0.075,516.17,1261.02,1.0,704.65,1261.6,1.0,431.56,1397.03,0.686,777.58,1416.03,0.543,457.2,1648.29,0.762,773.05,1667.84,0.799,465.72,1707.81,0.802,760.19,1722.6,0.832,410.38,1642.79,0.536,802.15,1662.28,0.634,posterior,631.856461774434,889.0970098541655,False,618.4172627000806,1172.11113081421,609.6072808666532
171,5700,635.61,696.52,0.999,484.91,855.17,1.0,782.23,870.06,0.999,415.1,1083.89,0.95,854.79,1101.98,0.859,502.03,1009.28,0.244,763.83,1039.08,0.161,515.94,1235.6,1.0,703.74,1245.03,1.0,440.63,1395.22,0.753,781.8,1411.41,0.776,455.88,1647.68,0.852,772.19,1667.15,0.919,463.21,1706.31,0.863,758.41,1721.15,0.927,410.83,1641.95,0.681,803.12,1661.37,0.809,posterior,633.5731707233763,862.6180065813053,False,620.0137258694987,1153.423634382695,608.8945076810917
172,5733,635.43,659.66,0.999,485.25,817.67,1.0,783.38,837.31,0.999,409.23,1056.95,0.92,863.48,1085.52,0.806,494.51,981.52,0.152,768.57,1013.42,0.127,513.94,1211.52,1.0,703.59,1224.94,1.0,447.72,1392.47,0.775,780.1,1408.01,0.682,455.25,1647.68,0.75,771.69,1666.43,0.804,462.77,1706.54,0.775,757.22,1720.58,0.82,410.64,1641.04,0.519,802.42,1660.1,0.598,posterior,634.3116473786463,827.4875652528654,False,620.3509400659386,1131.2743671472308,608.261871118493
173,5766,636.51,625.95,0.999,485.59,781.02,0.999,784.84,804.22,0.999,403.55,1018.71,0.912,867.46,1054.35,0.614,488.8,966.51,0.076,763.75,997.14,0.043,512.81,1182.4,0.999,701.37,1201.56,0.999,452.22,1382.9,0.82,775.07,1401.78,0.763,454.43,1647.68,0.695,771.01,1666.06,0.741,461.4,1706.63,0.695,756.34,1720.91,0.713,410.05,1638.97,0.399,802.42,1659.55,0.456,posterior,635.2157980399347,792.6198038568739,False,619.887191363006,1106.0440723921192,608.8747182753505
174,5800,636.98,581.62,0.999,485.84,732.0,1.0,786.25,758.36,0.999,399.78,969.02,0.88,865.65,1009.21,0.653,485.05,979.25,0.155,756.1,995.84,0.076,512.46,1154.77,0.999,699.65,1172.87,0.999,457.41,1370.08,0.911,777.16,1396.8,0.852,453.54,1647.24,0.796,770.27,1665.76,0.778,460.36,1706.17,0.817,756.03,1721.0,0.799,409.9,1637.39,0.437,802.42,1658.83,0.436,posterior,636.0475825504707,745.1818455033202,False,620.1338719211919,1074.8275595090236,608.1927870370903
175,5833,636.99,538.13,0.999,484.99,691.64,1.0,787.94,712.57,1.0,394.19,921.65,0.945,864.27,957.58,0.888,477.08,981.65,0.235,760.67,1000.44,0.141,513.75,1125.42,0.999,698.71,1138.34,0.999,458.54,1355.17,0.964,777.15,1385.11,0.934,453.04,1647.11,0.882,769.57,1665.49,0.867,459.88,1706.26,0.879,755.75,1721.29,0.874,409.23,1636.02,0.534,802.09,1657.85,0.507,posterior,636.4658902916508,702.1049869518938,False,620.1676966644828,1042.847213873608,606.740082666954
176,5866,638.94,493.26,1.0,483.09,653.15,1.0,789.08,669.65,1.0,385.95,882.32,0.962,861.1,917.96,0.952,469.56,979.69,0.287,774.38,1010.28,0.379,514.66,1090.57,0.999,698.08,1099.43,0.999,458.97,1339.92,0.972,774.78,1371.98,0.945,452.33,1646.81,0.925,768.96,1664.83,0.905,459.01,1705.87,0.916,755.75,1721.29,0.915,409.02,1634.85,0.621,801.04,1657.0,0.581,posterior,636.0850249107611,661.4022839295801,False,619.5260163256802,1010.312996164132,606.2050114021158
177,5900,640.71,447.5,1.0,481.54,605.84,1.0,790.85,626.46,1.0,379.38,840.58,0.973,858.38,885.0,0.972,462.09,972.22,0.329,791.81,1029.04,0.593,516.08,1058.08,1.0,699.32,1064.83,0.999,458.61,1322.88,0.98,773.38,1361.77,0.952,451.7,1646.41,0.942,768.01,1664.37,0.925,458.22,1705.61,0.933,755.23,1721.44,0.93,408.66,1633.5,0.67,798.92,1656.65,0.621,posterior,636.195151889886,616.148426097573,False,619.5701589024168,977.713413453227,605.2591172755298
178,5933,639.95,406.21,1.0,479.63,562.1,1.0,792.17,580.81,1.0,379.63,801.07,0.953,856.51,851.09,0.974,452.7,973.11,0.425,812.33,1044.47,0.72,516.62,1033.98,1.0,698.69,1039.08,0.999,458.32,1310.04,0.966,772.92,1356.18,0.943,451.15,1646.41,0.932,767.51,1664.37,0.906,457.5,1705.71,0.92,754.74,1722.01,0.914,408.79,1632.1,0.686,799.27,1656.65,0.627,posterior,635.9041674677006,571.4545075682867,False,619.3110703536533,949.3088689534769,605.0742103710589
179,5966,641.01,362.98,1.0,476.56,524.57,1.0,792.98,536.72,1.0,377.17,764.63,0.915,855.09,813.74,0.971,432.03,974.45,0.575,836.23,1044.1,0.856,515.65,1009.63,1.0,698.47,1014.63,0.999,459.51,1300.29,0.961,772.5,1351.38,0.943,450.09,1646.24,0.945,766.98,1664.18,0.914,456.41,1705.71,0.928,754.6,1722.11,0.912,408.96,1630.69,0.79,799.1,1656.65,0.696,posterior,634.7708275436732,530.6469266955366,False,618.5915527281527,922.7110030070569,604.7677814979814
180,6000,641.07,323.29,1.0,475.04,488.53,1.0,794.67,488.17,1.0,376.34,726.47,0.956,853.31,764.93,0.987,413.54,967.85,0.687,857.38,1034.8,0.89,516.39,984.31,1.0,699.85,987.39,1.0,460.89,1293.02,0.99,771.61,1343.68,0.981,449.05,1645.96,0.983,766.85,1664.28,0.97,455.87,1705.71,0.98,754.47,1722.7,0.969,409.07,1630.69,0.847,798.66,1656.72,0.761,posterior,634.8530522666368,488.3507679212396,False,618.9359606828439,894.4473086447279,604.5153197836801
181,6033,640.6,293.32,1.0,473.73,459.93,1.0,797.32,459.51,1.0,375.93,696.98,0.983,851.76,728.74,0.99,390.99,959.73,0.833,874.14,1011.83,0.903,517.02,962.78,1.0,702.18,967.43,1.0,460.84,1290.11,0.99,769.1,1334.0,0.981,447.62,1646.1,0.984,766.43,1664.42,0.972,454.36,1705.78,0.976,754.24,1723.37,0.961,409.09,1631.38,0.89,798.84,1656.93,0.813,posterior,635.5268827284033,459.72012714397846,False,619.3957426475382,873.8009977647105,604.1335641843107
182,6066,641.11,261.73,1.0,473.77,431.38,1.0,799.24,432.96,1.0,374.77,668.18,0.985,850.97,695.85,0.992,366.4,941.94,0.876,890.8,978.57,0.917,517.65,946.97,1.0,703.47,949.34,1.0,461.87,1283.25,0.993,766.98,1323.7,0.987,446.47,1646.19,0.99,766.07,1664.49,0.981,453.13,1705.81,0.986,753.58,1724.59,0.974,409.06,1631.59,0.915,798.38,1657.07,0.85,posterior,636.50462742794,432.1694617110918,False,619.8938145842648,854.7025919596219,603.5387751898012
183,6100,642.36,248.77,1.0,474.08,405.79,1.0,800.67,408.37,1.0,372.21,642.12,0.98,851.07,662.81,0.986,348.28,917.12,0.904,900.39,940.63,0.897,518.45,937.11,1.0,703.61,939.25,1.0,463.6,1279.13,0.993,765.94,1318.73,0.991,445.24,1645.87,0.991,765.61,1664.6,0.985,451.38,1705.81,0.99,753.19,1726.82,0.983,409.13,1631.59,0.901,798.26,1657.24,0.851,posterior,637.373901875414,407.081433581733,False,620.2875055436909,839.7776925070151,602.9918178842455
184,6133,643.63,238.65,1.0,473.82,390.02,1.0,800.9,389.16,1.0,368.54,624.19,0.984,851.82,637.12,0.99,331.17,893.89,0.916,906.62,907.33,0.892,518.13,926.37,1.0,703.11,926.3,1.0,469.61,1275.1,0.995,763.03,1311.93,0.995,443.96,1645.8,0.991,765.27,1664.6,0.988,449.73,1705.87,0.992,752.9,1728.48,0.989,409.31,1631.72,0.878,798.17,1657.62,0.846,posterior,637.3638806790836,389.59203859029185,False,620.2366308726564,827.1034980375456,602.5259587640207
185,6166,645.62,225.14,1.0,474.46,379.14,1.0,801.21,374.5,1.0,364.92,609.1,0.987,853.12,617.58,0.991,320.66,863.3,0.918,910.78,881.82,0.872,521.12,923.75,1.0,705.24,923.16,1.0,475.62,1273.27,0.997,760.52,1308.41,0.996,443.0,1645.84,0.993,765.27,1664.67,0.991,449.19,1705.93,0.994,752.58,1731.58,0.991,409.47,1632.12,0.875,798.08,1658.46,0.849,posterior,637.8340080414333,376.81785450488417,False,621.5307321060797,820.129066930231,602.3267006032574
186,6200,645.2,217.66,1.0,475.03,369.46,1.0,801.33,365.58,1.0,363.49,598.43,0.989,854.57,607.07,0.991,312.8,846.37,0.931,914.89,864.5,0.869,522.67,918.17,1.0,706.54,916.9,1.0,480.55,1271.65,0.997,757.75,1307.55,0.995,442.27,1645.91,0.992,765.17,1664.96,0.987,448.63,1706.24,0.993,752.43,1734.09,0.988,409.47,1633.45,0.887,797.37,1660.32,0.834,posterior,638.1800127802951,367.5199812567513,False,622.3326246581871,813.8731255305578,601.9729590404403
187,6233,645.08,215.24,1.0,475.39,365.79,1.0,801.57,362.48,1.0,362.12,594.3,0.988,854.65,603.17,0.99,309.53,839.59,0.925,916.84,858.59,0.87,524.33,915.97,1.0,708.74,913.96,1.0,484.66,1270.05,0.997,755.98,1306.2,0.996,441.73,1645.94,0.994,765.17,1665.12,0.989,448.32,1706.61,0.994,752.43,1735.77,0.99,409.47,1634.57,0.897,796.56,1661.64,0.845,posterior,638.4818112490708,364.1369277862556,False,623.286499247327,811.2701743278282,601.6935288784091
188,6266,647.2,206.21,1.0,476.3,357.19,1.0,803.03,355.58,1.0,363.71,585.49,0.991,856.04,594.65,0.991,306.66,833.7,0.936,919.02,849.19,0.897,524.56,907.2,1.0,707.17,906.43,0.999,485.9,1271.24,0.996,752.26,1305.48,0.993,441.29,1645.98,0.99,764.8,1665.43,0.986,447.7,1707.21,0.99,752.02,1737.23,0.986,409.54,1634.82,0.864,794.51,1662.25,0.82,posterior,639.6685499889504,356.3866164274399,False,623.3158144301387,805.0612806382089,600.9414779015782
189,6300,647.38,200.49,1.0,477.05,353.01,1.0,803.71,352.28,1.0,365.01,584.13,0.995,857.24,593.63,0.991,307.68,832.08,0.966,918.21,846.82,0.896,524.85,900.44,1.0,705.8,901.43,0.999,487.04,1270.54,0.996,748.44,1305.2,0.992,440.19,1646.44,0.991,764.44,1665.77,0.985,446.31,1708.28,0.991,751.89,1738.08,0.983,409.49,1635.54,0.879,792.85,1663.18,0.826,posterior,640.3785506131626,352.6450524195062,False,623.1763136451704,801.4519062742029,600.1320039693177
190,6333,648.73,194.56,1.0,477.75,350.27,1.0,804.19,348.62,1.0,365.88,584.34,0.993,857.17,591.14,0.992,309.78,834.64,0.935,916.48,842.01,0.887,525.39,895.7,1.0,704.29,898.29,0.999,486.49,1272.53,0.995,744.39,1304.8,0.993,439.06,1646.76,0.99,763.81,1666.04,0.985,444.86,1709.18,0.989,751.02,1738.83,0.984,409.8,1635.87,0.863,793.02,1662.89,0.825,posterior,640.9679303803176,349.4446833428053,False,622.7995258005035,798.9577468103712,599.675816725358
191,6366,650.97,193.88,1.0,477.85,351.13,1.0,804.5,346.05,1.0,366.73,587.45,0.989,856.9,589.19,0.994,313.94,835.48,0.92,915.24,845.59,0.911,526.17,893.68,1.0,702.27,897.76,0.999,485.85,1274.17,0.989,740.06,1307.72,0.99,437.49,1647.71,0.98,763.26,1666.93,0.978,441.98,1710.19,0.981,750.33,1740.22,0.978,410.46,1637.05,0.818,793.23,1664.24,0.811,posterior,641.1764895991857,348.5901961155014,False,622.1961173570712,798.647496856883,599.0023121417017
192,6400,650.83,191.22,1.0,477.34,351.56,1.0,804.57,346.52,1.0,367.1,591.32,0.988,856.51,592.8,0.992,318.69,839.29,0.913,913.04,850.48,0.898,526.89,893.0,1.0,701.24,897.87,0.999,484.43,1274.03,0.991,737.83,1307.82,0.99,436.36,1648.52,0.983,762.76,1666.93,0.978,440.54,1711.76,0.984,749.74,1740.68,0.978,410.59,1637.95,0.833,793.23,1664.88,0.798,posterior,640.9519897648584,349.03652687270676,False,621.7192105975146,798.9562434797056,598.5264505944383
193,6433,650.69,190.12,1.0,475.96,353.88,1.0,804.06,347.06,1.0,367.75,595.13,0.985,854.82,598.24,0.991,327.45,844.37,0.886,910.31,857.18,0.902,527.25,894.73,1.0,699.76,900.58,0.999,484.25,1275.84,0.99,736.77,1309.08,0.99,435.63,1649.38,0.982,762.41,1667.75,0.978,439.59,1713.36,0.982,748.75,1742.51,0.976,410.79,1638.9,0.835,793.53,1665.92,0.81,posterior,640.0102617793709,350.4721348178753,False,621.0240149127661,800.8739797175857,598.164385330105
194,6466,649.28,190.74,1.0,474.35,356.94,1.0,803.97,348.46,1.0,368.83,598.13,0.984,853.36,602.1,0.991,341.13,847.47,0.857,907.08,861.56,0.895,527.54,893.84,0.999,700.17,899.02,0.999,483.59,1274.73,0.986,738.91,1308.76,0.985,435.2,1649.26,0.971,762.22,1667.87,0.964,438.81,1713.88,0.97,748.36,1742.94,0.965,411.88,1638.41,0.769,793.48,1666.11,0.726,posterior,639.1615415483108,352.70241285775666,False,620.9525621579666,801.2789500078583,598.1309024989555
195,6500,649.3,193.13,1.0,473.16,361.08,1.0,802.66,352.35,1.0,369.72,605.34,0.976,851.67,606.26,0.99,361.01,859.29,0.83,900.99,870.91,0.908,526.1,895.31,1.0,699.5,900.33,1.0,482.91,1273.8,0.987,741.04,1310.08,0.985,434.88,1649.26,0.975,762.13,1668.86,0.967,438.21,1714.43,0.972,748.0,1744.67,0.962,413.04,1638.51,0.82,793.51,1666.94,0.775,posterior,637.9111339190902,356.7145931833202,False,620.2115707554304,803.5963390948884,598.1900919343983
196,6533,648.16,197.5,1.0,472.89,365.4,1.0,801.9,356.9,1.0,371.71,613.37,0.975,849.7,616.5,0.99,379.71,863.51,0.804,895.1,883.65,0.899,525.62,896.42,1.0,698.14,900.84,0.999,481.68,1274.11,0.988,742.01,1313.09,0.986,434.52,1649.57,0.976,761.94,1669.46,0.969,438.21,1715.36,0.977,747.27,1746.39,0.968,413.54,1638.88,0.814,793.54,1668.01,0.777,posterior,637.3927981663712,361.1516347944211,False,619.6525177995353,806.2956826049308,598.1399198036904
197,6566,648.34,201.7,1.0,470.91,376.94,1.0,801.61,367.74,1.0,372.37,630.7,0.962,848.08,632.19,0.982,398.96,877.09,0.612,886.76,894.69,0.808,525.71,899.0,0.999,696.25,903.49,0.999,477.14,1274.98,0.97,742.89,1313.0,0.964,434.08,1650.13,0.957,761.67,1669.46,0.936,437.89,1716.35,0.943,746.84,1745.99,0.911,413.96,1638.8,0.806,793.55,1667.31,0.74,posterior,636.2602534300167,372.339777790102,False,618.5857214325113,812.2325964780714,598.0619373623356
198,6600,647.19,209.68,1.0,469.23,395.82,1.0,801.79,387.42,1.0,373.56,653.83,0.984,847.16,652.46,0.99,416.87,879.66,0.605,873.8,900.62,0.772,526.25,905.44,1.0,696.17,910.26,0.999,471.59,1277.39,0.977,746.22,1315.58,0.97,433.79,1650.71,0.963,761.67,1669.71,0.947,437.72,1716.76,0.952,747.31,1745.58,0.928,413.96,1638.8,0.796,793.65,1668.51,0.749,posterior,635.5098890821864,391.6226665317579,False,618.2407985905361,823.0996825612118,598.1611727187757
199,6633,646.52,230.48,1.0,467.73,424.21,1.0,801.7,416.14,1.0,374.08,687.87,0.98,847.14,680.35,0.99,433.74,881.58,0.376,860.73,905.96,0.681,526.63,917.71,0.999,696.28,925.09,0.998,468.2,1280.17,0.959,747.8,1318.1,0.934,433.79,1650.71,0.9,761.67,1670.66,0.874,437.72,1716.51,0.885,747.44,1745.77,0.873,413.75,1638.71,0.6,793.72,1670.27,0.56,posterior,634.7126013333223,420.17751434818445,False,617.931988100168,840.35609097927,598.1577729089731
200,6666,645.37,266.53,0.999,466.82,459.44,1.0,801.74,449.69,1.0,375.5,721.74,0.962,848.64,720.16,0.982,449.1,879.26,0.238,846.38,912.71,0.565,526.16,945.78,0.999,696.64,954.14,0.998,465.28,1282.95,0.971,750.85,1324.54,0.939,433.65,1650.81,0.918,761.67,1671.99,0.893,437.85,1717.16,0.911,747.44,1746.57,0.897,413.55,1639.1,0.59,793.69,1671.06,0.557,posterior,634.2830861963989,454.5677717287706,False,617.866532907948,865.9330545454044,598.1345677719711
201,6700,645.01,313.56,0.999,464.89,503.1,1.0,801.33,498.59,1.0,376.19,764.27,0.913,851.78,771.78,0.908,460.7,880.85,0.185,822.5,920.46,0.204,525.14,984.95,0.998,698.16,994.9,0.998,461.53,1287.08,0.946,753.3,1334.02,0.883,433.24,1650.76,0.885,761.1,1672.86,0.822,437.76,1717.16,0.865,746.86,1746.98,0.815,413.52,1639.0,0.559,793.66,1671.06,0.481,posterior,633.1134365220648,500.84681194947086,False,617.551834752083,900.8296746695942,532.7143216822366
202,6733,643.9,357.12,1.0,464.32,547.19,1.0,800.98,554.32,0.999,377.0,798.53,0.923,856.09,815.25,0.913,469.91,885.52,0.155,799.97,919.38,0.163,523.52,1024.28,0.998,699.13,1033.95,0.998,459.04,1296.53,0.972,756.55,1342.37,0.953,433.02,1650.69,0.928,760.63,1673.55,0.917,437.64,1716.97,0.919,746.22,1747.35,0.912,413.21,1638.94,0.618,793.65,1670.72,0.6,posterior,632.6508228606951,550.7593792511179,False,617.4792024248057,936.4624147532371,597.6794605698432
203,6766,642.12,409.35,1.0,464.74,594.92,0.999,800.01,603.19,0.999,379.63,839.93,0.913,859.59,856.37,0.898,480.7,888.5,0.1,780.19,914.37,0.102,522.17,1056.87,0.999,700.84,1066.85,0.999,456.1,1310.44,0.966,763.48,1351.43,0.954,432.93,1650.74,0.901,760.32,1673.69,0.896,437.64,1716.97,0.902,746.08,1747.54,0.9,412.65,1638.94,0.527,793.4,1670.51,0.505,posterior,632.3769317775832,599.0592474041855,False,617.9612386817262,969.691217714644,597.4431813212605
204,6800,639.59,456.7,0.999,465.99,634.27,0.999,798.57,645.35,0.999,383.39,880.34,0.838,859.51,892.73,0.788,494.22,888.66,0.037,760.84,912.29,0.062,521.45,1085.05,0.998,703.42,1095.96,0.998,455.85,1321.34,0.951,768.12,1361.66,0.91,432.99,1650.94,0.871,760.06,1674.31,0.862,437.74,1717.13,0.858,745.78,1748.08,0.822,411.18,1638.94,0.546,792.9,1670.39,0.5,posterior,632.2783488022724,639.8099584038507,False,618.7411950645375,998.4973180419933,531.5668243003291
205,6833,638.66,499.59,0.999,467.94,673.04,0.999,797.55,686.1,0.998,386.63,912.24,0.927,860.06,928.52,0.812,501.72,888.44,0.032,755.05,907.38,0.026,521.72,1107.22,0.997,705.87,1122.25,0.997,451.47,1321.74,0.944,772.29,1365.77,0.952,432.85,1650.94,0.879,759.94,1675.09,0.931,437.74,1717.28,0.843,745.62,1748.56,0.878,410.03,1638.91,0.601,792.77,1670.31,0.664,posterior,632.7481446023739,679.5700212917061,False,619.5086588858547,1023.68629220007,596.5410682959456
206,6866,638.05,542.25,0.999,470.78,703.23,0.998,795.97,721.4,0.998,394.54,941.29,0.774,857.63,957.61,0.673,503.36,891.84,0.025,753.23,910.2,0.031,521.99,1129.43,0.997,706.53,1145.94,0.997,450.47,1328.02,0.951,776.69,1376.41,0.94,432.79,1650.89,0.851,759.63,1675.76,0.897,437.74,1717.18,0.83,745.23,1748.77,0.842,407.78,1638.84,0.519,792.94,1670.09,0.558,posterior,633.3733001877208,712.3114619851513,False,620.3349122754569,1046.6860877912034,595.920681820821
207,6899,636.05,586.8,0.999,473.24,744.12,1.0,793.9,762.37,0.999,397.64,983.98,0.954,856.01,995.44,0.84,493.04,888.32,0.144,754.9,905.75,0.064,521.94,1164.1,0.999,707.65,1175.32,0.999,445.29,1346.44,0.892,777.41,1381.69,0.865,432.56,1650.89,0.868,759.46,1675.62,0.902,437.74,1717.18,0.856,745.09,1748.4,0.872,405.92,1638.84,0.681,790.46,1670.13,0.709,posterior,633.5675280363062,753.2441496941203,False,620.2810997457927,1077.1209192473652,594.8007579720796
208,6933,637.5,619.46,0.999,475.68,778.32,1.0,789.75,794.03,0.999,400.2,1008.24,0.967,852.75,1021.9,0.859,489.03,886.52,0.178,761.19,906.11,0.093,521.72,1189.63,1.0,705.57,1199.46,1.0,439.28,1371.08,0.845,776.65,1394.78,0.831,432.34,1650.87,0.824,759.46,1675.62,0.882,437.64,1716.75,0.82,744.68,1748.33,0.868,404.23,1638.81,0.643,789.83,1670.11,0.72,posterior,632.7133613347669,786.1767896380469,False,618.9890839768981,1102.2968798608392,594.0984580203146
209,6966,636.6,648.49,0.999,478.48,807.55,0.999,787.16,820.32,0.999,404.41,1033.24,0.956,848.24,1043.4,0.861,486.76,893.37,0.145,763.93,914.73,0.102,521.65,1206.59,1.0,704.24,1217.11,1.0,438.21,1388.23,0.795,783.49,1404.85,0.767,432.34,1650.92,0.808,759.46,1675.62,0.867,437.68,1716.8,0.797,744.54,1747.84,0.848,403.69,1638.83,0.601,790.29,1670.04,0.685,posterior,632.8230557851517,813.9341908317161,False,619.2153677560441,1121.9147128263612,594.0515492255155
210,7000,634.45,678.83,0.999,479.41,834.6,0.999,782.94,845.36,0.999,408.25,1056.91,0.926,836.76,1060.61,0.829,486.72,913.83,0.107,759.58,930.81,0.098,521.38,1224.08,1.0,702.79,1233.64,0.999,440.64,1403.26,0.804,781.1,1412.86,0.723,432.38,1651.13,0.795,759.49,1675.42,0.814,437.69,1716.84,0.814,744.71,1747.05,0.822,403.58,1639.01,0.617,790.17,1669.96,0.641,posterior,631.1709646997874,839.9791424106718,False,618.087487580851,1140.321360423271,594.0355567103232
211,7033,633.26,699.61,0.999,479.92,853.13,0.999,779.24,866.11,0.999,411.1,1074.31,0.94,829.38,1076.1,0.785,485.42,946.75,0.094,755.37,959.38,0.073,519.35,1240.13,1.0,701.14,1247.73,1.0,440.75,1413.11,0.624,775.9,1424.43,0.463,432.44,1651.96,0.632,759.34,1675.74,0.633,437.73,1716.96,0.7,744.67,1746.66,0.695,403.58,1639.47,0.421,790.17,1670.0,0.449,posterior,629.5799147897001,859.6184951125291,False,620.8682843060818,1035.6450324124403,591.1999841270076
212,7066,632.18,722.61,0.999,480.27,871.45,0.999,778.38,886.44,0.999,414.05,1090.93,0.907,824.78,1097.28,0.803,488.1,962.07,0.106,754.53,976.53,0.092,516.66,1261.33,1.0,699.47,1269.03,1.0,439.97,1422.2,0.714,772.55,1429.12,0.55,432.44,1652.4,0.809,759.06,1675.74,0.762,437.7,1716.95,0.847,744.5,1745.7,0.822,403.58,1639.74,0.633,789.91,1669.41,0.605,posterior,629.3251728173625,878.9428101859879,False,615.0037657287016,1172.3483115542308,593.9211932916401
213,7100,632.05,741.41,0.996,480.06,887.45,0.999,776.67,905.67,0.997,416.35,1105.78,0.706,818.8,1108.78,0.489,493.67,982.51,0.051,749.37,1000.28,0.037,514.87,1283.37,1.0,698.78,1290.48,1.0,436.72,1410.27,0.619,772.42,1430.59,0.393,432.42,1652.83,0.717,758.72,1675.81,0.616,437.71,1717.0,0.772,744.29,1745.01,0.698,402.75,1640.23,0.518,789.78,1668.68,0.459,posterior,628.3669441827931,896.5616621752994,False,599.6944740342869,1081.6896126405222,528.2498135053444
214,7133,631.46,756.51,0.997,479.13,902.41,0.999,776.33,922.17,0.998,415.85,1121.29,0.803,812.62,1126.24,0.427,494.97,1006.36,0.081,742.17,1031.18,0.028,513.03,1305.38,1.0,697.38,1315.08,1.0,434.4,1420.29,0.653,772.23,1437.76,0.418,432.42,1653.52,0.773,758.27,1675.95,0.647,437.71,1717.24,0.818,744.01,1744.65,0.736,402.44,1641.26,0.612,789.59,1668.87,0.518,posterior,627.7281670037243,912.2896422753054,False,598.6080773457796,1100.7530747424557,593.4361082502206
215,7166,630.25,769.25,0.995,478.68,917.66,0.999,774.84,932.73,0.997,417.74,1133.66,0.758,808.21,1135.52,0.435,496.67,1022.65,0.067,738.47,1047.14,0.03,511.36,1316.97,1.0,696.99,1327.39,0.999,434.7,1427.23,0.519,767.31,1443.9,0.281,432.43,1654.16,0.633,757.95,1676.03,0.495,437.71,1717.5,0.719,743.77,1744.15,0.635,402.15,1641.88,0.44,789.41,1668.93,0.367,posterior,626.7574575255098,925.1960737095578,False,597.7885326191986,1113.3286419691929,590.7433908318462
216,7200,627.0,777.69,0.997,478.53,925.1,0.999,774.29,941.07,0.998,417.12,1142.23,0.809,805.07,1140.08,0.423,496.93,1034.1,0.072,734.56,1056.78,0.022,510.69,1322.02,1.0,696.12,1330.7,1.0,429.64,1432.25,0.619,767.94,1445.03,0.372,432.45,1654.81,0.654,757.7,1676.19,0.53,437.71,1717.95,0.711,743.77,1743.75,0.63,401.65,1642.8,0.48,789.5,1668.99,0.405,posterior,626.4090899894524,933.082303411,False,597.2487421167601,1119.5690803990976,590.7433908318462
217,7233,625.3,783.26,0.998,477.82,929.24,0.999,772.83,945.08,0.999,416.26,1147.82,0.887,803.77,1142.47,0.538,495.64,1037.28,0.095,733.27,1058.77,0.036,510.99,1326.27,1.0,696.47,1334.91,1.0,425.94,1435.14,0.713,769.66,1443.61,0.452,432.45,1655.29,0.768,757.37,1676.39,0.686,437.71,1718.39,0.805,743.7,1743.45,0.782,400.62,1644.13,0.554,789.59,1669.16,0.507,posterior,625.3228961690666,937.1622138424952,False,615.1277775085939,1116.1494331132108,592.9066000214107
218,7266,621.37,785.39,0.996,477.0,929.53,0.999,770.58,944.8,0.997,417.78,1141.7,0.767,804.64,1136.86,0.406,496.79,1036.02,0.05,732.57,1059.03,0.02,510.41,1327.2,1.0,697.0,1335.88,0.999,424.16,1435.53,0.633,768.07,1444.56,0.349,432.48,1655.9,0.643,757.06,1676.65,0.521,437.71,1718.94,0.698,743.59,1743.45,0.616,399.72,1645.03,0.463,789.59,1669.4,0.386,posterior,623.790450499986,937.1639946176032,False,596.1651795668478,1123.917342959992,590.6515320990021
219,7300,618.33,779.76,0.995,474.14,925.35,0.999,768.44,940.74,0.997,416.08,1141.99,0.806,804.93,1130.24,0.507,495.64,1034.67,0.053,732.75,1051.74,0.027,508.9,1328.65,1.0,696.6,1337.35,0.999,424.49,1439.49,0.645,764.5,1447.17,0.377,432.56,1657.47,0.691,756.5,1677.01,0.561,437.74,1720.71,0.755,743.2,1743.52,0.676,399.08,1646.06,0.493,789.43,1669.7,0.41,posterior,621.2886212883388,933.0483633112276,False,612.7594271794736,1114.2063568063343,590.4671936115558
220,7333,618.37,771.23,0.997,472.73,917.7,0.999,767.96,933.66,0.998,414.96,1141.15,0.87,808.88,1128.04,0.684,494.39,1027.52,0.073,735.55,1043.96,0.05,508.59,1320.06,1.0,695.92,1328.81,1.0,421.29,1435.91,0.668,765.73,1442.63,0.51,432.59,1657.74,0.748,756.27,1677.18,0.706,437.75,1720.95,0.792,743.02,1743.34,0.772,397.93,1646.87,0.537,788.92,1669.56,0.51,posterior,620.3467664625774,925.6786097746177,False,607.1650841265954,1215.4732226969716,591.9046889843057
221,7366,616.37,763.13,0.998,471.2,910.86,0.999,766.57,925.32,0.999,412.96,1134.04,0.943,812.8,1123.21,0.777,491.73,1020.59,0.101,737.83,1039.39,0.063,508.17,1310.82,1.0,694.94,1319.66,1.0,422.66,1432.3,0.701,762.09,1439.77,0.577,432.63,1658.63,0.755,756.12,1677.3,0.778,437.75,1721.1,0.797,743.02,1742.75,0.812,398.32,1647.29,0.516,788.44,1669.52,0.575,posterior,618.8882826399579,918.088146109875,False,606.285284746019,1208.5690957208121,591.8836701052375
222,7399,615.97,747.67,0.999,469.65,902.5,1.0,765.68,912.81,0.999,407.7,1127.15,0.966,821.97,1119.32,0.853,485.74,1017.47,0.123,742.29,1030.96,0.093,507.65,1294.09,1.0,693.75,1301.2,1.0,422.9,1427.94,0.731,761.33,1435.33,0.659,432.63,1658.99,0.781,756.12,1677.2,0.844,437.78,1721.32,0.813,743.02,1742.32,0.858,397.91,1647.58,0.545,788.18,1669.78,0.664,posterior,617.6651053317066,907.6575248599718,False,605.6345155453683,1197.377600857001,591.7248222663123
223,7433,616.35,723.25,0.999,470.21,882.69,1.0,766.96,890.97,0.999,403.14,1105.04,0.96,834.34,1111.71,0.925,482.39,1003.59,0.152,752.81,1001.45,0.218,508.2,1269.25,1.0,690.74,1278.35,1.0,428.18,1426.22,0.8,763.69,1432.04,0.759,432.67,1659.63,0.792,755.92,1677.2,0.871,437.81,1721.49,0.79,742.76,1742.21,0.859,397.12,1647.58,0.549,788.18,1669.75,0.694,posterior,618.5863979923806,886.8273449273734,False,606.345230933677,1180.004982087048,591.4672926820824
224,7466,616.66,686.01,0.999,471.06,846.93,0.999,768.26,858.34,0.999,396.79,1071.59,0.941,847.08,1095.44,0.875,477.03,993.74,0.13,764.17,982.31,0.129,507.58,1235.53,0.999,688.73,1246.78,0.999,431.78,1420.79,0.794,762.82,1427.26,0.806,432.65,1659.49,0.766,755.72,1677.28,0.828,437.79,1721.49,0.739,742.62,1741.92,0.812,396.72,1647.16,0.488,788.34,1669.72,0.601,posterior,619.6595388578378,852.6331404494842,False,606.6374886236845,1153.704776743605,656.2516291517614
225,7500,618.83,646.75,0.999,470.72,807.63,1.0,769.6,821.62,0.998,389.33,1036.61,0.943,855.03,1065.16,0.754,478.4,989.33,0.103,756.65,981.96,0.053,507.14,1211.64,0.999,687.98,1224.42,0.999,437.35,1411.73,0.828,763.44,1420.63,0.805,432.65,1659.49,0.811,755.65,1677.31,0.836,437.74,1721.3,0.8,742.62,1741.92,0.818,396.88,1647.08,0.573,788.38,1669.57,0.61,posterior,620.1605250638527,814.6277549531187,False,607.0938741190306,1128.7336060112036,591.4047853203742
226,7533,622.65,600.53,0.998,471.64,761.83,0.999,773.01,780.92,0.998,386.25,988.51,0.918,855.32,1029.78,0.703,481.7,991.0,0.091,751.29,982.42,0.041,506.3,1181.67,0.999,686.39,1198.76,0.999,445.46,1395.9,0.906,763.97,1414.72,0.881,432.65,1659.81,0.782,755.58,1677.61,0.826,437.75,1721.71,0.793,742.57,1742.1,0.823,396.67,1646.98,0.404,788.54,1669.6,0.461,posterior,622.326376561389,771.3739723001809,False,607.9731486846237,1099.1641187075609,590.16095055362
227,7566,622.99,556.02,0.999,471.77,716.23,1.0,778.03,739.42,0.999,380.21,943.31,0.937,853.06,991.37,0.827,477.96,990.46,0.151,747.07,990.27,0.097,505.57,1151.33,0.999,686.51,1167.06,0.999,449.22,1377.61,0.939,762.88,1403.67,0.891,432.66,1659.81,0.879,755.49,1677.73,0.864,437.79,1721.95,0.876,742.62,1742.15,0.848,396.4,1647.0,0.555,788.54,1669.57,0.54,posterior,624.9018624234067,727.828880726444,False,608.6764597012036,1067.6666128944273,591.3355316355315
228,7600,625.06,512.64,0.999,470.9,676.03,1.0,780.54,695.14,1.0,376.3,905.04,0.967,848.17,948.87,0.921,473.34,991.93,0.286,749.75,1002.72,0.195,506.2,1119.39,0.999,686.72,1134.18,0.999,448.91,1358.26,0.98,760.88,1393.73,0.968,432.66,1659.64,0.948,755.39,1677.63,0.945,437.84,1721.82,0.942,742.57,1742.2,0.948,396.27,1646.91,0.664,788.1,1669.58,0.647,posterior,625.7206402762804,685.5863546310015,False,608.6372280706307,1036.173385377228,591.1946722499456
229,7633,628.62,468.21,1.0,470.44,634.2,1.0,785.01,652.73,1.0,372.27,860.62,0.979,845.95,905.0,0.965,463.31,989.51,0.384,769.68,1022.7,0.447,507.34,1083.73,1.0,687.63,1095.17,0.999,449.84,1342.52,0.991,760.84,1383.09,0.982,432.65,1659.61,0.966,755.28,1677.79,0.961,437.84,1721.82,0.959,742.42,1743.16,0.963,396.07,1646.86,0.701,788.1,1669.59,0.688,posterior,627.7253656878088,643.4647651316036,False,609.5666288701485,1002.8755589849909,591.107433164935
230,7666,632.83,424.65,1.0,470.59,587.76,1.0,787.82,607.02,1.0,370.28,821.86,0.969,844.36,871.97,0.972,446.8,990.3,0.441,791.9,1056.08,0.748,508.65,1056.1,1.0,688.89,1064.83,0.999,450.9,1330.09,0.969,760.73,1374.71,0.941,432.65,1659.58,0.95,755.24,1677.72,0.926,437.84,1721.89,0.933,742.49,1743.5,0.925,396.27,1646.44,0.744,788.03,1669.46,0.677,posterior,629.2064769800223,597.386719065044,False,610.5101029602133,972.3386777339778,591.1571878849117
231,7700,634.84,382.39,1.0,471.06,549.01,1.0,790.94,558.4,1.0,369.43,782.77,0.956,843.06,826.0,0.975,427.16,993.26,0.646,818.02,1055.37,0.862,509.79,1028.07,1.0,690.7,1033.93,0.999,450.73,1317.77,0.975,760.39,1366.51,0.947,432.63,1659.56,0.968,755.2,1677.76,0.943,437.84,1722.14,0.955,742.51,1744.66,0.935,396.27,1646.11,0.825,787.53,1669.49,0.735,posterior,630.9969967573994,553.7089113680377,False,611.5619860362001,942.031549522668,591.0375650798118
232,7733,635.2,343.61,1.0,469.75,512.49,1.0,790.61,512.4,1.0,367.87,745.64,0.939,842.34,782.35,0.986,408.34,990.57,0.711,842.42,1044.14,0.929,510.38,1003.62,1.0,691.03,1009.76,1.0,453.07,1314.79,0.986,759.94,1360.53,0.975,432.62,1659.55,0.981,755.28,1677.76,0.965,437.92,1722.29,0.979,742.53,1745.66,0.964,396.27,1646.11,0.86,787.53,1669.65,0.782,posterior,630.1789113259435,512.4415172101573,False,611.5354601651492,915.5434139796771,591.0621244496122
233,7766,636.33,312.07,1.0,468.83,481.67,1.0,793.47,479.19,1.0,367.83,712.46,0.96,842.05,740.65,0.984,379.27,980.73,0.8,861.09,1025.79,0.91,510.66,978.1,1.0,692.19,983.88,1.0,454.76,1309.13,0.992,759.0,1348.82,0.983,432.53,1659.56,0.988,755.25,1677.99,0.975,437.9,1722.33,0.981,742.52,1745.95,0.957,396.65,1646.22,0.904,786.92,1670.85,0.824,posterior,631.1516840029751,480.43334867297347,False,612.1808683299673,891.2067441491972,590.9970952776717
234,7800,640.17,285.95,1.0,468.93,451.96,1.0,795.01,448.68,1.0,366.13,681.32,0.979,841.42,702.68,0.988,351.17,956.98,0.9,877.19,991.81,0.926,511.2,960.94,1.0,691.9,968.27,1.0,457.42,1305.27,0.994,758.75,1337.91,0.991,432.41,1659.6,0.99,755.27,1678.74,0.984,437.79,1722.33,0.988,742.59,1746.6,0.978,398.78,1646.14,0.898,787.08,1672.52,0.844,posterior,631.9694840661173,450.32158094253,False,612.6201564200413,871.4205332474211,591.5626035643317
235,7833,639.67,267.78,1.0,469.59,425.86,1.0,796.62,421.55,1.0,362.44,654.59,0.985,842.57,667.05,0.989,331.62,932.53,0.908,888.8,952.18,0.889,513.31,947.11,1.0,695.13,950.75,1.0,457.52,1301.31,0.995,758.11,1333.11,0.99,432.12,1660.43,0.99,755.28,1679.6,0.98,437.75,1723.25,0.989,742.76,1747.54,0.975,399.1,1646.49,0.888,787.08,1676.82,0.812,posterior,633.1020499440515,423.7042311493158,False,613.8740909127331,853.8162530553265,591.6715369195538
236,7866,639.71,253.29,1.0,469.98,407.4,1.0,798.09,400.23,1.0,357.83,634.73,0.991,844.29,640.25,0.991,314.64,903.41,0.934,897.26,915.18,0.877,513.77,936.62,1.0,694.67,940.61,1.0,459.15,1295.23,0.996,757.67,1331.68,0.994,431.95,1660.87,0.993,755.28,1680.16,0.988,437.66,1724.03,0.992,742.83,1748.65,0.987,399.2,1646.63,0.884,787.18,1676.43,0.84,posterior,634.0368646620146,403.8160655317991,False,614.1861480304851,841.0984974166003,591.7189803743424
237,7899,639.05,238.48,1.0,471.23,390.92,1.0,798.5,384.89,1.0,354.63,612.98,0.992,847.04,623.38,0.991,306.51,876.75,0.939,906.55,886.83,0.86,515.81,933.15,1.0,695.5,935.18,0.999,464.56,1293.12,0.995,757.16,1327.49,0.994,431.86,1660.98,0.989,755.33,1680.01,0.985,437.7,1724.55,0.99,743.07,1749.99,0.986,399.74,1646.98,0.841,787.18,1677.07,0.802,posterior,634.8686778848811,387.9029728268,False,615.3832588684713,832.2580810854298,591.9218101364722
238,7933,639.61,226.67,1.0,471.43,379.39,1.0,797.85,370.59,1.0,348.39,597.81,0.989,850.55,607.04,0.993,294.8,856.45,0.922,915.48,868.14,0.887,517.07,926.91,1.0,696.4,926.93,0.999,472.56,1291.15,0.996,756.77,1326.5,0.995,431.78,1661.15,0.988,755.36,1680.01,0.984,437.71,1725.01,0.99,743.07,1751.87,0.987,400.47,1647.51,0.832,787.34,1678.36,0.799,posterior,634.6359381397942,374.9885903072835,False,616.2278885016991,823.8966883599632,592.1486823739859
239,7966,638.53,222.65,1.0,472.29,371.44,1.0,797.12,361.66,1.0,345.73,591.04,0.99,854.46,596.01,0.993,291.81,846.01,0.933,919.66,854.69,0.875,518.08,922.55,0.999,696.1,923.0,0.999,477.33,1288.63,0.991,755.85,1322.47,0.992,431.71,1661.09,0.982,755.39,1680.08,0.979,437.73,1724.92,0.986,743.22,1753.52,0.984,400.95,1648.16,0.791,787.31,1680.85,0.76,posterior,634.7045958670196,366.54892355958805,False,616.7317277646962,818.368574883721,592.3011506408043
240,8000,638.34,218.01,1.0,473.75,366.87,1.0,796.49,356.09,1.0,346.99,584.62,0.99,857.78,593.14,0.992,290.98,840.75,0.929,923.11,849.72,0.872,520.2,921.06,1.0,697.26,921.99,1.0,480.35,1285.52,0.996,754.75,1320.31,0.996,431.62,1661.09,0.99,755.41,1680.08,0.988,437.82,1725.14,0.992,743.29,1754.97,0.99,400.83,1648.51,0.845,787.28,1681.99,0.812,posterior,635.1176634626893,361.478755717746,False,617.786732615932,815.4527359884419,592.3074713578151
241,8033,636.94,212.96,1.0,473.83,364.4,1.0,795.67,353.48,1.0,349.01,583.1,0.991,859.18,587.71,0.993,294.37,838.6,0.937,922.44,844.46,0.882,521.64,917.73,1.0,697.32,918.81,0.999,482.83,1280.06,0.994,752.59,1319.38,0.995,431.41,1661.01,0.986,755.49,1680.31,0.986,437.8,1725.05,0.989,743.29,1756.36,0.989,401.54,1648.72,0.808,787.68,1682.65,0.798,posterior,634.7500156925653,358.94163892333086,False,618.0780554950235,812.6366583330026,592.5766992644595
242,8066,637.0,210.48,1.0,473.74,363.44,1.0,795.01,355.13,1.0,351.28,584.98,0.991,858.04,589.54,0.993,298.39,838.36,0.933,920.78,847.25,0.891,522.81,916.12,1.0,697.99,917.79,1.0,483.82,1279.28,0.995,748.82,1319.55,0.995,431.06,1660.99,0.988,755.52,1680.65,0.987,437.7,1725.32,0.99,743.25,1757.88,0.989,402.23,1648.8,0.823,787.79,1683.16,0.811,posterior,634.3733320650567,359.2869298135827,False,618.1004897699099,812.3434551963396,592.7430636188755
243,8100,637.02,207.41,1.0,473.0,363.44,1.0,795.11,353.66,1.0,352.85,591.74,0.986,856.18,590.84,0.992,303.22,843.62,0.915,918.35,851.83,0.912,522.43,912.6,1.0,697.64,915.12,0.999,482.49,1280.46,0.986,745.56,1318.58,0.991,430.65,1660.98,0.979,755.49,1681.08,0.979,437.24,1725.56,0.982,743.2,1758.71,0.981,404.11,1648.65,0.807,788.78,1683.35,0.804,posterior,634.0535775791327,358.5536230479905,False,617.4627846265873,811.2245979125609,593.333543329428
244,8133,637.13,206.0,1.0,471.95,365.96,1.0,795.22,354.82,1.0,354.52,599.08,0.983,854.82,597.64,0.991,308.12,850.04,0.879,915.3,857.41,0.881,523.41,915.45,1.0,697.28,918.7,0.999,482.48,1282.77,0.985,742.56,1320.62,0.99,430.12,1660.95,0.976,755.4,1681.78,0.978,436.6,1725.75,0.98,743.04,1760.02,0.98,405.73,1648.61,0.779,789.49,1684.01,0.789,posterior,633.584492652941,360.39143674086375,False,617.1690823213053,813.8804355389268,593.7124136808235
245,8166,636.74,203.18,1.0,470.41,368.28,1.0,795.03,357.37,1.0,358.38,603.97,0.986,854.02,603.15,0.989,321.32,855.63,0.909,912.74,863.51,0.904,523.56,917.49,1.0,697.14,921.59,0.999,480.78,1284.81,0.988,740.72,1322.95,0.989,429.72,1660.95,0.982,755.42,1682.34,0.977,436.06,1726.44,0.982,743.06,1760.9,0.975,406.33,1648.83,0.853,790.6,1684.13,0.814,posterior,632.7196996170667,362.82753943094554,False,616.6825163603273,816.3392237386834,594.0093376374623
246,8200,636.35,203.32,1.0,467.46,372.66,1.0,794.64,361.03,1.0,361.26,612.59,0.977,852.37,608.73,0.989,345.34,866.87,0.864,909.37,868.12,0.903,523.07,918.27,0.999,696.91,922.61,0.999,479.66,1285.14,0.985,740.87,1324.1,0.985,429.03,1660.8,0.973,755.41,1683.1,0.969,435.38,1726.34,0.975,742.84,1762.73,0.97,406.77,1648.83,0.792,790.91,1684.56,0.756,posterior,631.0492314850342,366.8454889634362,False,615.922004739891,818.6414302396472,593.977959258022
247,8233,636.23,207.1,1.0,465.82,376.51,1.0,793.85,365.58,1.0,363.1,621.44,0.981,850.23,616.16,0.99,368.44,874.93,0.794,903.15,879.26,0.889,522.63,919.14,0.999,696.84,923.18,0.999,477.07,1285.45,0.988,738.66,1324.8,0.984,428.73,1660.63,0.978,755.37,1683.35,0.969,435.1,1726.34,0.978,742.68,1762.73,0.967,407.81,1648.79,0.832,790.52,1685.31,0.78,posterior,629.8304913641653,371.0454905318654,False,615.0069476205646,820.9529917138148,594.0272367971344
248,8266,633.59,211.82,1.0,463.91,386.15,1.0,792.54,372.7,1.0,365.8,638.06,0.959,846.98,631.51,0.983,391.81,891.25,0.67,892.01,893.37,0.87,522.37,921.35,0.999,696.82,924.99,0.999,474.32,1285.91,0.98,739.73,1325.64,0.967,428.61,1660.55,0.964,755.37,1683.2,0.948,434.91,1726.47,0.963,742.68,1762.49,0.941,408.73,1648.88,0.787,790.38,1685.23,0.719,posterior,628.2249282221625,379.42930175591454,False,614.2547127975552,825.691386989625,594.1737567850392
249,8300,633.57,223.67,1.0,461.39,407.21,1.0,792.14,387.91,1.0,368.09,669.61,0.976,843.77,651.96,0.987,416.87,901.93,0.577,876.2,903.68,0.76,522.29,929.69,0.999,696.11,933.03,0.999,469.01,1288.2,0.978,741.46,1325.66,0.966,428.12,1660.55,0.957,755.38,1683.71,0.938,434.69,1726.61,0.955,742.74,1762.49,0.93,409.37,1649.2,0.733,790.56,1685.23,0.673,posterior,626.7655045076096,397.56189313429485,False,613.2790226133977,836.8180796898695,594.3419424550227
250,8333,631.41,246.36,1.0,460.34,435.07,1.0,791.0,413.9,1.0,370.46,701.97,0.957,840.53,672.95,0.99,432.58,895.36,0.279,864.65,907.62,0.719,521.53,943.34,0.999,694.23,947.09,0.999,463.8,1293.98,0.973,743.95,1327.71,0.964,427.72,1660.52,0.935,755.39,1684.16,0.921,434.51,1726.76,0.933,742.71,1762.72,0.926,408.95,1649.12,0.623,791.66,1685.1,0.622,posterior,625.6695754334473,424.4849886456259,False,612.1547936277636,853.5409640818846,594.4571408245395
251,8366,629.44,281.68,1.0,458.37,469.24,1.0,790.66,443.57,1.0,372.02,736.46,0.936,841.37,707.06,0.984,452.7,890.09,0.155,842.99,916.05,0.472,520.46,963.71,0.999,694.35,967.8,0.999,459.61,1296.7,0.972,744.08,1330.51,0.968,427.81,1660.52,0.941,755.08,1684.37,0.926,434.67,1726.9,0.937,742.14,1762.87,0.926,408.58,1649.17,0.689,791.31,1685.1,0.659,posterior,624.5150470875133,456.40591485072775,False,611.329092149614,874.7721848103376,594.1766865109979
252,8400,627.36,326.62,1.0,457.33,511.8,0.999,790.12,485.49,1.0,373.8,772.42,0.911,844.5,755.22,0.935,466.09,887.92,0.105,818.09,922.3,0.137,520.09,995.05,0.998,695.96,998.79,0.998,455.88,1304.26,0.952,746.55,1337.28,0.94,427.89,1660.52,0.877,755.02,1684.89,0.873,434.77,1726.9,0.868,741.96,1762.87,0.874,408.48,1649.23,0.5,791.31,1685.1,0.485,posterior,623.7216480332204,498.64538024736817,False,611.3517337576993,904.7162283231944,528.4062927156698
253,8433,626.2,360.76,0.999,455.34,550.92,0.999,789.4,539.57,0.999,375.02,805.53,0.836,845.91,801.91,0.876,472.0,886.03,0.099,789.54,917.7,0.147,519.95,1026.44,0.997,697.46,1030.91,0.998,452.5,1312.73,0.956,748.87,1343.47,0.921,427.98,1660.39,0.888,754.96,1684.99,0.867,434.83,1726.8,0.871,742.01,1762.71,0.846,408.2,1649.19,0.54,791.21,1685.03,0.499,posterior,622.3742059588873,545.2463515339327,False,611.1483424438507,936.2358773043213,528.344988188475
254,8466,624.02,401.1,0.999,455.39,591.96,0.999,788.72,587.42,0.999,377.36,840.66,0.854,847.0,844.59,0.862,479.35,883.47,0.072,768.69,912.26,0.11,520.5,1056.22,0.997,700.15,1063.2,0.997,449.79,1318.7,0.954,750.92,1351.01,0.907,427.98,1660.28,0.868,754.8,1684.91,0.84,434.84,1726.75,0.854,741.92,1762.62,0.813,407.61,1649.18,0.52,790.62,1684.74,0.461,posterior,622.0567842484579,589.6877953920439,False,611.7023782547508,966.5869867759556,528.1252475675891
255,8500,623.13,446.47,0.999,455.73,630.58,0.999,786.74,631.08,0.998,380.13,879.85,0.789,847.56,886.44,0.697,490.87,882.56,0.029,746.58,909.09,0.038,520.58,1081.94,0.997,702.1,1089.91,0.996,447.79,1323.6,0.96,756.33,1356.18,0.92,427.94,1659.98,0.883,754.72,1684.77,0.879,434.91,1726.47,0.867,741.98,1762.44,0.828,406.05,1649.18,0.546,790.02,1684.23,0.501,posterior,621.2379513792835,630.8291465871403,False,612.1829213387737,993.8340673430656,593.2404936757857
256,8533,621.81,463.11,0.999,456.25,643.7,0.999,785.24,645.13,0.998,381.97,892.21,0.811,847.76,900.09,0.719,497.32,882.81,0.032,732.1,906.87,0.037,520.5,1092.84,0.997,703.81,1100.94,0.996,446.14,1327.37,0.962,759.95,1359.85,0.932,427.92,1659.75,0.884,754.58,1684.77,0.888,435.04,1726.28,0.872,741.87,1762.26,0.843,404.41,1649.14,0.544,789.55,1683.31,0.51,posterior,620.744611244489,644.4166691301091,False,612.5389888405612,1003.9983976819484,592.7165822326824
257,8566,621.56,522.91,0.999,458.3,691.21,0.999,783.05,697.55,0.998,388.92,934.15,0.941,843.89,947.08,0.768,490.13,871.74,0.083,743.53,906.34,0.026,520.37,1118.87,0.997,705.42,1127.9,0.998,447.66,1332.33,0.928,767.79,1366.38,0.94,427.92,1659.81,0.831,754.58,1684.73,0.907,435.07,1726.32,0.789,741.6,1762.02,0.859,403.72,1648.97,0.497,789.32,1682.35,0.598,posterior,620.6763155759315,694.379881809532,False,613.6413109535996,1034.7320521890101,655.327211819522
258,8600,619.7,575.81,0.998,460.07,725.9,0.999,779.76,737.16,0.997,395.04,976.17,0.921,839.51,981.02,0.733,481.52,866.05,0.129,746.47,897.43,0.045,519.33,1147.77,0.996,705.24,1153.94,0.996,444.73,1344.25,0.876,770.29,1378.13,0.906,427.92,1659.61,0.783,754.46,1684.76,0.854,435.03,1726.08,0.72,741.45,1762.02,0.793,402.52,1648.95,0.57,789.59,1681.0,0.636,posterior,619.9130099016404,731.531526747978,False,613.1727112485625,1062.0217902401528,592.1478623869541
259,8633,620.96,609.92,0.999,461.06,760.33,0.999,775.92,770.38,0.998,398.78,1005.66,0.913,830.6,1005.8,0.802,476.88,867.86,0.146,747.47,890.75,0.072,519.27,1165.1,0.999,704.58,1169.91,0.999,442.62,1365.47,0.859,775.34,1385.99,0.858,427.89,1659.61,0.805,754.38,1684.73,0.866,435.01,1725.97,0.769,741.34,1761.59,0.809,401.06,1648.92,0.611,789.49,1680.0,0.668,posterior,618.4911565019127,765.3580632981821,False,612.6167138104622,1083.8555699076471,591.7259577442727
260,8666,621.92,636.35,0.999,463.1,789.78,0.999,773.69,796.91,0.997,403.96,1026.92,0.848,822.08,1025.69,0.594,478.32,877.82,0.073,738.51,897.91,0.029,518.54,1185.58,0.999,702.81,1189.12,0.999,443.19,1383.65,0.827,776.65,1396.6,0.792,427.91,1659.55,0.757,754.43,1684.63,0.798,435.07,1725.75,0.756,741.39,1760.28,0.777,400.02,1648.96,0.527,789.26,1678.52,0.563,posterior,618.3942804044584,793.3448446657817,False,612.1607193150307,1104.4481773360133,591.4344836421362
261,8700,619.45,663.97,0.999,465.54,814.91,0.999,771.08,819.41,0.998,410.2,1048.36,0.897,812.38,1038.61,0.497,479.71,898.93,0.084,727.13,924.06,0.017,519.54,1204.6,0.999,701.75,1207.52,0.999,435.95,1386.51,0.851,774.72,1407.35,0.765,427.94,1659.47,0.783,754.48,1684.61,0.817,435.56,1725.31,0.772,741.47,1759.56,0.779,398.08,1648.97,0.537,789.26,1677.38,0.555,posterior,618.3101869131337,817.1614289742371,False,598.7325102074525,1135.1639806002559,591.0933772360777
262,8733,617.0,685.21,0.999,466.52,841.53,0.999,768.99,844.46,0.998,414.1,1059.48,0.873,806.5,1052.72,0.578,483.85,930.11,0.065,721.93,957.57,0.023,518.52,1221.62,0.999,698.44,1226.04,0.999,436.41,1401.02,0.734,771.96,1417.27,0.67,427.95,1659.39,0.688,754.46,1684.52,0.713,435.6,1725.0,0.698,741.43,1757.4,0.724,396.83,1648.97,0.425,789.04,1676.23,0.45,posterior,617.7509706013287,842.9955454523952,False,610.0266509830069,1139.982714782694,588.5179935695146
263,8766,616.9,704.28,0.997,467.72,858.93,0.999,766.26,861.08,0.997,416.06,1073.33,0.842,801.37,1063.24,0.458,490.76,974.92,0.037,722.02,991.4,0.018,518.2,1231.88,0.999,695.85,1234.57,0.999,436.08,1409.53,0.75,769.22,1422.65,0.617,428.0,1659.3,0.706,754.42,1684.31,0.708,435.79,1724.71,0.698,741.37,1755.22,0.705,396.11,1648.97,0.41,789.12,1674.88,0.44,posterior,616.9921143032198,860.0082731310602,False,596.7134557711863,1164.3251674772698,588.5784064977561
264,8800,615.11,721.1,0.999,468.1,877.47,1.0,764.54,877.9,0.999,417.76,1097.4,0.935,799.02,1084.6,0.7,492.24,989.97,0.095,723.5,1001.54,0.051,517.88,1246.92,1.0,695.33,1251.27,1.0,431.52,1410.28,0.823,768.69,1423.76,0.738,428.03,1659.3,0.845,754.34,1684.2,0.886,436.02,1724.36,0.838,741.25,1753.42,0.876,395.05,1649.1,0.631,788.95,1674.69,0.702,posterior,616.3202590482521,877.6877687653442,False,608.059256926865,1164.7671231574063,590.3180153931645
265,8833,614.28,736.96,0.999,469.12,892.6,0.999,764.62,895.47,0.999,419.08,1109.95,0.882,799.02,1097.32,0.616,493.86,1000.39,0.098,724.66,1014.04,0.042,516.43,1263.47,1.0,694.47,1267.15,1.0,431.35,1417.93,0.71,763.01,1429.62,0.56,428.07,1659.37,0.758,754.31,1684.26,0.748,436.13,1724.36,0.785,741.25,1752.1,0.781,394.2,1649.26,0.568,787.34,1675.25,0.572,posterior,616.8724267821358,894.0316923206144,False,607.3877143332854,1178.3105475998252,589.7269080320962
266,8866,614.78,751.78,1.0,469.05,903.65,0.999,764.11,906.74,0.999,418.74,1127.38,0.885,795.63,1109.67,0.498,496.6,1012.03,0.089,722.7,1030.85,0.029,514.9,1281.15,1.0,694.64,1285.29,1.0,424.8,1420.22,0.827,763.66,1432.6,0.633,428.07,1659.37,0.913,754.11,1684.28,0.897,436.13,1724.23,0.926,741.04,1751.18,0.934,393.54,1649.45,0.751,786.08,1674.92,0.729,posterior,616.5834820262901,905.1946418656023,False,594.3785754553128,1202.8649610152172,589.1953281108277
267,8900,614.99,764.16,0.999,468.81,917.05,0.999,763.48,919.88,0.998,419.23,1136.93,0.836,794.75,1119.94,0.512,495.82,1015.94,0.098,723.76,1027.25,0.038,514.4,1300.21,1.0,695.69,1305.28,1.0,422.65,1420.47,0.716,762.81,1434.93,0.459,428.14,1659.34,0.82,753.86,1684.23,0.726,436.31,1724.01,0.857,740.86,1750.16,0.792,391.75,1649.74,0.663,785.01,1674.01,0.558,posterior,616.1428079428266,918.4661500014201,False,610.7810417517518,1093.9437670966934,588.4835120429243
268,8933,613.93,772.08,0.997,468.4,923.51,0.999,762.87,925.48,0.997,418.49,1144.2,0.804,794.7,1122.68,0.534,495.47,1022.97,0.083,724.31,1034.35,0.034,511.64,1312.65,1.0,695.56,1319.07,0.999,423.18,1425.99,0.682,755.99,1441.73,0.388,428.24,1659.35,0.78,753.37,1684.23,0.617,436.31,1724.09,0.831,740.5,1749.44,0.738,391.75,1649.85,0.594,783.57,1674.11,0.451,posterior,615.632980910424,924.4938470475338,False,609.9040350176091,1102.738323555126,522.8548208207204
269,8966,612.38,779.05,0.999,468.41,926.43,1.0,763.07,931.66,0.999,418.49,1147.02,0.85,794.54,1130.59,0.535,496.47,1031.14,0.082,723.66,1043.02,0.029,510.17,1314.14,1.0,695.31,1323.0,1.0,419.82,1416.07,0.817,758.82,1439.99,0.6,428.27,1659.31,0.892,753.03,1684.21,0.825,436.37,1723.55,0.911,740.25,1748.96,0.877,391.14,1650.45,0.763,783.22,1673.37,0.659,posterior,615.7426367046448,929.046959635565,False,604.5344677962569,1213.1524043039333,587.7430898208984
270,9000,611.97,777.47,0.999,468.51,926.34,0.999,762.64,933.7,0.999,418.65,1149.11,0.839,793.69,1129.98,0.523,495.24,1030.56,0.091,723.33,1042.13,0.031,510.31,1314.26,1.0,695.09,1323.12,1.0,419.46,1418.49,0.775,762.91,1438.46,0.619,428.27,1659.25,0.859,752.77,1684.21,0.811,436.37,1723.34,0.878,740.1,1748.28,0.853,389.98,1650.85,0.698,783.56,1672.23,0.625,posterior,615.576673202984,930.0245679972081,False,604.7293849138906,1213.6455778113002,587.5038127627599
271,9033,611.86,774.47,1.0,467.99,922.88,1.0,762.34,929.93,0.999,418.14,1150.25,0.853,794.31,1131.54,0.614,496.33,1030.68,0.087,724.45,1044.98,0.033,509.81,1308.08,1.0,694.28,1316.55,1.0,414.58,1416.81,0.857,769.33,1434.28,0.757,428.3,1659.11,0.935,752.38,1684.16,0.931,436.44,1722.75,0.947,739.74,1747.34,0.959,389.56,1651.03,0.776,783.67,1671.34,0.749,posterior,615.1660999532196,926.4027155439821,False,604.4599756607357,1209.6367511240667,587.3511461761415
272,9066,611.78,768.4,0.999,467.0,918.71,1.0,762.44,923.02,0.999,416.4,1145.02,0.96,797.02,1127.43,0.805,493.78,1029.05,0.155,727.3,1040.77,0.074,510.47,1298.3,1.0,694.17,1306.25,1.0,418.45,1415.76,0.764,766.54,1432.47,0.66,428.49,1659.17,0.829,752.38,1684.06,0.869,436.62,1722.75,0.852,739.74,1746.64,0.877,390.07,1651.3,0.615,783.35,1671.97,0.693,posterior,614.7207819454853,920.8610580580689,False,604.5362839678244,1203.4570521468688,587.4451838872557
273,9100,610.84,760.36,1.0,466.91,913.3,1.0,761.98,916.33,1.0,415.64,1138.3,0.979,800.6,1121.69,0.823,489.92,1021.52,0.326,731.6,1036.56,0.095,510.08,1292.43,1.0,693.96,1300.41,1.0,419.32,1411.68,0.827,765.47,1433.3,0.767,428.49,1659.04,0.912,752.13,1683.95,0.951,436.81,1721.78,0.921,739.5,1746.09,0.953,389.88,1651.49,0.791,782.61,1672.02,0.866,posterior,614.4469769197385,914.8106171002069,False,604.3993545700287,1198.5313072588112,587.2008890573815
274,9133,610.75,751.08,1.0,466.93,905.84,1.0,762.44,909.23,0.999,413.26,1130.19,0.945,807.0,1117.52,0.832,491.38,1017.92,0.153,737.2,1035.16,0.09,508.87,1280.35,1.0,691.73,1288.42,1.0,418.19,1407.91,0.811,765.37,1431.66,0.788,428.52,1658.77,0.877,751.83,1683.74,0.928,436.81,1720.21,0.887,739.2,1744.65,0.93,390.11,1651.4,0.714,781.68,1671.95,0.807,posterior,614.6854724100945,907.5307853481812,False,603.8594230389281,1190.6960990153405,586.9514118922316
275,9166,608.69,733.86,1.0,467.17,889.55,1.0,763.0,895.27,0.999,410.29,1114.0,0.971,821.95,1112.67,0.905,491.52,1004.59,0.255,748.66,1021.76,0.153,508.14,1263.75,1.0,691.35,1274.87,1.0,417.45,1406.98,0.828,766.91,1427.97,0.832,428.55,1658.57,0.873,751.83,1683.44,0.942,436.73,1718.71,0.869,738.7,1743.04,0.942,390.21,1651.25,0.68,781.56,1671.73,0.824,posterior,615.0864318969309,892.4108905137659,False,604.24111965313,1178.8339692265965,586.8016344267454
276,9200,608.35,709.49,0.999,468.21,863.58,1.0,764.39,871.86,0.999,405.02,1091.12,0.977,832.75,1101.26,0.907,487.75,979.1,0.285,755.93,993.5,0.146,507.23,1239.34,1.0,690.61,1250.57,1.0,420.94,1407.94,0.924,763.81,1425.56,0.884,428.64,1658.61,0.917,751.73,1683.3,0.945,436.75,1718.93,0.909,738.58,1742.02,0.936,390.12,1651.23,0.695,781.77,1671.35,0.788,posterior,616.2985975765474,867.7216186742928,False,604.554607219146,1160.0742504438058,586.8061261140443
277,9233,608.37,677.8,0.999,467.95,830.59,1.0,766.23,841.98,0.999,397.76,1061.99,0.957,840.45,1079.32,0.847,481.24,976.07,0.144,753.32,986.59,0.081,505.67,1214.46,0.999,689.64,1225.99,0.999,423.08,1402.62,0.865,761.71,1422.7,0.781,428.7,1658.61,0.856,751.73,1683.3,0.869,436.92,1719.14,0.862,738.66,1742.59,0.87,390.09,1651.16,0.611,781.86,1670.89,0.641,posterior,617.0867667795997,836.2830094797035,False,604.3684606574928,1137.7960990390554,586.8834522664788
278,9266,608.14,639.25,0.999,467.51,789.92,1.0,767.72,805.51,0.999,393.05,1030.92,0.856,848.11,1054.8,0.685,481.65,963.11,0.072,748.47,971.45,0.044,503.63,1187.64,0.999,689.53,1200.59,0.999,428.75,1388.02,0.881,761.75,1416.31,0.839,428.7,1658.61,0.826,751.73,1683.3,0.853,436.85,1718.93,0.837,738.66,1742.77,0.836,390.11,1650.94,0.52,781.98,1670.28,0.568,posterior,617.6157710492134,797.7165350850021,False,604.6982898553352,1111.4055855818965,586.9026123135907
279,9300,608.57,595.06,0.999,466.71,746.23,0.999,770.41,763.49,0.999,389.1,983.31,0.879,849.16,1016.42,0.771,482.03,962.26,0.057,742.04,967.13,0.043,504.14,1158.98,0.998,689.83,1173.09,0.998,434.0,1373.96,0.904,760.78,1403.19,0.91,428.7,1658.63,0.821,751.59,1683.38,0.855,436.85,1719.04,0.838,738.54,1743.08,0.836,390.11,1650.72,0.476,781.98,1670.14,0.487,posterior,618.5618796551712,754.8573063144477,False,605.4155830085687,1081.3386616657644,587.6969806911833
280,9333,608.37,550.41,0.999,465.61,705.06,1.0,772.36,722.73,0.999,380.8,938.98,0.931,848.41,971.54,0.904,475.0,967.41,0.109,741.6,975.47,0.112,505.72,1134.29,0.998,690.87,1144.97,0.998,438.49,1361.29,0.976,761.73,1393.46,0.955,428.78,1658.61,0.929,751.54,1683.4,0.929,436.94,1719.04,0.919,738.58,1743.18,0.914,390.11,1650.59,0.581,781.9,1670.0,0.578,posterior,618.9827312839666,713.8980399366428,False,606.1912972080083,1052.8185325842276,586.8835424231044
281,9366,608.64,506.47,0.999,463.37,669.07,1.0,773.08,677.25,0.999,373.46,899.4,0.949,846.9,926.67,0.905,472.97,970.63,0.195,743.74,981.42,0.121,506.77,1104.32,0.998,691.35,1114.02,0.998,440.24,1344.1,0.976,759.78,1385.24,0.954,428.74,1658.45,0.924,751.23,1683.45,0.912,436.94,1718.76,0.909,738.33,1743.28,0.904,390.09,1650.33,0.59,779.61,1670.27,0.561,posterior,618.2244685422819,673.1575442891749,False,605.9062758425596,1022.7648482084728,586.2441808986654
282,9400,609.63,465.69,0.999,461.46,621.72,1.0,774.08,632.62,1.0,364.05,855.8,0.972,843.75,882.79,0.968,462.43,967.49,0.261,761.47,992.3,0.39,508.83,1072.5,0.999,692.81,1076.41,0.999,442.61,1331.08,0.985,758.02,1372.0,0.97,428.74,1658.29,0.951,751.13,1683.45,0.936,436.94,1718.55,0.944,738.37,1743.86,0.941,389.9,1650.28,0.677,779.51,1670.3,0.632,posterior,617.7673091530245,627.170542153141,False,606.0479198824062,989.1601021852097,586.1819194920663
283,9433,611.73,430.3,0.999,459.29,584.63,1.0,774.29,587.57,1.0,360.32,820.53,0.962,841.71,843.54,0.977,455.04,967.79,0.321,786.22,1008.32,0.643,511.94,1045.07,0.999,694.31,1044.78,0.999,445.48,1322.32,0.974,757.19,1356.35,0.944,428.86,1658.34,0.934,751.13,1683.45,0.905,437.02,1718.73,0.923,738.43,1744.4,0.907,389.86,1650.23,0.669,779.42,1670.33,0.604,posterior,616.7886863194651,586.1006414546366,False,606.5601919976119,959.752411937136,586.1826291162706
284,9466,612.23,389.41,1.0,458.54,546.44,1.0,774.57,544.57,1.0,359.53,782.56,0.959,840.87,814.28,0.98,444.83,970.64,0.48,808.45,1021.49,0.787,513.63,1022.53,1.0,694.06,1023.41,0.999,448.03,1312.97,0.976,756.87,1352.61,0.951,428.96,1658.37,0.957,751.17,1683.45,0.936,437.08,1718.77,0.95,738.43,1745.48,0.937,389.84,1650.29,0.753,779.62,1670.51,0.684,posterior,616.5556144281186,545.5023320456667,False,606.8780641918974,934.4839516135754,586.2424575277487
285,9500,612.81,356.19,1.0,457.54,506.64,1.0,775.11,497.55,1.0,358.34,740.32,0.931,839.18,773.89,0.986,429.12,968.33,0.518,830.64,1015.77,0.841,513.6,1000.53,1.0,693.01,1003.48,0.999,451.45,1310.99,0.97,755.96,1350.38,0.964,428.91,1658.39,0.959,751.22,1683.45,0.938,437.05,1718.82,0.959,738.55,1746.44,0.949,389.97,1650.09,0.76,779.74,1671.0,0.696,posterior,616.3264114264174,502.09434267653023,False,606.705996590408,908.8400695165991,586.3302520781615
286,9533,614.52,332.68,1.0,457.19,478.21,1.0,775.32,469.51,1.0,355.75,704.01,0.963,837.6,737.26,0.991,410.33,958.13,0.652,849.17,1007.66,0.886,514.5,982.75,1.0,693.56,985.59,1.0,456.55,1309.53,0.989,755.59,1346.69,0.986,428.89,1658.39,0.981,751.23,1683.44,0.973,437.02,1718.99,0.98,738.7,1748.16,0.972,390.65,1649.96,0.825,780.21,1671.3,0.782,posterior,616.2570997886762,473.8581003058782,False,607.1972194580277,889.7692401817872,586.6450563190302
287,9566,617.02,301.98,1.0,457.78,454.46,1.0,777.45,444.4,1.0,355.39,679.0,0.978,836.75,698.8,0.991,390.18,943.81,0.791,862.21,981.1,0.898,517.47,964.54,1.0,696.16,966.55,0.999,458.85,1306.42,0.993,755.93,1339.23,0.989,428.86,1658.4,0.988,751.37,1683.47,0.979,437.02,1719.21,0.987,739.33,1748.66,0.973,392.21,1650.07,0.875,780.59,1671.24,0.803,posterior,617.6122342600225,449.43108926562354,False,608.8782358847604,871.5726365034398,587.2877863520765
288,9600,620.65,281.87,1.0,458.82,431.35,1.0,780.32,420.33,1.0,352.99,654.93,0.978,837.31,665.81,0.992,375.95,926.98,0.773,869.49,947.97,0.9,518.66,952.24,1.0,697.47,956.0,1.0,459.77,1305.01,0.992,756.81,1333.27,0.989,428.85,1658.65,0.987,751.52,1683.55,0.979,436.9,1719.62,0.984,740.3,1748.87,0.971,393.61,1650.08,0.879,781.82,1673.53,0.823,posterior,619.5691311394235,425.842035406407,False,610.1006892779457,856.8338486597447,588.1570994328467
289,9633,623.95,267.44,1.0,459.98,410.01,1.0,783.31,400.49,1.0,351.5,632.29,0.982,838.88,640.2,0.992,358.85,901.68,0.823,872.08,914.77,0.866,519.89,941.18,1.0,697.77,944.54,1.0,462.15,1301.82,0.993,756.83,1331.32,0.992,428.85,1659.11,0.987,751.48,1683.73,0.979,436.69,1720.17,0.986,740.3,1749.6,0.975,395.04,1650.09,0.859,782.09,1674.58,0.809,posterior,621.6449901732207,405.2520923850053,False,611.2877777064118,843.6509637853503,588.5324131001042
290,9666,625.66,256.84,1.0,462.3,393.25,1.0,786.3,388.69,1.0,350.25,614.86,0.984,843.18,623.3,0.992,351.38,878.4,0.819,874.18,896.49,0.861,522.97,933.14,1.0,700.53,936.49,0.999,465.0,1299.13,0.993,755.39,1327.69,0.99,428.72,1659.81,0.987,751.61,1683.8,0.977,436.54,1721.21,0.987,740.46,1750.18,0.973,395.51,1650.44,0.848,781.97,1675.19,0.794,posterior,624.3001642610195,390.97238604066825,False,613.4948144988548,834.1803418891269,588.620356020065
291,9700,627.05,251.77,1.0,467.49,384.68,1.0,787.28,375.3,1.0,350.94,599.2,0.983,845.94,602.26,0.993,348.65,861.0,0.807,875.04,868.54,0.806,524.33,930.4,1.0,701.09,933.38,1.0,470.99,1298.3,0.989,753.32,1327.37,0.99,428.48,1660.35,0.977,751.74,1684.01,0.976,435.92,1722.74,0.981,740.39,1751.31,0.981,397.59,1650.75,0.728,783.28,1675.55,0.749,posterior,627.3855121389006,379.9903482798168,False,615.3278851803152,828.0869682131301,589.2961262648956
292,9733,629.2,246.34,1.0,471.99,377.39,1.0,787.62,366.77,1.0,352.13,589.1,0.976,845.37,595.97,0.995,347.55,843.29,0.804,875.36,861.64,0.875,523.81,923.27,1.0,700.35,928.22,1.0,474.01,1297.45,0.981,751.39,1327.49,0.99,428.07,1660.35,0.97,752.05,1684.35,0.977,434.76,1723.47,0.977,740.45,1752.89,0.981,400.64,1651.81,0.744,784.77,1677.22,0.809,posterior,629.8033542085325,372.0812457804509,False,616.0181563349562,822.5133790694136,590.1543202239548
293,9766,631.77,243.98,1.0,476.72,373.41,1.0,788.31,361.09,1.0,353.78,582.85,0.975,844.42,591.64,0.994,346.95,831.32,0.823,874.74,851.07,0.861,523.74,918.1,1.0,700.11,924.02,1.0,478.13,1295.29,0.985,749.2,1326.38,0.991,427.83,1660.35,0.973,752.3,1684.42,0.978,434.26,1723.82,0.98,740.5,1753.38,0.983,403.8,1652.69,0.722,786.52,1678.15,0.785,posterior,632.5138911770953,367.2542852395726,False,617.0579530434452,818.5116976374125,591.2685542617692
294,9800,634.04,243.14,1.0,478.57,372.71,1.0,789.14,359.95,1.0,356.24,584.86,0.975,844.06,593.76,0.994,349.92,831.2,0.804,872.94,846.84,0.873,524.92,909.93,1.0,700.63,916.69,0.999,480.41,1290.21,0.982,747.08,1322.91,0.989,427.51,1660.26,0.967,752.44,1684.5,0.973,433.6,1724.13,0.975,740.57,1754.23,0.977,407.4,1653.08,0.725,787.32,1678.65,0.778,posterior,633.8532052016744,366.3282621603091,False,617.9093262041506,814.7422002584301,592.2227486227927
295,9833,635.56,241.38,1.0,479.56,374.08,1.0,789.85,360.69,1.0,357.91,584.81,0.976,843.57,598.41,0.991,349.55,829.9,0.808,871.97,854.43,0.851,526.11,914.91,1.0,701.14,921.4,0.999,481.66,1290.42,0.992,745.6,1324.81,0.991,427.42,1660.76,0.983,752.63,1684.71,0.977,433.71,1725.74,0.987,741.07,1755.01,0.978,407.19,1653.39,0.791,787.32,1679.32,0.774,posterior,634.7044110608456,367.3880769020388,False,618.5395739890497,817.2581407833715,592.3231881817685
296,9866,637.32,242.44,1.0,481.1,375.43,1.0,790.53,360.63,1.0,359.1,590.87,0.973,843.23,597.9,0.993,347.78,838.23,0.846,872.59,858.6,0.881,525.76,916.09,1.0,700.25,922.35,1.0,483.12,1292.87,0.984,744.89,1327.63,0.99,426.94,1661.7,0.973,752.63,1685.35,0.976,432.86,1727.38,0.979,740.96,1756.52,0.978,409.1,1654.61,0.753,788.5,1680.6,0.797,posterior,635.815481969352,368.0282603971667,False,618.7592416193903,818.524242509578,592.8567473792959
297,9900,640.2,239.08,1.0,481.5,374.83,1.0,793.32,363.41,1.0,360.24,595.12,0.984,843.08,600.78,0.993,346.84,841.74,0.892,872.37,862.68,0.888,525.38,915.2,1.0,699.66,922.31,0.999,483.55,1292.29,0.984,742.29,1327.8,0.99,426.74,1662.24,0.973,752.58,1685.61,0.976,432.06,1727.66,0.977,741.01,1756.93,0.977,410.04,1655.48,0.765,789.63,1681.53,0.799,posterior,637.4083255860669,369.1203655853759,False,618.9674140552493,818.9424113108008,593.1829062288817
298,9933,640.98,236.41,1.0,480.45,377.65,1.0,795.74,367.14,1.0,362.17,599.48,0.987,844.51,605.31,0.992,348.14,847.24,0.862,873.71,865.68,0.872,526.79,913.98,1.0,700.53,920.2,1.0,481.99,1291.28,0.994,743.58,1326.46,0.991,426.8,1662.81,0.987,752.69,1685.53,0.978,432.24,1728.2,0.986,741.53,1756.6,0.975,409.72,1655.31,0.847,789.63,1681.8,0.797,posterior,638.095301650869,372.3974623911063,False,619.723664039803,819.550464291461,593.2813176227253
299,9966,642.12,240.62,1.0,480.23,381.41,1.0,795.91,371.81,1.0,362.72,603.16,0.979,844.61,610.21,0.991,350.53,851.19,0.81,873.59,869.43,0.873,526.47,915.6,1.0,700.2,922.43,0.999,478.92,1291.46,0.991,743.92,1327.33,0.988,426.8,1663.88,0.982,752.69,1685.66,0.971,432.14,1729.15,0.982,741.58,1756.78,0.969,410.3,1655.31,0.822,789.99,1684.39,0.77,posterior,638.0729607128155,376.6111568013125,False,619.3947262841837,822.1018742346083,593.501163945022
300,10000,641.01,243.47,1.0,478.74,385.85,1.0,794.95,377.22,1.0,362.19,615.41,0.96,845.24,621.26,0.986,356.93,867.21,0.707,873.71,883.0,0.863,526.9,916.85,0.999,700.01,923.94,0.999,474.32,1291.94,0.983,744.79,1328.58,0.974,426.75,1664.16,0.97,752.69,1685.8,0.946,432.21,1729.9,0.969,741.58,1757.07,0.939,410.63,1655.14,0.8,789.99,1687.49,0.712,posterior,636.842858584799,381.5344499139117,False,618.7279372236593,825.201581168779,593.5994437787515
301,10033,640.05,249.16,1.0,478.33,399.21,1.0,794.92,390.89,1.0,362.43,635.74,0.968,848.03,640.89,0.988,364.3,885.11,0.748,874.56,900.57,0.865,527.49,919.47,0.999,699.86,926.77,0.999,469.26,1292.08,0.978,746.11,1328.21,0.972,426.75,1664.06,0.964,752.69,1685.8,0.94,432.14,1729.69,0.957,741.68,1757.07,0.923,411.03,1654.98,0.813,790.47,1686.97,0.726,posterior,636.6256880107541,395.04904391292416,False,618.5339431982321,832.0972042521547,593.8314892895647
302,10066,640.43,262.86,1.0,477.45,419.69,1.0,794.58,412.98,1.0,361.71,662.6,0.962,850.34,670.36,0.989,377.97,903.66,0.63,872.94,922.74,0.843,526.43,925.14,0.999,698.46,933.03,0.999,465.55,1292.82,0.968,746.73,1329.67,0.963,426.66,1663.72,0.949,752.81,1685.96,0.925,432.14,1729.54,0.949,741.68,1757.46,0.929,411.27,1654.79,0.738,790.47,1686.97,0.668,posterior,636.0159363908443,416.3366759068051,False,617.6702267064085,843.5729850477708,593.8914594756784
303,10100,640.56,288.79,1.0,476.84,449.29,1.0,794.76,440.04,1.0,361.02,694.26,0.969,855.79,702.65,0.99,393.72,918.26,0.556,870.02,942.15,0.793,524.43,936.01,1.0,697.29,946.37,0.999,462.81,1294.96,0.974,746.74,1332.82,0.968,426.66,1663.72,0.954,753.02,1685.84,0.928,432.25,1729.79,0.956,741.93,1757.46,0.937,411.07,1654.55,0.71,790.19,1686.82,0.648,posterior,635.7999078592836,444.66529510501357,False,616.9465948642452,860.2398472627418,593.8575135483657
304,10133,640.38,321.64,0.999,475.12,485.18,1.0,794.15,471.98,1.0,359.18,734.84,0.969,862.96,738.11,0.983,415.03,930.49,0.487,862.59,958.11,0.647,522.76,954.58,0.999,696.92,966.31,0.999,457.46,1298.05,0.973,747.3,1334.86,0.962,426.71,1663.65,0.94,753.08,1685.81,0.91,432.26,1729.98,0.936,741.93,1757.98,0.92,410.78,1654.31,0.653,790.19,1686.47,0.594,posterior,634.6359501794498,478.5793474164748,False,615.9603713197145,881.8715381074464,593.7904587313149
305,10166,639.9,360.93,0.999,474.23,524.19,1.0,793.75,511.19,1.0,356.98,778.41,0.957,870.66,772.0,0.974,432.37,944.6,0.198,854.63,969.48,0.337,522.55,981.65,0.999,697.84,991.14,0.999,454.08,1303.46,0.96,749.22,1339.24,0.941,426.73,1663.65,0.907,753.0,1685.81,0.859,432.29,1730.12,0.894,741.84,1757.98,0.875,410.53,1654.36,0.595,790.12,1686.4,0.521,posterior,633.9931803879798,517.6911271373967,False,615.934802788347,908.2009462655126,593.6958872140113
306,10200,640.47,402.06,1.0,472.05,571.65,1.0,794.22,561.95,1.0,355.68,814.48,0.966,875.77,815.47,0.958,440.55,941.5,0.226,834.75,972.19,0.232,521.23,1017.68,0.999,699.21,1024.55,0.999,450.72,1309.67,0.985,755.6,1343.99,0.97,426.78,1663.65,0.946,753.12,1685.77,0.922,432.38,1730.12,0.935,741.88,1758.22,0.922,410.2,1654.04,0.643,790.12,1686.26,0.589,posterior,633.133356742781,566.8017586004103,False,616.0222878186842,941.3790375235483,593.6435424680137
307,10233,640.44,435.45,0.999,471.17,605.52,1.0,794.3,606.07,1.0,355.64,846.05,0.962,879.45,857.38,0.933,450.37,945.55,0.118,810.39,968.39,0.123,521.35,1045.5,0.999,701.47,1055.45,0.999,448.5,1313.32,0.981,758.28,1348.49,0.962,426.86,1663.62,0.932,753.12,1685.73,0.924,432.71,1729.99,0.916,741.85,1758.28,0.913,409.62,1653.56,0.61,789.97,1685.55,0.585,posterior,632.7384834550714,605.7967221922825,False,616.491702810961,968.6853005997598,593.5393971678483
308,10266,639.85,476.52,0.999,471.89,645.58,1.0,794.33,648.08,0.999,356.51,886.38,0.923,883.93,894.11,0.92,457.64,949.8,0.075,791.83,966.05,0.14,521.49,1075.28,0.999,703.45,1085.03,0.999,449.24,1323.36,0.962,761.71,1359.04,0.922,427.04,1663.65,0.897,753.19,1685.74,0.881,433.19,1730.16,0.88,741.91,1758.41,0.853,408.87,1653.5,0.579,789.81,1685.07,0.536,posterior,633.1113484897386,646.8296711975306,False,617.5315621910304,997.9192139875621,593.4433460602008
309,10300,639.24,519.06,0.999,473.33,677.35,0.999,794.24,688.05,0.999,359.92,918.37,0.884,884.06,930.99,0.87,466.27,943.98,0.041,776.64,962.52,0.063,522.03,1096.3,0.999,706.1,1107.45,0.999,449.33,1332.71,0.956,767.15,1369.06,0.92,427.35,1663.72,0.879,753.25,1685.91,0.877,433.81,1730.35,0.867,741.91,1758.51,0.821,407.86,1653.5,0.547,789.36,1684.45,0.509,posterior,633.7885245386522,682.6988822150204,False,618.9278153104734,1022.0545724288555,593.2325038062496
310,10333,638.76,558.34,0.999,474.56,715.04,0.999,793.74,722.74,0.998,366.56,953.24,0.839,881.93,968.27,0.716,473.12,941.75,0.044,764.32,958.3,0.034,521.62,1115.55,0.998,707.32,1128.75,0.998,449.5,1339.01,0.908,769.29,1375.36,0.889,427.78,1663.75,0.829,753.25,1686.21,0.851,434.52,1730.29,0.836,741.89,1758.76,0.812,406.52,1653.35,0.505,788.82,1684.13,0.501,posterior,634.1503249560585,718.8880914346645,False,619.5477720484865,1045.327412024169,592.9370309482747
311,10366,637.87,595.97,1.0,476.11,754.92,1.0,791.82,761.0,0.999,370.97,990.92,0.968,879.55,1000.45,0.877,474.55,935.69,0.121,770.89,950.38,0.061,521.34,1143.18,0.999,708.09,1158.33,0.999,446.97,1339.06,0.974,773.23,1381.3,0.975,427.9,1663.73,0.972,753.25,1686.37,0.986,434.73,1730.25,0.963,741.88,1758.76,0.981,404.99,1653.14,0.815,788.62,1683.46,0.869,posterior,633.9670324025217,757.9619144181669,False,619.7614808753997,1072.0902567081253,592.5548969946412
312,10400,633.94,631.62,0.999,477.17,790.12,1.0,788.42,793.52,0.999,376.83,1025.51,0.973,876.52,1026.9,0.812,472.65,932.41,0.228,768.17,950.81,0.071,521.81,1172.67,0.999,706.97,1184.39,0.999,441.82,1365.69,0.908,772.57,1393.6,0.845,427.9,1663.73,0.871,753.25,1686.43,0.899,434.99,1730.16,0.856,741.88,1758.76,0.875,402.18,1653.23,0.624,788.37,1682.95,0.698,posterior,632.7969672973252,791.8209054079875,False,618.865926251085,1099.1183396957629,591.8560603152641
313,10433,632.54,661.99,1.0,478.75,821.16,1.0,785.74,821.7,0.999,388.0,1046.64,0.977,871.82,1053.62,0.815,477.31,929.95,0.42,765.22,960.94,0.12,523.06,1196.46,1.0,708.67,1205.78,1.0,435.89,1379.37,0.93,771.81,1406.03,0.825,427.98,1663.71,0.918,753.33,1686.35,0.93,435.09,1729.82,0.912,741.91,1758.66,0.917,400.75,1653.1,0.735,786.57,1683.4,0.787,posterior,632.2448206054075,821.4327839415798,False,618.9105211170981,1121.2992469097424,591.0778367112894
314,10466,628.18,688.36,1.0,478.18,852.15,1.0,781.51,849.67,0.999,394.94,1075.27,0.977,863.09,1079.13,0.857,483.6,937.71,0.283,764.87,978.32,0.111,522.68,1220.38,1.0,708.52,1229.72,1.0,431.19,1395.6,0.893,770.26,1416.43,0.834,427.98,1663.71,0.879,753.33,1686.4,0.924,435.19,1729.42,0.863,741.91,1758.65,0.906,399.31,1653.03,0.652,786.48,1683.13,0.763,posterior,629.8438882330025,850.9091339437209,False,617.4401923011188,1144.1855312095736,590.7211938704777
315,10500,625.37,716.31,1.0,477.51,876.2,1.0,776.61,873.52,0.999,400.43,1096.85,0.985,852.43,1101.62,0.824,482.21,956.15,0.382,758.0,992.13,0.103,522.39,1243.84,1.0,707.47,1248.34,1.0,429.03,1403.4,0.894,771.1,1429.65,0.781,428.14,1663.69,0.892,753.33,1686.4,0.925,435.68,1728.7,0.891,741.9,1758.3,0.921,398.94,1653.06,0.69,785.72,1682.86,0.788,posterior,627.0621283037991,874.8597473850316,False,615.9712117458262,1163.3331507599921,590.5623104536567
316,10533,624.17,741.17,0.999,477.34,897.54,1.0,774.02,892.31,0.999,403.68,1118.63,0.977,841.83,1110.1,0.585,486.2,981.06,0.347,750.66,1014.21,0.036,523.19,1255.74,1.0,708.15,1259.74,1.0,425.92,1409.31,0.892,769.75,1437.16,0.751,428.29,1663.69,0.904,753.36,1686.4,0.923,435.98,1728.22,0.902,741.88,1757.95,0.919,397.5,1653.09,0.703,782.63,1682.51,0.77,posterior,625.6764498540244,894.9272263038991,False,615.1890609944758,1176.5818122682217,589.4994378300357
317,10566,619.69,761.79,1.0,476.66,920.37,1.0,772.59,913.5,1.0,406.81,1140.68,0.984,830.73,1123.8,0.62,490.13,1008.26,0.259,743.83,1023.46,0.038,523.78,1274.94,1.0,708.98,1276.41,1.0,425.39,1397.31,0.877,767.59,1438.92,0.633,428.55,1663.69,0.926,753.38,1686.45,0.921,436.53,1727.98,0.936,741.89,1757.75,0.949,397.26,1653.49,0.755,779.76,1682.64,0.784,posterior,624.6256245428863,916.9366244450285,False,614.6307036782431,1191.1351245998558,588.8596808918004
318,10600,616.8,781.51,1.0,477.05,937.44,1.0,772.67,938.04,1.0,410.55,1156.4,0.971,828.58,1146.12,0.641,498.47,1028.53,0.218,740.82,1041.62,0.054,523.29,1294.84,1.0,708.58,1296.99,1.0,424.08,1392.9,0.886,765.27,1444.95,0.688,428.69,1663.67,0.96,753.36,1686.45,0.957,436.72,1727.41,0.967,741.83,1757.46,0.978,396.32,1653.78,0.843,776.2,1682.72,0.848,posterior,624.8600230668237,937.7380031742913,False,614.3081261915282,1207.1640693235402,587.7668089153543
319,10633,616.86,793.7,1.0,477.67,952.46,1.0,773.84,954.74,0.999,414.19,1164.47,0.939,825.56,1154.75,0.561,507.68,1050.8,0.151,740.53,1059.98,0.054,523.08,1308.91,1.0,709.5,1315.05,1.0,419.26,1389.07,0.847,764.58,1446.65,0.583,428.84,1663.35,0.932,753.36,1686.45,0.916,437.35,1726.09,0.948,741.84,1757.03,0.961,395.05,1653.9,0.753,774.2,1681.99,0.732,posterior,625.7577194912099,953.6033354069302,False,614.3317805473185,1218.9429229515047,587.1114675472168
320,10666,616.14,804.44,1.0,477.86,959.89,1.0,773.16,966.5,0.999,418.18,1172.38,0.929,822.8,1165.41,0.666,512.07,1059.91,0.118,740.13,1065.94,0.061,522.68,1318.33,1.0,710.19,1324.58,1.0,415.45,1386.89,0.935,764.73,1445.86,0.765,429.03,1663.03,0.974,753.36,1686.44,0.963,438.19,1725.02,0.98,741.87,1756.38,0.983,393.5,1654.22,0.859,772.57,1681.4,0.815,posterior,625.5112528180748,963.1956703516657,False,614.0544191217541,1226.113869680117,586.5315946916123
321,10700,619.88,809.95,1.0,477.81,965.02,1.0,773.36,973.26,0.999,418.1,1176.31,0.924,820.28,1170.07,0.627,512.46,1071.0,0.122,739.78,1070.0,0.063,520.69,1323.24,1.0,708.98,1331.58,1.0,406.97,1397.69,0.874,765.43,1445.72,0.68,429.39,1663.13,0.936,753.34,1686.44,0.924,439.32,1725.57,0.952,741.87,1755.86,0.963,392.16,1654.55,0.764,772.43,1680.22,0.749,posterior,625.5838236048096,969.140857271763,False,612.7828089975428,1231.5041702360948,586.4424415704276
322,10733,618.29,815.16,1.0,476.95,968.48,1.0,774.15,980.72,1.0,418.05,1182.63,0.957,820.78,1177.52,0.482,521.09,1097.08,0.324,738.63,1093.51,0.073,519.37,1328.61,1.0,708.95,1335.53,1.0,407.2,1393.32,0.861,765.85,1441.61,0.533,429.52,1662.75,0.969,753.34,1686.28,0.957,439.42,1724.02,0.979,741.88,1754.79,0.986,391.23,1654.95,0.84,772.43,1680.66,0.825,posterior,625.5486787155752,974.6007219844603,False,599.7362181317466,1245.6872129129674,586.2393085183841
323,10766,617.38,811.65,1.0,476.19,967.55,1.0,773.93,977.1,1.0,416.48,1184.0,0.96,820.18,1177.67,0.649,521.74,1084.42,0.219,738.8,1082.56,0.078,518.67,1325.56,1.0,708.91,1333.86,1.0,407.47,1390.33,0.917,767.78,1442.68,0.725,429.74,1662.75,0.976,753.34,1686.31,0.972,439.98,1724.02,0.982,741.9,1754.48,0.988,390.09,1655.39,0.862,772.01,1680.26,0.859,posterior,625.0598458500883,972.3259112242717,False,612.3969391698912,1233.0974984508614,585.9971510210379
324,10800,617.85,806.66,1.0,475.03,961.94,1.0,773.11,968.65,1.0,414.97,1180.15,0.976,819.12,1172.4,0.453,519.69,1075.8,0.433,736.91,1076.53,0.061,516.03,1319.86,1.0,708.89,1326.16,1.0,408.52,1386.18,0.726,763.72,1441.8,0.407,429.74,1662.75,0.874,753.34,1686.31,0.887,439.98,1723.71,0.91,741.89,1754.21,0.941,390.35,1656.39,0.71,771.62,1680.37,0.778,posterior,624.0697124066807,965.2929911682861,False,599.953023595939,1136.4246211421244,585.9620160127149
325,10833,618.39,797.12,0.999,473.85,953.29,1.0,772.34,957.63,0.999,412.38,1172.42,0.975,820.65,1165.83,0.537,515.87,1065.71,0.346,738.55,1068.95,0.047,515.05,1310.69,1.0,709.11,1316.83,1.0,410.68,1391.59,0.743,756.61,1443.01,0.542,430.05,1662.78,0.836,753.23,1686.45,0.892,440.68,1723.71,0.878,741.81,1753.91,0.925,390.35,1657.41,0.634,770.54,1680.5,0.742,posterior,623.0972087217392,955.4591419781674,False,610.3362562705535,1220.7546413273537,585.8453549167004
326,10866,620.16,788.57,0.999,472.9,945.5,1.0,770.96,946.13,0.999,408.38,1166.53,0.963,822.76,1160.25,0.474,513.19,1075.73,0.3,735.01,1071.08,0.059,514.08,1298.93,1.0,709.41,1305.64,1.0,410.2,1391.06,0.841,756.62,1443.43,0.665,430.42,1662.72,0.889,753.16,1686.52,0.934,441.58,1722.99,0.894,741.73,1753.71,0.933,390.35,1657.51,0.683,770.82,1680.54,0.794,posterior,621.9282487843315,945.8150516006035,False,596.7175943761948,1223.887924694602,586.1203970830919
327,10900,619.98,767.15,1.0,472.85,923.07,1.0,769.11,923.64,1.0,404.82,1149.68,0.926,824.08,1148.88,0.664,515.5,1076.62,0.132,735.94,1068.04,0.076,513.05,1271.76,1.0,708.8,1278.62,1.0,408.73,1388.72,0.958,758.82,1434.75,0.888,430.72,1662.59,0.98,753.18,1686.49,0.987,441.89,1722.11,0.982,741.76,1753.48,0.991,390.7,1657.22,0.847,771.28,1680.38,0.885,posterior,620.9805341779548,923.3546077420815,False,609.0903817239224,1193.1891030471231,586.407738669961
328,10933,620.17,734.37,1.0,471.61,896.98,1.0,769.0,895.54,0.999,397.39,1129.89,0.971,827.98,1133.63,0.696,507.09,1070.61,0.314,736.82,1053.57,0.082,511.83,1250.9,1.0,708.54,1256.6,1.0,410.81,1390.35,0.866,755.75,1428.85,0.779,430.92,1662.44,0.897,753.18,1686.51,0.939,442.04,1722.03,0.902,741.59,1752.93,0.935,390.74,1657.08,0.689,770.01,1680.74,0.798,posterior,620.307256790799,896.2586613733266,False,608.3962357843666,1174.452928151973,586.094596042418
329,10966,622.28,697.91,0.999,471.64,861.67,1.0,768.52,863.29,0.999,388.53,1099.97,0.961,834.93,1111.68,0.784,490.65,1036.08,0.225,743.34,1031.12,0.105,510.95,1224.53,1.0,707.05,1233.93,1.0,414.72,1387.35,0.934,756.12,1420.5,0.868,430.92,1662.44,0.936,753.18,1686.51,0.956,442.52,1721.81,0.927,741.48,1753.0,0.943,390.53,1657.25,0.741,770.36,1680.67,0.821,posterior,620.0819381526646,862.4775715690587,False,608.155159650145,1151.1787612918813,586.2234688169784
330,11000,622.62,657.16,1.0,470.48,814.76,1.0,769.14,824.18,0.999,382.11,1060.01,0.942,842.11,1080.51,0.786,477.81,1004.91,0.107,742.35,998.8,0.058,509.73,1193.79,1.0,704.75,1205.87,0.999,420.62,1378.57,0.942,758.1,1406.89,0.918,431.07,1662.49,0.922,753.18,1686.51,0.941,442.92,1721.93,0.917,741.42,1753.06,0.924,390.53,1657.12,0.677,770.53,1680.22,0.715,posterior,619.810814093655,819.4691351961695,False,608.0617187370633,1121.4293348473072,586.3516779192477
331,11033,624.27,610.93,0.999,471.15,766.06,1.0,770.7,782.6,0.998,379.67,1008.24,0.948,844.23,1039.28,0.797,476.64,998.78,0.067,740.17,986.62,0.026,510.29,1160.49,0.999,704.95,1175.12,0.998,426.38,1367.14,0.957,757.51,1394.76,0.953,431.07,1662.51,0.884,753.18,1686.51,0.902,442.82,1722.07,0.866,741.42,1753.2,0.868,390.49,1657.08,0.544,770.11,1680.31,0.523,posterior,620.9248568743009,774.3298999766193,False,608.988194670395,1089.1662474584068,586.2098578043674
332,11066,623.56,563.92,0.999,469.95,720.0,1.0,771.75,731.96,0.999,372.77,956.24,0.975,845.69,988.73,0.901,468.37,995.71,0.184,740.53,994.99,0.09,510.5,1130.4,0.999,703.89,1140.5,0.999,431.15,1359.89,0.961,757.41,1385.6,0.928,431.17,1662.51,0.895,753.19,1686.5,0.879,442.82,1722.16,0.866,741.42,1753.2,0.834,390.49,1656.95,0.616,770.2,1679.93,0.569,posterior,620.8523380075222,725.9788468491113,False,609.0027837388103,1055.9475283223026,586.2323990960684
333,11100,623.44,519.3,0.999,467.08,681.25,1.0,771.97,690.11,1.0,366.22,908.21,0.982,845.87,947.21,0.886,464.61,991.97,0.251,744.19,1000.51,0.114,509.24,1106.15,0.999,701.33,1108.56,0.999,432.99,1354.52,0.974,756.73,1376.2,0.947,431.25,1662.55,0.917,753.19,1686.49,0.903,443.24,1722.41,0.889,741.46,1753.11,0.883,390.36,1656.95,0.599,770.13,1679.99,0.603,posterior,619.5280970472677,685.6791831405974,False,607.726387343774,1027.6191279311101,586.29396149878
334,11133,623.34,479.56,1.0,464.33,639.03,1.0,772.69,651.53,1.0,363.71,865.25,0.984,845.53,899.88,0.972,460.44,986.94,0.299,764.64,1009.03,0.416,510.27,1077.7,1.0,700.75,1078.26,0.999,436.39,1342.89,0.994,757.97,1368.17,0.982,431.21,1662.57,0.976,753.21,1686.5,0.964,443.31,1722.7,0.969,741.49,1753.15,0.958,390.24,1656.95,0.793,770.31,1679.77,0.743,posterior,618.5123861329698,645.2794053519037,False,607.7429836038458,998.3614927770511,586.3379660479818
335,11166,624.29,441.46,1.0,463.07,597.31,1.0,774.69,614.87,1.0,361.58,827.43,0.968,846.82,872.06,0.972,452.34,986.68,0.38,789.77,1025.49,0.611,511.84,1055.8,0.999,701.24,1057.62,0.999,441.42,1332.4,0.975,759.67,1362.81,0.953,431.36,1662.57,0.946,753.24,1686.5,0.923,443.31,1722.81,0.936,741.59,1753.42,0.923,390.28,1656.85,0.724,770.38,1679.85,0.671,posterior,618.879447597115,606.0917111602646,False,608.7689353666508,973.6610682091441,586.3907017352708
336,11200,624.84,401.09,1.0,462.43,558.91,1.0,776.34,571.78,1.0,359.91,791.4,0.965,846.98,838.24,0.971,439.11,992.99,0.551,814.87,1038.17,0.777,514.18,1030.75,0.999,701.12,1031.89,0.999,444.19,1320.86,0.97,760.62,1360.55,0.946,431.56,1662.6,0.954,753.24,1686.5,0.929,443.26,1723.21,0.942,741.59,1754.14,0.923,390.34,1656.85,0.779,771.04,1679.88,0.71,posterior,619.3863447999869,565.3475564310659,False,609.6115952008604,946.9125418422739,586.5563036697419
337,11233,624.86,367.13,1.0,461.6,526.45,1.0,776.5,526.3,1.0,358.68,753.1,0.951,845.18,797.3,0.979,416.82,989.33,0.707,838.6,1033.87,0.887,515.17,1009.19,1.0,701.17,1006.15,1.0,447.67,1315.16,0.989,761.32,1354.17,0.977,431.69,1662.83,0.985,753.26,1686.44,0.971,443.22,1724.15,0.981,741.65,1754.04,0.964,390.34,1656.88,0.888,771.35,1680.07,0.825,posterior,619.050856883282,526.3737868575308,False,609.9341404139159,921.2546176855485,586.640869126793
338,11266,624.02,338.77,1.0,461.84,496.81,1.0,778.16,492.59,1.0,356.95,720.04,0.961,845.05,765.2,0.981,392.62,976.08,0.731,861.63,1028.89,0.865,516.13,991.06,1.0,702.27,988.61,1.0,451.77,1310.5,0.988,761.79,1351.76,0.979,431.76,1662.93,0.982,753.26,1686.44,0.969,443.19,1724.5,0.981,741.65,1754.36,0.969,390.41,1656.88,0.862,771.92,1680.37,0.798,posterior,620.0013396754964,494.70094092647105,False,610.9513769242902,901.1190928628909,586.7929865901431
339,11300,624.64,312.17,1.0,462.46,468.13,1.0,779.95,469.81,1.0,356.06,686.79,0.981,842.65,722.52,0.984,357.61,955.26,0.915,870.22,1003.35,0.911,515.54,974.48,1.0,700.97,974.85,1.0,456.09,1310.79,0.995,760.59,1343.98,0.991,431.76,1663.42,0.991,753.38,1686.47,0.983,443.19,1726.21,0.991,741.89,1754.6,0.978,391.12,1656.99,0.898,771.92,1680.6,0.835,posterior,621.2017534241809,468.9702381445177,False,611.1527369069481,883.6311498440016,587.031232082916
340,11333,625.48,294.21,1.0,463.03,448.21,1.0,782.34,446.49,1.0,353.8,662.05,0.989,842.57,686.8,0.988,332.82,926.2,0.91,878.78,962.98,0.873,517.58,963.96,1.0,701.18,964.65,0.999,460.32,1304.32,0.997,760.54,1330.62,0.993,431.84,1663.82,0.992,753.76,1686.44,0.985,443.16,1726.57,0.991,743.09,1754.4,0.981,391.6,1656.96,0.884,772.62,1681.61,0.815,posterior,622.683325320827,447.35286799982634,False,612.3498770294109,868.8540310927126,587.6168301800641
341,11366,626.8,278.47,1.0,464.39,426.78,1.0,784.06,426.02,1.0,352.26,637.29,0.991,843.27,655.03,0.992,316.12,881.72,0.915,887.36,919.96,0.888,519.03,949.41,1.0,700.8,949.23,0.999,463.13,1302.6,0.996,759.43,1323.36,0.993,431.88,1664.83,0.991,754.26,1686.38,0.983,443.16,1727.67,0.991,744.88,1754.36,0.98,392.29,1657.05,0.88,773.77,1683.35,0.822,posterior,624.2223000156006,426.3988355206801,False,613.1963000490906,853.584930907935,588.5250544571775
342,11400,627.13,267.56,1.0,466.17,413.52,1.0,786.02,410.65,1.0,351.75,617.0,0.996,845.51,633.48,0.992,302.78,852.55,0.959,892.65,884.18,0.867,520.63,946.82,1.0,699.99,948.02,1.0,467.23,1301.74,0.997,757.72,1318.77,0.996,431.92,1665.44,0.994,754.69,1686.4,0.991,443.09,1728.15,0.994,746.72,1754.31,0.99,393.34,1657.16,0.886,774.86,1683.11,0.858,posterior,626.0946006165793,412.08188755587673,False,614.2421123893256,846.2277910120998,589.5041536181939
343,11433,626.76,264.8,1.0,467.62,406.61,1.0,785.89,401.62,1.0,349.49,606.01,0.992,848.36,616.4,0.994,295.8,831.76,0.928,901.27,860.1,0.855,520.61,940.95,1.0,698.03,942.42,0.999,470.11,1302.26,0.994,755.9,1320.1,0.995,431.86,1666.11,0.987,754.91,1686.4,0.987,442.77,1729.05,0.99,747.2,1754.31,0.988,395.41,1657.98,0.819,775.78,1683.5,0.833,posterior,626.7549134781973,404.1153062950479,False,614.204589927654,840.6243296020727,590.292600220586
344,11466,625.99,251.33,1.0,469.31,396.48,1.0,787.78,391.49,1.0,350.38,589.31,0.995,852.19,606.9,0.994,293.61,818.23,0.951,905.2,848.47,0.87,520.7,936.68,1.0,696.5,940.86,0.999,472.08,1303.09,0.995,752.65,1321.92,0.995,431.84,1666.89,0.989,755.01,1686.41,0.987,441.97,1729.57,0.991,747.57,1754.23,0.987,398.83,1658.72,0.84,776.06,1683.5,0.834,posterior,628.544782069471,393.9868611821123,False,614.5991580144107,835.4692390311735,591.1060340479751
345,11500,627.44,233.45,1.0,470.94,389.07,1.0,788.93,382.11,1.0,351.64,586.2,0.996,853.08,601.36,0.996,294.72,812.78,0.947,909.01,839.42,0.908,521.5,926.81,1.0,694.16,932.74,1.0,475.61,1298.35,0.996,748.81,1317.93,0.995,431.83,1667.68,0.992,755.21,1686.4,0.989,441.24,1729.8,0.991,748.15,1753.79,0.987,400.87,1658.88,0.882,776.34,1684.25,0.867,posterior,629.9354115394294,385.5897098778681,False,614.8328965236401,828.2858904090517,591.6490334315286
346,11533,627.77,227.51,1.0,473.46,386.04,1.0,790.03,377.58,1.0,353.03,587.02,0.996,852.9,599.13,0.996,296.85,810.12,0.947,910.29,836.31,0.91,522.1,920.73,1.0,693.0,927.54,1.0,478.22,1298.68,0.996,747.4,1315.99,0.994,431.79,1668.46,0.991,755.39,1686.37,0.987,440.59,1730.23,0.991,749.28,1753.19,0.985,402.16,1659.13,0.879,776.34,1684.69,0.844,posterior,631.7409557384777,381.8076143418639,False,615.4812840433194,824.7332140297246,592.0939271831475
347,11566,628.45,227.8,1.0,474.48,384.88,1.0,790.97,376.29,1.0,353.51,592.87,0.996,853.25,600.18,0.994,299.35,818.68,0.96,907.53,836.65,0.872,521.04,920.42,1.0,691.12,926.09,1.0,479.41,1297.89,0.995,743.34,1314.32,0.994,431.7,1669.4,0.99,755.54,1686.35,0.988,439.72,1730.88,0.99,749.77,1752.89,0.986,403.63,1659.03,0.873,776.92,1684.69,0.857,posterior,632.726950451717,380.58115562912235,False,615.0632095449857,824.0426563534913,592.5109916778315
348,11600,629.26,226.79,1.0,475.85,383.19,1.0,792.27,376.41,1.0,355.36,596.11,0.996,854.11,603.05,0.996,304.89,826.13,0.944,906.12,841.34,0.886,520.75,915.37,1.0,690.98,921.77,1.0,479.9,1295.57,0.996,738.31,1313.32,0.996,431.64,1670.06,0.991,755.63,1686.35,0.99,438.78,1731.2,0.991,750.14,1752.76,0.989,405.09,1659.03,0.861,777.78,1684.42,0.862,posterior,634.063183747332,379.80180641151924,False,615.1642921158175,821.9724207605673,592.9478916431616
349,11633,630.27,228.05,1.0,476.99,382.61,1.0,793.26,375.4,1.0,358.45,600.94,0.993,854.7,604.92,0.995,310.03,832.63,0.938,905.45,847.47,0.9,521.32,913.69,1.0,691.62,920.84,1.0,480.82,1295.13,0.993,737.85,1314.55,0.994,431.59,1670.43,0.987,755.63,1686.35,0.986,437.75,1731.39,0.986,750.14,1752.29,0.983,407.77,1659.32,0.86,778.36,1684.32,0.859,posterior,635.126801365973,379.00542333717925,False,615.906605159465,821.5050800242207,593.5047712725162
350,11666,631.52,227.58,1.0,477.74,383.51,1.0,794.25,377.47,1.0,362.43,605.08,0.99,854.84,610.67,0.995,319.18,837.53,0.922,904.4,853.48,0.905,522.79,909.52,1.0,692.44,917.11,1.0,480.77,1293.52,0.991,737.27,1316.6,0.993,431.49,1670.68,0.985,755.63,1686.36,0.983,436.76,1731.48,0.986,750.14,1752.43,0.981,409.16,1659.6,0.852,778.99,1684.5,0.843,posterior,635.9954666857211,380.48929518055843,False,616.7122288240125,820.8910523253236,593.7628841794258
351,11700,633.15,229.24,1.0,477.11,385.58,1.0,795.07,379.74,1.0,363.39,608.93,0.987,854.88,614.03,0.995,333.75,847.27,0.855,902.24,857.54,0.891,523.61,910.45,1.0,693.16,917.52,1.0,479.91,1294.73,0.992,735.66,1317.56,0.991,431.28,1671.58,0.985,755.63,1686.37,0.977,435.71,1732.21,0.985,749.97,1752.56,0.974,410.36,1660.56,0.842,779.13,1684.5,0.812,posterior,636.0874204298684,382.6580846891525,False,616.8621187067015,822.3155230725674,593.7941387112701
352,11733,632.63,232.06,1.0,477.28,388.47,1.0,796.24,382.19,1.0,362.34,614.39,0.989,855.69,617.39,0.995,358.96,857.37,0.78,900.76,864.74,0.846,524.96,910.4,1.0,694.63,916.0,0.999,480.21,1295.5,0.989,737.47,1318.88,0.987,431.35,1671.38,0.976,755.67,1686.37,0.965,436.18,1732.49,0.978,750.03,1752.62,0.97,411.03,1660.34,0.779,778.81,1684.47,0.725,posterior,636.7595697168886,385.3303100265899,False,617.7834204325732,823.3790632857505,594.0120675367377
353,11766,633.32,235.17,1.0,477.56,392.32,1.0,796.21,385.59,1.0,362.74,627.73,0.984,857.07,623.46,0.992,383.51,868.28,0.705,894.76,874.31,0.811,526.74,912.79,0.999,695.82,918.34,0.999,478.36,1295.08,0.985,738.2,1320.36,0.978,431.35,1671.91,0.973,755.75,1686.37,0.955,436.25,1733.09,0.972,750.28,1752.62,0.946,410.77,1660.57,0.819,778.69,1684.66,0.757,posterior,636.8847993908357,388.95459064454377,False,618.3530947117919,826.2276267411139,593.9966250403136
354,11800,634.91,239.21,1.0,477.24,399.85,1.0,796.95,390.31,1.0,367.52,646.2,0.956,857.36,631.83,0.986,411.35,886.96,0.581,886.01,882.4,0.789,529.29,916.93,0.999,697.15,922.26,0.999,476.42,1296.52,0.976,738.49,1322.62,0.956,431.39,1672.44,0.965,756.01,1686.3,0.923,436.5,1733.56,0.962,751.08,1752.46,0.903,410.64,1660.57,0.813,778.62,1685.35,0.709,posterior,637.0958507511868,395.07799883118736,False,619.193596219485,831.003114817299,594.2086286891358
355,11833,636.55,246.63,1.0,478.14,414.7,1.0,798.4,401.9,1.0,369.54,664.32,0.984,859.97,647.76,0.99,430.66,885.45,0.598,873.38,890.76,0.72,530.86,921.35,0.999,698.66,925.67,0.999,475.24,1295.8,0.978,743.83,1321.77,0.966,431.41,1672.37,0.964,756.44,1686.13,0.936,436.62,1733.47,0.96,752.19,1751.63,0.924,410.64,1660.45,0.78,778.79,1685.35,0.713,posterior,638.2674112933795,408.30017948534874,False,620.6649336475514,837.9421282043787,594.5571011002553
356,11866,638.71,265.04,1.0,477.94,435.68,1.0,797.94,421.6,1.0,372.27,687.98,0.977,862.49,675.93,0.991,445.54,884.22,0.342,861.57,901.69,0.546,531.19,926.49,0.999,699.71,931.76,0.999,474.06,1296.16,0.975,747.33,1322.46,0.971,431.42,1672.14,0.953,756.89,1686.13,0.929,436.64,1733.34,0.946,752.63,1751.49,0.928,412.04,1660.37,0.711,778.98,1685.19,0.679,posterior,637.9378636259946,428.6434468765954,False,621.1836568941517,848.7251396810793,595.0721166112202
357,11900,638.69,289.63,1.0,476.42,464.33,1.0,797.66,447.45,1.0,374.68,720.74,0.964,863.91,705.2,0.987,458.45,882.36,0.218,844.05,909.67,0.494,531.03,942.24,0.999,701.68,948.45,0.999,472.33,1298.3,0.982,752.39,1325.64,0.972,431.48,1672.14,0.951,757.21,1686.17,0.927,436.78,1733.54,0.951,752.85,1751.63,0.931,412.04,1660.33,0.643,779.21,1685.17,0.606,posterior,637.0447532592982,455.88797892687364,False,621.61966126951,866.5145907178318,595.2181321189084
358,11933,640.65,317.74,1.0,474.89,497.43,1.0,797.42,478.5,1.0,376.1,757.14,0.968,866.83,739.99,0.96,464.79,880.13,0.2,822.05,918.43,0.246,529.96,967.39,0.999,703.48,970.3,0.999,470.11,1302.03,0.959,755.95,1330.65,0.919,431.55,1672.14,0.906,757.21,1686.17,0.861,436.87,1733.66,0.892,752.51,1751.49,0.856,411.78,1660.08,0.583,779.28,1685.15,0.538,posterior,636.1558475877613,487.9646926729967,False,621.7041691175685,889.2460059812299,595.1114215737358
359,11966,642.8,354.02,1.0,474.96,532.62,1.0,797.94,517.23,0.999,378.17,793.32,0.909,868.99,781.84,0.924,475.22,878.17,0.08,803.73,914.21,0.11,529.87,999.68,0.999,707.03,1001.25,0.999,467.95,1306.57,0.98,763.69,1337.82,0.958,431.92,1672.1,0.945,757.75,1686.18,0.92,437.82,1733.74,0.94,752.64,1751.56,0.901,411.65,1660.12,0.658,779.18,1685.18,0.588,posterior,636.4530157755408,524.9252330811378,False,623.0670744879345,917.1405421243774,595.3201218284346
360,12000,642.15,389.37,1.0,475.14,567.5,1.0,798.54,561.5,0.999,383.52,823.2,0.901,868.64,824.42,0.926,478.21,880.78,0.085,790.5,911.04,0.136,530.75,1023.38,0.999,711.62,1030.11,0.999,464.95,1307.91,0.987,771.0,1341.13,0.972,432.52,1671.95,0.954,758.17,1686.15,0.942,438.9,1733.74,0.95,752.58,1751.61,0.934,411.58,1659.81,0.655,779.16,1684.93,0.607,posterior,636.8394034891218,564.500961774375,False,624.7608056225523,943.1742816205536,595.5539654997928
361,12033,641.94,426.34,1.0,476.32,602.47,0.999,799.05,606.28,0.999,386.94,856.41,0.889,867.4,866.63,0.859,481.47,882.1,0.052,768.45,910.82,0.074,530.5,1042.37,0.999,712.72,1052.7,0.998,463.71,1313.84,0.981,774.69,1346.89,0.955,432.99,1671.87,0.933,758.77,1685.68,0.919,440.1,1733.74,0.929,752.75,1751.47,0.895,411.37,1659.73,0.574,779.14,1684.25,0.529,posterior,637.6848166552752,604.372927388433,False,625.5086909519786,967.8953122498993,595.8403267008572
362,12066,643.87,467.55,0.999,477.65,638.81,0.999,798.79,645.41,0.998,391.38,891.2,0.82,864.68,900.72,0.766,480.83,879.23,0.033,764.98,907.61,0.038,530.06,1065.15,0.998,713.67,1075.83,0.998,462.8,1321.63,0.974,780.43,1353.11,0.949,433.46,1671.71,0.921,759.27,1685.05,0.912,441.0,1733.68,0.917,752.8,1751.42,0.874,410.97,1659.48,0.585,779.37,1683.11,0.53,posterior,638.2203083079331,642.1116341857153,False,626.2563246657029,992.6713357466979,596.0346484514217
363,12100,643.33,504.38,0.999,478.86,673.68,0.999,799.01,687.38,0.997,399.4,926.46,0.798,858.71,940.38,0.601,490.42,881.66,0.033,754.28,910.73,0.019,530.09,1092.53,0.998,715.74,1101.01,0.997,463.13,1328.53,0.955,783.77,1359.15,0.926,434.03,1671.62,0.86,759.68,1685.14,0.872,442.37,1733.68,0.84,753.0,1751.44,0.792,410.35,1659.16,0.482,779.37,1682.12,0.457,posterior,638.930884309377,680.5312720980978,False,627.2821359119365,1019.0602440578798,597.6826152916194
364,12133,645.03,545.07,0.999,481.28,703.45,0.999,798.32,719.31,0.997,411.47,952.09,0.742,850.99,969.74,0.478,506.79,886.38,0.027,747.88,914.75,0.012,530.71,1109.31,0.998,717.68,1119.07,0.997,464.13,1332.02,0.927,782.66,1363.7,0.885,434.72,1671.45,0.815,759.92,1685.18,0.829,443.42,1733.66,0.792,753.0,1751.44,0.724,409.98,1659.01,0.472,779.34,1681.38,0.443,posterior,639.7998461503073,711.381716619309,False,614.5624874356907,1051.9917088346604,598.2104961539541
365,12166,647.28,586.83,0.999,481.98,742.35,0.999,794.65,753.76,0.998,414.81,994.88,0.935,843.44,1005.11,0.555,496.79,885.83,0.193,751.78,915.86,0.036,530.39,1140.54,0.999,718.45,1146.97,0.999,462.76,1340.05,0.918,780.99,1370.2,0.825,434.98,1671.11,0.87,759.92,1684.95,0.871,444.25,1733.38,0.837,752.95,1751.42,0.804,409.33,1658.78,0.65,779.27,1680.97,0.64,posterior,638.3120232507774,748.0574782692714,False,627.4230487141289,1065.7483804059614,596.447386364909
366,12200,646.02,621.56,0.999,482.99,778.91,1.0,792.02,788.23,0.998,417.0,1026.69,0.962,838.58,1030.24,0.63,491.19,888.96,0.326,750.97,922.78,0.049,530.39,1165.19,0.999,718.46,1171.95,0.999,459.42,1346.94,0.946,781.08,1379.65,0.866,435.28,1670.28,0.911,760.03,1684.95,0.928,445.47,1732.56,0.896,752.95,1751.45,0.901,408.19,1658.48,0.702,778.35,1681.58,0.747,posterior,637.5030697672287,783.5740158097099,False,626.8168649975324,1090.2647692085295,596.2403330602476
367,12233,645.59,653.82,0.999,484.38,810.05,1.0,789.68,817.88,0.999,418.83,1046.41,0.966,833.09,1050.6,0.608,493.56,900.29,0.265,752.12,934.97,0.038,530.1,1190.74,1.0,718.25,1196.79,1.0,453.46,1359.9,0.902,781.96,1389.45,0.8,435.51,1669.34,0.89,760.13,1684.81,0.922,445.89,1731.2,0.882,752.97,1751.15,0.903,407.35,1658.56,0.689,778.52,1681.43,0.767,posterior,637.0315857821068,813.9630461214948,False,626.0460032738315,1113.1344582306567,596.1802771106161
368,12266,644.16,686.53,0.999,483.58,842.93,1.0,786.42,847.41,0.999,418.88,1066.34,0.958,830.99,1074.04,0.597,497.09,931.28,0.174,749.17,963.05,0.043,529.37,1212.34,1.0,717.0,1216.38,1.0,446.2,1380.76,0.901,782.01,1403.54,0.732,435.87,1669.02,0.872,760.23,1684.6,0.893,446.6,1730.4,0.857,752.97,1750.37,0.871,406.93,1658.44,0.61,778.23,1680.94,0.695,posterior,634.9977644319383,845.170035970016,False,624.3548956478497,1135.6569694569168,596.1824569532231
369,12300,641.75,714.12,0.999,482.26,869.0,1.0,783.21,874.37,0.999,416.62,1089.15,0.964,826.89,1103.52,0.692,496.06,953.68,0.223,746.14,984.19,0.061,527.91,1237.56,1.0,717.95,1245.39,1.0,441.61,1392.91,0.853,782.91,1411.52,0.707,436.17,1668.62,0.858,760.23,1684.24,0.897,447.41,1729.94,0.855,752.94,1748.58,0.885,406.42,1658.44,0.636,778.33,1680.36,0.741,posterior,632.73744191273,871.683588530314,False,622.9980475856047,1158.1272168556384,596.2741647293512
370,12333,637.86,735.09,0.999,481.71,891.83,1.0,780.87,892.01,0.999,414.88,1110.27,0.98,822.34,1109.13,0.458,493.95,987.42,0.349,739.84,1014.36,0.024,528.53,1250.45,1.0,718.82,1257.3,1.0,434.23,1394.33,0.856,781.25,1420.83,0.677,436.62,1667.75,0.881,760.23,1683.73,0.907,447.95,1728.44,0.888,752.96,1747.04,0.914,405.93,1658.44,0.66,778.08,1680.28,0.737,posterior,631.2887415074587,891.9189767583052,False,609.3739697663925,1183.2140844717605,596.2287529789899
371,12366,636.03,752.43,1.0,480.91,913.18,1.0,779.84,910.06,0.999,413.29,1128.28,0.97,819.19,1123.53,0.513,495.98,1003.56,0.193,737.95,1030.46,0.03,527.7,1271.85,1.0,717.55,1276.42,1.0,425.87,1405.09,0.83,780.77,1426.77,0.536,436.91,1667.75,0.89,760.4,1683.4,0.86,448.04,1727.63,0.902,753.0,1745.45,0.905,405.76,1658.47,0.679,777.88,1679.74,0.674,posterior,630.3748418597577,911.6220984759634,False,620.3173264845876,1188.0183359786445,596.1714602662018
372,12400,631.88,776.06,1.0,480.37,933.47,1.0,777.2,929.93,0.999,412.85,1144.87,0.972,818.43,1135.17,0.577,500.29,1025.15,0.19,735.53,1044.26,0.037,528.11,1291.16,1.0,717.45,1297.31,1.0,428.1,1396.11,0.941,782.82,1432.28,0.844,437.2,1667.51,0.981,760.35,1683.67,0.983,448.38,1727.06,0.982,752.95,1745.45,0.991,404.85,1658.51,0.89,777.68,1680.01,0.897,posterior,628.7835616990767,931.6995341971325,False,620.1453436235453,1203.0241366752962,595.9637201146361
373,12433,629.1,794.24,1.0,480.44,950.66,1.0,777.25,951.41,0.999,413.16,1157.93,0.949,818.43,1148.33,0.476,505.94,1047.18,0.212,735.22,1065.09,0.037,528.12,1307.99,1.0,717.24,1317.5,1.0,429.07,1390.95,0.892,784.7,1436.43,0.725,437.55,1667.05,0.962,760.3,1683.75,0.963,448.58,1726.64,0.966,752.84,1745.73,0.979,404.14,1658.51,0.823,777.33,1680.19,0.83,posterior,628.8476516899769,951.0340652661366,False,608.0394437398694,1228.9377770270414,595.7228419283315
374,12466,628.27,812.91,1.0,480.52,960.04,1.0,776.06,963.43,0.999,415.03,1168.46,0.847,815.27,1162.6,0.518,514.26,1067.4,0.065,736.5,1082.41,0.037,527.99,1318.52,1.0,717.47,1327.01,1.0,427.05,1388.08,0.963,789.08,1436.89,0.85,438.2,1666.81,0.988,760.3,1683.79,0.982,449.67,1726.24,0.99,752.73,1745.85,0.993,402.96,1658.59,0.897,777.49,1680.42,0.847,posterior,628.2887306999786,961.7344262195306,False,620.3726100543523,1225.3007375905459,595.7105346456011
375,12500,627.92,822.9,1.0,479.96,972.11,1.0,775.92,978.45,0.999,414.49,1178.42,0.847,811.28,1173.59,0.362,516.1,1087.71,0.062,736.16,1108.24,0.027,528.56,1327.92,1.0,717.61,1335.99,1.0,425.91,1385.59,0.958,792.27,1434.82,0.815,438.72,1666.15,0.987,760.29,1683.79,0.981,450.43,1725.18,0.989,752.7,1745.78,0.991,401.89,1658.62,0.878,777.68,1680.51,0.83,posterior,627.9394271855831,975.2813330073058,False,608.3781628281222,1244.6070386351457,595.6748477612832
376,12533,628.75,828.86,1.0,479.06,976.4,1.0,776.09,987.31,0.999,414.81,1183.62,0.838,809.06,1179.62,0.364,518.35,1109.56,0.066,736.5,1117.13,0.03,527.74,1333.49,1.0,716.39,1341.71,1.0,415.21,1395.81,0.95,797.16,1435.63,0.819,439.22,1665.96,0.991,760.29,1683.79,0.987,451.1,1724.78,0.992,752.63,1745.83,0.995,400.98,1658.64,0.905,778.23,1680.77,0.878,posterior,627.5780161197679,981.8563012192744,False,607.3605699209228,1250.0724507314947,595.734949655518
377,12566,628.96,831.7,1.0,479.08,977.55,1.0,777.01,990.72,0.999,416.56,1184.56,0.763,810.31,1183.42,0.332,522.92,1104.39,0.05,736.5,1120.64,0.024,527.15,1331.91,1.0,716.82,1343.05,1.0,418.2,1397.18,0.904,794.86,1438.29,0.658,439.77,1666.03,0.958,760.29,1683.79,0.938,451.94,1725.01,0.967,752.6,1745.94,0.969,399.95,1658.64,0.744,778.7,1680.85,0.686,posterior,628.046218429959,984.137367950871,False,607.6056771879255,1251.117978918498,595.7958256351134
378,12600,629.13,829.06,1.0,479.09,976.31,1.0,776.6,987.4,0.999,417.56,1184.07,0.921,810.79,1181.83,0.57,521.09,1092.74,0.129,738.0,1106.6,0.048,526.16,1333.69,1.0,716.76,1344.44,1.0,421.18,1395.96,0.912,796.53,1439.57,0.74,440.22,1666.1,0.973,760.29,1683.81,0.969,452.42,1725.32,0.979,752.56,1745.96,0.985,399.25,1658.69,0.858,778.92,1680.77,0.845,posterior,627.845336550094,981.8573218346382,False,619.8660360918619,1240.2139168680994,595.7875123547068
379,12633,627.94,822.32,1.0,479.23,969.87,1.0,776.15,980.23,0.999,418.39,1179.19,0.882,811.25,1175.87,0.5,524.21,1085.16,0.087,738.16,1103.39,0.03,525.97,1327.75,1.0,717.13,1337.3,1.0,423.66,1393.16,0.918,797.28,1437.55,0.793,440.57,1665.98,0.976,760.29,1683.81,0.974,452.96,1725.36,0.979,752.44,1745.98,0.987,398.54,1658.66,0.852,779.2,1680.92,0.843,posterior,627.6938791801916,975.0496061417459,False,608.0982480218166,1245.5940605662768,595.7833532546223
380,12666,627.16,812.89,1.0,479.69,962.31,1.0,775.72,969.98,0.999,418.07,1177.24,0.969,813.83,1168.01,0.5,523.58,1081.9,0.202,738.84,1094.66,0.031,526.94,1320.73,1.0,717.01,1329.16,1.0,424.36,1392.78,0.927,795.45,1435.69,0.806,440.77,1665.98,0.978,760.28,1683.83,0.977,453.04,1725.36,0.98,752.26,1745.85,0.988,398.32,1658.92,0.864,779.2,1680.89,0.869,posterior,627.706270133476,966.145581230978,False,620.3131775522141,1228.335789894815,595.7055215415982
381,12700,627.43,803.82,0.999,478.56,955.66,1.0,775.6,959.9,0.999,417.54,1169.9,0.961,815.81,1163.59,0.378,519.3,1070.74,0.27,739.12,1085.91,0.026,526.75,1313.84,1.0,717.49,1321.25,1.0,424.39,1396.53,0.747,790.91,1434.64,0.444,440.89,1666.02,0.855,760.29,1683.82,0.843,453.04,1725.36,0.881,752.3,1745.69,0.89,398.49,1659.31,0.642,779.27,1680.87,0.663,posterior,627.0806478982412,957.7782400782191,False,605.9385101411734,1129.7482042025538,595.7765361504097
382,12733,627.42,783.92,1.0,479.03,936.41,1.0,775.36,938.42,1.0,417.23,1151.65,0.977,821.61,1151.93,0.655,516.05,1039.23,0.323,741.8,1068.76,0.058,526.35,1294.33,1.0,719.71,1301.35,1.0,424.89,1397.62,0.786,788.36,1430.87,0.604,441.08,1665.86,0.818,760.28,1683.74,0.881,453.3,1725.12,0.833,752.13,1744.91,0.891,398.39,1659.27,0.578,779.27,1680.73,0.704,posterior,627.1926793014399,937.4165788108461,False,620.245249564636,1207.0453396044318,595.7734868750626
383,12766,627.18,759.35,0.999,479.99,909.38,1.0,775.18,915.87,0.999,415.27,1132.89,0.94,827.59,1139.28,0.637,513.05,1039.39,0.15,743.91,1065.71,0.052,525.63,1268.93,1.0,719.23,1279.38,1.0,425.91,1396.88,0.846,780.04,1431.34,0.744,441.24,1665.45,0.868,760.28,1683.72,0.923,453.19,1724.17,0.864,752.13,1744.45,0.915,398.46,1659.23,0.631,779.17,1680.48,0.76,posterior,627.586038435152,912.6227799025835,False,619.7044003838555,1188.6779709156822,595.7362826004066
384,12800,627.76,727.84,0.999,480.25,883.11,1.0,775.57,889.62,0.999,410.97,1116.79,0.961,835.38,1123.03,0.644,508.73,1043.26,0.249,742.79,1051.81,0.066,525.39,1247.17,1.0,718.99,1255.86,1.0,428.66,1395.94,0.852,774.53,1428.11,0.733,441.24,1664.76,0.87,760.28,1683.7,0.919,453.33,1722.94,0.871,752.06,1743.93,0.916,398.3,1658.82,0.622,779.12,1679.56,0.746,posterior,627.9108639385228,886.3659650429283,False,619.6175445176972,1169.8543736676422,595.7019549122995
385,12833,628.23,694.04,0.999,480.62,852.14,1.0,776.52,859.4,0.999,405.78,1090.03,0.976,843.92,1104.76,0.763,499.87,1003.94,0.3,748.32,1021.32,0.081,524.66,1228.18,1.0,718.75,1236.79,1.0,435.69,1395.07,0.896,773.65,1423.58,0.797,441.24,1664.66,0.89,760.28,1683.61,0.916,453.54,1722.87,0.892,752.06,1743.4,0.911,398.05,1658.48,0.683,779.12,1678.37,0.76,posterior,628.5704797506037,855.7717414561517,False,620.2613292445263,1150.416019871971,595.6936451935255
386,12866,628.58,657.11,0.999,480.32,813.83,1.0,777.29,826.06,0.999,399.72,1056.01,0.92,854.22,1081.56,0.737,487.74,978.48,0.103,761.07,996.66,0.06,523.25,1201.11,0.999,716.0,1212.77,0.999,435.83,1393.08,0.902,772.34,1416.92,0.866,441.18,1664.55,0.842,760.24,1683.65,0.89,453.46,1722.87,0.808,751.91,1743.78,0.848,397.17,1658.12,0.556,779.12,1677.61,0.637,posterior,628.8044977838323,819.9492516071423,False,619.6017575214992,1126.1022964791227,595.4143541318717
387,12900,628.28,615.43,0.999,480.45,773.02,0.999,780.37,791.65,0.998,393.67,1016.47,0.952,863.18,1045.08,0.748,481.01,974.28,0.075,759.83,977.91,0.027,523.84,1173.5,0.999,716.3,1186.1,0.999,437.81,1384.43,0.947,768.87,1403.61,0.927,441.12,1664.26,0.884,760.19,1683.68,0.884,453.39,1723.05,0.861,751.85,1743.9,0.817,395.72,1657.72,0.605,779.1,1676.64,0.561,posterior,630.4106715099765,782.3354469276371,False,620.2889237640367,1098.900777011486,595.0186812387119
388,12933,626.27,571.77,0.999,479.86,727.18,1.0,783.52,750.12,0.999,387.07,966.66,0.971,865.86,1002.41,0.858,477.57,970.6,0.103,755.96,986.11,0.045,524.31,1144.88,0.998,715.76,1156.87,0.998,439.64,1368.8,0.944,767.85,1394.92,0.921,441.1,1663.88,0.87,760.19,1683.68,0.872,453.39,1723.14,0.849,751.72,1743.91,0.822,395.3,1657.35,0.561,778.97,1676.29,0.525,posterior,631.690378058127,738.6472970603104,False,620.645031003266,1068.2380655803763,594.8453610134313
389,12966,626.63,525.79,0.999,477.58,686.47,1.0,784.23,704.31,0.999,382.64,919.33,0.967,865.93,952.79,0.888,478.99,974.83,0.186,758.47,994.61,0.13,524.04,1118.24,0.999,713.2,1126.93,0.998,441.56,1358.8,0.952,763.47,1381.41,0.904,441.09,1663.88,0.874,760.04,1683.67,0.853,453.39,1723.2,0.846,751.47,1743.96,0.833,394.8,1657.07,0.567,777.21,1676.39,0.55,posterior,630.9030023469974,695.3903202408137,False,619.504727755094,1037.8889350972408,594.2201356019787
390,13000,627.27,477.35,1.0,475.25,642.72,1.0,785.79,658.58,1.0,379.03,872.45,0.981,862.88,906.24,0.933,473.85,971.6,0.26,765.04,997.02,0.137,524.22,1086.72,0.999,712.48,1093.6,0.999,442.95,1346.97,0.992,762.99,1373.03,0.983,441.04,1663.88,0.969,759.85,1683.65,0.962,453.37,1723.21,0.962,751.05,1744.43,0.959,393.97,1656.66,0.7,777.06,1676.39,0.675,posterior,630.5225174260348,650.6501302082569,False,619.1230765038068,1005.8641552157028,593.8619509882546
391,13033,630.49,434.24,1.0,473.79,592.26,1.0,787.51,613.18,1.0,378.04,829.23,0.982,859.8,865.41,0.974,464.91,966.01,0.353,790.96,1003.88,0.622,525.86,1052.33,0.999,712.15,1058.46,0.999,446.27,1333.72,0.983,762.05,1363.83,0.948,440.94,1663.96,0.951,759.74,1683.72,0.927,453.26,1723.46,0.939,750.9,1744.86,0.918,393.4,1656.29,0.728,777.06,1676.2,0.668,posterior,630.6493582594504,602.7220023117429,False,619.4647366131393,972.0086544291173,593.6553217714795
392,13066,633.06,391.78,1.0,472.75,548.78,1.0,789.24,561.13,1.0,377.55,792.81,0.961,857.24,834.28,0.967,454.05,970.6,0.429,816.16,1013.7,0.696,526.78,1027.45,0.999,712.54,1029.21,0.999,449.11,1322.07,0.97,762.13,1355.28,0.933,440.86,1663.96,0.946,759.41,1683.81,0.919,453.11,1723.62,0.935,750.3,1745.61,0.914,392.93,1656.08,0.747,777.17,1676.45,0.686,posterior,630.9959124846417,554.955898158328,False,619.950427278508,941.8118092119105,593.3756163138179
393,13100,636.12,343.88,1.0,471.98,506.16,1.0,790.17,515.25,1.0,380.08,752.17,0.95,853.4,795.64,0.975,438.05,972.27,0.737,834.45,1017.08,0.89,527.13,1004.3,1.0,711.39,1009.1,0.999,452.44,1320.96,0.979,761.59,1351.75,0.946,440.82,1664.01,0.97,759.27,1684.0,0.934,452.82,1724.34,0.963,749.95,1746.07,0.924,393.21,1655.65,0.831,777.25,1676.51,0.712,posterior,631.071683294392,510.7020041286037,False,619.9994808974083,915.7121746497548,593.308664900795
394,13133,639.23,307.8,1.0,472.56,474.09,1.0,793.46,486.78,1.0,380.97,716.93,0.979,848.42,759.78,0.982,412.51,967.73,0.867,849.96,1014.57,0.932,528.06,978.34,1.0,710.5,983.3,0.999,458.74,1317.81,0.992,760.68,1342.53,0.974,440.67,1664.02,0.986,759.27,1684.19,0.967,452.41,1724.53,0.979,750.13,1746.29,0.948,393.41,1655.02,0.899,777.11,1676.8,0.814,posterior,633.0072838470902,480.43177222300795,False,620.9596045740642,892.4215478396894,593.2629057910341
395,13166,643.85,274.76,1.0,472.49,443.28,1.0,795.78,459.82,1.0,379.69,683.08,0.987,844.62,721.7,0.986,381.19,951.68,0.86,863.77,998.03,0.937,528.58,951.18,1.0,711.13,958.15,0.999,462.5,1307.48,0.994,761.84,1328.52,0.978,440.55,1664.02,0.989,759.38,1684.09,0.974,452.03,1725.0,0.98,750.27,1745.97,0.954,393.51,1653.9,0.918,777.18,1676.84,0.842,posterior,634.1374954948351,451.54795805294384,False,621.7864381527858,868.5054350063525,593.2465501265804
396,13200,645.91,261.07,1.0,473.72,419.61,1.0,798.21,431.49,1.0,377.72,653.03,0.979,844.21,689.22,0.988,354.07,929.22,0.886,878.43,971.02,0.927,529.74,937.36,1.0,711.18,944.71,0.999,466.21,1300.6,0.993,760.2,1324.25,0.982,440.08,1664.07,0.987,759.32,1684.07,0.973,450.84,1725.67,0.98,750.28,1745.85,0.96,393.58,1652.18,0.899,777.21,1677.06,0.824,posterior,635.9629742423323,425.5475672514384,False,622.7074413763218,851.6304083536329,592.9759851353884
397,13233,645.38,245.29,1.0,474.53,400.37,1.0,800.44,407.7,1.0,372.77,629.79,0.984,845.04,652.72,0.991,333.16,898.07,0.892,891.27,937.02,0.911,530.63,927.93,1.0,711.24,932.33,0.999,469.0,1300.33,0.994,757.08,1321.22,0.987,439.66,1664.55,0.988,759.18,1684.06,0.974,449.72,1726.83,0.985,750.28,1745.85,0.966,393.61,1652.42,0.875,777.2,1678.2,0.787,posterior,637.4844281758071,404.03380146748896,False,623.2247786831263,838.0336856358189,592.7013798281446
398,13266,644.6,235.86,1.0,475.12,390.37,1.0,802.07,395.35,1.0,365.92,620.05,0.989,847.62,636.23,0.991,316.94,871.57,0.915,903.43,912.8,0.908,531.91,927.98,1.0,711.2,930.45,0.999,472.95,1299.36,0.996,754.31,1321.75,0.991,439.01,1664.84,0.992,758.86,1683.95,0.982,448.8,1727.19,0.99,750.19,1745.8,0.979,393.53,1652.77,0.887,776.5,1678.11,0.821,posterior,638.596164837074,392.85744662205866,False,623.762661345909,833.0077325028265,592.252783990971
399,13299,647.68,234.16,1.0,474.95,384.78,1.0,802.42,387.88,1.0,360.3,609.4,0.986,850.31,621.55,0.994,304.99,847.57,0.882,915.54,891.42,0.927,530.76,927.2,1.0,708.56,930.4,0.999,473.63,1298.91,0.995,751.64,1319.55,0.99,437.88,1665.61,0.989,758.66,1683.81,0.982,446.3,1728.02,0.986,750.14,1745.76,0.977,393.6,1652.86,0.865,776.61,1677.89,0.837,posterior,638.6852636140426,386.3270418898731,False,622.7875000934165,829.6158607322081,591.6622615087052
400,13333,649.55,233.82,1.0,474.62,384.59,1.0,802.56,384.72,1.0,356.26,605.85,0.992,853.69,614.91,0.994,295.4,838.87,0.928,921.87,876.32,0.906,529.3,928.87,1.0,702.59,934.04,0.999,474.17,1297.64,0.995,747.5,1322.55,0.993,436.29,1666.8,0.989,758.01,1683.87,0.986,442.62,1729.01,0.988,749.48,1745.78,0.984,393.89,1652.97,0.85,776.67,1678.02,0.847,posterior,638.5870220560103,384.65490152094515,False,620.9833547151528,829.8875920932854,590.665275533962
401,13366,648.48,235.47,1.0,474.41,384.24,1.0,800.96,380.05,1.0,352.12,602.23,0.991,855.14,607.48,0.994,288.7,832.69,0.914,926.04,863.19,0.893,528.73,932.22,1.0,700.95,935.73,1.0,477.79,1293.52,0.996,744.6,1323.37,0.996,434.67,1666.69,0.993,757.56,1683.56,0.991,440.0,1729.84,0.994,748.98,1745.82,0.992,394.32,1652.86,0.859,776.4,1677.96,0.851,posterior,637.6833291787977,382.14477428244857,False,620.1707385908471,829.3435813835786,589.922732248229
402,13400,647.56,233.88,1.0,475.72,379.61,1.0,799.57,376.86,1.0,353.0,596.12,0.992,855.06,604.41,0.993,288.03,827.65,0.937,926.93,855.17,0.888,527.4,931.17,1.0,697.69,935.13,1.0,478.89,1288.17,0.996,741.97,1322.06,0.997,432.6,1666.5,0.992,757.0,1683.16,0.991,436.79,1730.03,0.993,748.23,1745.93,0.992,395.17,1652.35,0.863,775.98,1677.91,0.86,posterior,637.6442489350512,378.23518376176855,False,619.1218268767688,826.855765345804,589.0430031535635
403,13433,648.7,230.14,1.0,475.02,375.22,1.0,798.19,372.25,1.0,351.68,594.94,0.993,853.44,602.24,0.995,289.81,827.6,0.922,923.37,853.77,0.904,525.63,926.54,1.0,694.75,930.39,0.999,479.27,1284.79,0.993,737.43,1320.98,0.993,431.18,1666.33,0.985,756.41,1683.16,0.983,434.8,1729.65,0.988,747.27,1746.1,0.987,395.51,1652.21,0.816,775.71,1678.01,0.808,posterior,636.6030802651749,373.7342722896128,False,617.3961241381024,823.0984928806713,588.3230392805706
404,13466,650.4,227.75,1.0,474.94,373.69,1.0,797.33,370.43,1.0,353.54,596.57,0.989,851.89,603.6,0.994,293.61,832.84,0.911,919.25,860.62,0.932,524.42,920.68,1.0,693.86,925.68,0.999,477.88,1285.98,0.99,732.67,1319.47,0.991,429.4,1666.46,0.983,755.99,1683.16,0.981,432.2,1729.87,0.983,746.69,1746.34,0.981,396.02,1652.35,0.829,775.71,1677.89,0.83,posterior,636.1352377835585,372.05735114058893,False,616.2952222421228,820.6221659484595,587.6560483351021
405,13500,652.86,224.09,1.0,472.49,372.63,1.0,794.56,369.69,1.0,354.22,601.12,0.98,847.05,609.33,0.994,298.21,837.3,0.854,914.48,869.69,0.942,520.65,916.22,0.999,689.84,922.7,0.999,475.44,1287.54,0.982,727.49,1320.96,0.984,426.86,1666.41,0.968,755.14,1683.25,0.97,427.85,1729.87,0.971,745.18,1747.11,0.972,397.61,1652.09,0.768,775.86,1677.82,0.794,posterior,633.5247609899548,371.1584161827622,False,613.0998999504138,819.5022551672662,586.6240357755038
406,13533,659.43,225.89,1.0,468.0,374.61,1.0,790.56,370.05,1.0,353.8,607.73,0.983,842.38,613.01,0.993,302.81,843.22,0.835,910.42,874.61,0.931,516.83,913.16,1.0,685.84,918.94,1.0,473.86,1289.4,0.993,722.14,1319.69,0.984,424.76,1666.67,0.985,754.12,1683.26,0.974,424.47,1730.02,0.981,743.88,1747.53,0.966,397.88,1652.17,0.87,775.79,1677.82,0.835,posterior,629.2796595134362,372.32981186409654,False,609.3765724722791,819.0106647795424,585.5035605642688
407,13566,663.9,227.96,1.0,461.44,376.84,1.0,786.94,369.6,1.0,353.04,612.71,0.936,834.41,617.49,0.984,311.49,855.7,0.798,901.93,880.5,0.935,515.94,911.79,1.0,681.86,919.04,1.0,474.38,1289.43,0.957,718.24,1320.59,0.949,422.44,1666.74,0.954,752.83,1683.31,0.93,420.64,1729.95,0.943,742.07,1748.04,0.902,399.01,1652.47,0.848,775.82,1677.69,0.795,posterior,624.1871481310395,373.2199015812886,False,606.070727247883,819.4602614851939,584.3854175645055
408,13600,669.27,227.88,1.0,454.92,376.2,1.0,779.73,366.7,1.0,353.16,617.76,0.952,824.35,619.45,0.989,324.32,864.13,0.77,889.5,884.83,0.932,513.48,905.71,1.0,675.7,909.98,1.0,475.17,1289.69,0.963,715.12,1320.12,0.939,421.14,1666.66,0.954,751.24,1683.31,0.918,418.39,1729.84,0.938,740.32,1747.94,0.886,400.84,1652.58,0.869,775.82,1677.74,0.797,posterior,617.324276336717,371.4488648535857,False,601.5255255042579,816.2271685870382,583.8415063852551
409,13633,672.72,229.51,1.0,447.68,376.79,1.0,769.68,363.47,1.0,354.39,624.63,0.867,813.18,621.14,0.992,348.71,878.98,0.5,876.59,888.9,0.93,511.34,905.12,1.0,671.48,906.42,0.999,475.93,1289.64,0.96,713.03,1319.72,0.931,420.2,1666.63,0.95,750.17,1683.31,0.896,416.32,1729.82,0.933,738.54,1748.15,0.87,401.71,1653.09,0.864,775.84,1677.61,0.767,posterior,608.6765790515465,370.12730946309193,False,596.9015539745056,815.239975044417,583.1014859164835
410,13666,683.4,233.09,1.0,442.35,376.76,1.0,757.63,360.59,1.0,354.63,635.14,0.855,798.63,623.2,0.994,370.52,889.86,0.469,863.8,893.23,0.932,510.13,906.62,0.999,666.92,906.59,0.999,476.0,1290.41,0.944,710.16,1319.25,0.937,419.68,1666.62,0.932,748.95,1683.32,0.884,415.15,1729.8,0.917,736.81,1748.43,0.87,402.95,1653.28,0.848,775.84,1677.61,0.768,posterior,599.9909484441528,368.6784530471192,False,592.1266152210576,815.4940972713076,582.6907771743683
411,13700,690.08,238.81,1.0,439.27,375.23,1.0,747.38,357.61,1.0,356.03,641.42,0.749,783.33,622.97,0.994,387.31,887.69,0.373,847.67,889.17,0.94,508.09,907.27,0.999,665.14,905.68,0.999,476.2,1291.42,0.925,706.85,1319.82,0.937,418.42,1666.41,0.917,747.62,1683.44,0.899,412.88,1729.45,0.905,735.39,1748.74,0.885,403.48,1653.74,0.822,775.6,1677.75,0.783,posterior,593.3281876948231,366.4192363429594,False,588.3657960015237,814.9977295081381,581.8389124354499
412,13733,693.93,242.77,1.0,433.59,374.81,1.0,735.15,353.92,1.0,355.89,644.37,0.764,770.58,623.1,0.996,416.47,879.75,0.187,831.51,879.56,0.906,503.91,908.64,1.0,660.15,905.65,0.999,475.02,1292.13,0.917,701.26,1319.84,0.956,417.33,1666.41,0.927,745.11,1683.41,0.925,411.42,1729.45,0.91,731.49,1748.67,0.913,404.5,1654.14,0.848,774.74,1678.09,0.847,posterior,584.3709675128257,364.36442169816956,False,582.5336411573152,814.7070736525437,580.5392780008865
413,13766,694.86,247.96,1.0,429.98,373.1,1.0,724.4,350.39,1.0,357.0,642.92,0.821,758.07,622.56,0.997,443.78,858.51,0.127,812.9,859.57,0.858,498.2,905.97,0.999,653.16,902.06,0.999,474.65,1289.34,0.909,695.34,1317.93,0.961,416.7,1665.99,0.906,743.34,1683.39,0.927,410.65,1728.89,0.884,729.32,1748.55,0.921,406.17,1654.06,0.805,774.87,1678.02,0.846,posterior,577.1926713004435,361.74614334427497,False,576.7658102816501,812.1911778825971,580.2529291162375
414,13799,693.73,250.53,1.0,424.19,373.4,1.0,713.35,348.98,1.0,357.01,640.79,0.803,747.19,622.8,0.995,455.94,819.09,0.082,797.48,843.63,0.776,491.53,905.51,0.999,645.6,900.95,0.999,473.77,1286.49,0.89,691.65,1315.15,0.921,415.9,1665.55,0.859,741.9,1683.35,0.85,409.06,1728.08,0.836,727.98,1748.5,0.853,407.49,1654.3,0.699,774.71,1678.15,0.72,posterior,568.7717263663434,361.1882553027056,False,570.4483495711404,811.1819493232288,579.8117381618929
415,13833,692.03,253.67,1.0,420.1,373.33,1.0,703.06,344.96,1.0,358.59,642.09,0.817,737.56,622.41,0.994,464.46,798.16,0.097,786.52,837.32,0.727,485.56,901.24,0.998,637.89,896.06,0.999,472.4,1280.88,0.796,686.34,1310.59,0.903,415.11,1665.05,0.768,740.29,1683.36,0.824,407.66,1727.16,0.764,726.27,1748.45,0.835,408.68,1654.51,0.611,774.85,1680.52,0.667,posterior,561.5834726858653,359.147386307362,False,564.5702226064449,807.97075314359,579.3654309890942
416,13866,688.05,261.76,1.0,414.62,374.58,1.0,688.91,343.97,1.0,359.78,641.39,0.683,724.99,624.86,0.983,474.42,766.89,0.051,775.81,824.14,0.516,481.37,901.21,0.998,632.26,894.95,0.998,470.41,1278.97,0.822,682.21,1307.7,0.885,414.63,1664.48,0.798,738.95,1683.14,0.82,406.55,1726.19,0.771,724.74,1747.63,0.794,413.75,1656.79,0.628,774.86,1682.61,0.654,posterior,551.765969921939,359.2752399580446,False,558.4778485070067,807.4477762381404,579.9760010993158
417,13900,683.57,264.36,1.0,411.57,374.9,1.0,679.09,341.14,1.0,362.64,640.23,0.602,715.92,624.94,0.984,478.41,773.48,0.057,763.81,819.94,0.618,478.86,899.07,0.998,629.54,891.47,0.998,470.46,1277.06,0.851,677.42,1305.25,0.917,413.64,1663.41,0.822,738.05,1683.01,0.867,404.98,1724.9,0.788,723.62,1747.46,0.825,414.32,1657.24,0.66,774.77,1683.69,0.716,posterior,545.3270773441623,358.0179732789585,False,554.6702939556257,805.5497007524701,579.4230436516464
418,13933,681.16,267.69,1.0,411.6,373.69,1.0,667.66,333.15,1.0,371.92,640.56,0.357,709.21,621.63,0.975,488.72,769.3,0.028,758.17,813.15,0.542,479.25,898.09,0.996,627.6,890.1,0.997,471.5,1277.58,0.81,675.61,1304.44,0.923,413.35,1662.87,0.768,737.28,1682.89,0.88,403.17,1724.29,0.737,721.26,1747.46,0.814,417.55,1658.41,0.622,774.68,1685.46,0.734,posterior,539.6272685919571,353.419912947391,False,563.6012803404029,823.999527182701,579.1624246588971
419,13966,677.94,269.03,0.999,413.01,372.07,0.999,658.87,326.65,1.0,378.87,640.82,0.233,701.77,619.05,0.974,492.2,770.13,0.023,756.38,812.16,0.603,477.7,899.53,0.996,626.61,890.32,0.996,470.54,1277.41,0.759,676.24,1303.91,0.914,412.87,1661.15,0.737,735.26,1682.25,0.877,402.25,1722.57,0.712,716.46,1746.5,0.806,419.27,1659.12,0.607,773.92,1686.97,0.735,posterior,535.9379957246388,349.35714243914504,False,561.336398396711,822.6861550488882,577.9725962705814
420,14000,672.02,267.33,1.0,415.03,370.66,1.0,650.32,320.93,1.0,389.35,638.63,0.208,691.13,614.48,0.981,489.22,782.75,0.029,756.92,817.05,0.736,475.57,897.75,0.997,623.91,883.28,0.998,471.65,1274.38,0.786,675.13,1297.58,0.923,412.87,1659.36,0.76,733.8,1681.1,0.896,401.99,1720.39,0.747,715.65,1744.8,0.825,422.02,1660.37,0.665,773.04,1688.07,0.793,posterior,532.672333670734,345.79624786913223,False,558.6930836097267,818.6203530764268,578.1726083533589
421,14033,671.51,269.65,1.0,416.24,366.65,0.999,644.27,312.8,1.0,391.09,635.76,0.158,682.11,612.25,0.977,490.33,780.36,0.023,756.01,819.9,0.74,473.47,896.59,0.997,622.94,878.22,0.998,471.62,1271.23,0.745,675.52,1293.16,0.917,412.65,1657.82,0.757,732.09,1680.31,0.899,401.84,1718.3,0.768,713.72,1744.12,0.849,422.23,1660.73,0.628,771.41,1689.12,0.771,posterior,530.2543428229238,339.72157756185544,False,556.8126467906146,814.5019170451156,577.3012951020621
422,14066,666.4,268.27,1.0,416.95,363.05,0.999,638.18,308.26,1.0,392.76,628.54,0.103,670.22,608.04,0.974,491.44,781.08,0.022,753.87,823.5,0.778,474.13,897.15,0.997,623.11,876.72,0.998,470.08,1271.25,0.598,676.72,1286.26,0.871,412.39,1655.89,0.688,730.13,1678.52,0.871,401.67,1716.47,0.701,710.79,1741.0,0.813,421.62,1660.63,0.624,769.94,1688.74,0.76,posterior,527.5667633975181,335.6534870971401,False,555.4609140003138,812.1072437514534,576.0051890727365
423,14100,660.79,270.51,1.0,417.06,359.75,0.999,631.97,304.72,1.0,394.92,619.55,0.11,657.63,602.16,0.98,503.28,749.29,0.025,746.73,825.0,0.825,472.91,896.71,0.997,620.45,876.12,0.998,469.26,1267.58,0.647,675.84,1279.88,0.93,412.39,1652.76,0.72,727.94,1674.61,0.92,401.54,1712.62,0.753,708.18,1734.99,0.89,423.2,1660.38,0.622,768.66,1688.1,0.827,posterior,524.5136219810055,332.2305975923009,False,552.9162438564728,809.4762061710172,575.3968197296105
424,14133,652.83,268.89,1.0,417.16,357.8,0.999,626.88,300.64,1.0,398.92,617.11,0.064,647.44,597.11,0.967,499.89,758.88,0.025,739.28,831.33,0.816,471.38,895.64,0.998,618.94,874.81,0.999,467.86,1266.69,0.673,675.96,1275.47,0.925,412.02,1650.14,0.744,726.72,1670.38,0.927,401.09,1710.22,0.766,706.14,1729.55,0.878,422.91,1660.18,0.638,767.75,1687.85,0.824,posterior,522.0218052575536,329.2234678930988,False,550.8815956663033,807.1241031776796,574.4727288371178
425,14166,651.54,269.31,0.999,416.13,355.66,0.999,623.03,297.89,1.0,401.33,611.01,0.078,637.82,589.39,0.97,508.11,733.2,0.026,729.4,834.49,0.835,469.81,895.45,0.998,617.78,874.36,0.998,466.32,1266.49,0.662,675.76,1271.56,0.922,411.94,1646.91,0.736,725.35,1663.72,0.916,400.88,1706.97,0.771,704.42,1721.59,0.882,423.7,1659.96,0.642,767.36,1686.54,0.831,posterior,519.5801287992086,326.7776512699535,False,548.9536740274842,805.2441982422574,574.0898208260031
426,14200,647.26,266.99,0.999,415.26,350.65,0.999,618.08,293.97,1.0,394.92,602.02,0.101,630.72,578.88,0.978,498.03,737.09,0.018,715.12,837.28,0.826,467.71,893.3,0.997,614.13,868.48,0.998,466.04,1257.88,0.518,673.35,1265.36,0.901,411.94,1643.12,0.623,724.39,1655.22,0.893,400.55,1702.51,0.67,704.42,1711.92,0.846,426.77,1659.39,0.57,768.05,1682.23,0.793,posterior,516.6689706490694,322.30852103706223,False,546.2622687463263,800.1567655829318,574.9504987565429
427,14233,646.77,266.33,0.999,415.28,346.04,0.999,617.26,286.43,1.0,394.73,601.2,0.094,625.02,565.72,0.98,492.11,746.73,0.032,698.14,839.74,0.927,467.22,890.79,0.998,615.44,865.18,0.999,465.55,1253.34,0.785,673.34,1261.05,0.956,411.94,1640.87,0.807,724.71,1648.96,0.948,400.44,1698.88,0.834,704.97,1705.09,0.921,427.39,1658.14,0.654,768.37,1675.2,0.847,posterior,516.2732661307548,316.23576741913,False,546.051313372619,795.4544801011646,575.2934822920519
428,14266,646.51,264.89,1.0,413.9,343.51,1.0,616.8,286.06,1.0,388.72,595.28,0.171,617.68,557.89,0.984,485.24,745.37,0.041,671.35,838.31,0.922,466.22,882.19,0.998,613.71,856.88,0.999,464.58,1247.02,0.871,673.16,1257.54,0.963,412.04,1637.34,0.836,725.09,1644.21,0.95,400.63,1694.69,0.863,705.37,1700.22,0.925,429.4,1654.54,0.633,768.37,1669.49,0.843,posterior,515.3498693854037,314.7823151500013,False,544.8795897674628,790.2471458609451,575.9410331605247
429,14299,644.75,264.62,1.0,412.35,340.43,1.0,615.58,284.45,1.0,381.38,585.4,0.296,608.74,550.35,0.986,471.06,730.22,0.05,647.71,833.56,0.904,464.34,874.82,0.999,610.25,848.7,0.999,463.87,1241.78,0.937,672.12,1254.95,0.98,412.08,1633.44,0.9,725.44,1639.89,0.967,400.74,1690.66,0.919,705.76,1697.12,0.953,432.26,1648.14,0.669,768.37,1663.1,0.869,posterior,513.9616081030065,312.4420705577768,False,542.9098829745773,785.188811399633,576.7829724821763
430,14333,646.23,264.37,1.0,413.09,336.03,0.999,612.88,283.63,1.0,374.5,577.73,0.13,601.24,541.98,0.97,465.39,739.3,0.064,623.64,827.11,0.927,462.68,867.9,0.999,607.43,841.11,0.999,463.12,1237.23,0.916,669.94,1253.44,0.971,412.09,1628.44,0.896,725.62,1637.04,0.965,400.77,1688.07,0.913,706.08,1698.48,0.941,433.79,1640.61,0.693,768.77,1658.26,0.861,posterior,512.9841453787055,309.82820819240084,False,541.1227277072525,780.4211638571834,577.3520521192785
431,14366,646.41,261.07,1.0,413.25,333.03,1.0,612.81,276.35,1.0,370.9,580.46,0.33,596.2,523.58,0.971,439.27,754.48,0.187,604.18,812.14,0.945,461.04,860.26,0.999,605.43,834.03,0.999,464.23,1231.81,0.89,668.36,1248.56,0.977,412.15,1625.72,0.871,726.02,1635.09,0.967,400.8,1685.98,0.899,708.1,1698.75,0.948,438.52,1637.15,0.672,770.57,1655.85,0.872,posterior,513.0334123875105,304.69269313779466,False,540.2069370679473,774.0327993303647,579.4949492492927
432,14400,649.61,259.28,1.0,412.31,335.46,1.0,613.3,276.74,1.0,369.53,586.82,0.553,593.18,513.52,0.969,400.89,800.23,0.527,599.86,792.49,0.954,459.8,859.38,0.999,605.52,834.34,0.999,464.75,1229.44,0.934,669.33,1247.69,0.985,412.3,1623.9,0.926,727.36,1632.21,0.976,400.81,1683.11,0.94,712.31,1697.62,0.963,443.12,1634.46,0.81,773.16,1652.34,0.918,posterior,512.8057750900513,306.1010757092922,False,530.3047067748184,753.2610403053806,582.3500993504122
433,14433,654.62,256.65,1.0,414.09,334.6,1.0,615.05,269.16,1.0,361.33,591.23,0.63,594.52,504.25,0.972,360.37,828.23,0.52,601.17,778.24,0.946,459.1,856.37,0.999,604.86,826.07,0.999,466.54,1226.45,0.917,670.96,1245.92,0.988,413.32,1621.62,0.899,729.86,1630.79,0.977,401.32,1680.53,0.91,716.87,1697.94,0.961,450.14,1631.13,0.773,780.54,1650.98,0.916,posterior,514.5695697346474,301.8801535464469,False,530.8053851667829,749.0630757854201,587.2166523440583
434,14466,667.45,255.56,1.0,415.77,334.79,1.0,617.77,262.61,1.0,351.52,594.05,0.691,597.96,494.97,0.978,324.82,837.54,0.567,605.04,766.06,0.951,461.92,855.62,0.999,605.43,821.26,1.0,469.0,1224.81,0.911,676.89,1245.29,0.988,415.24,1619.57,0.899,734.12,1629.98,0.979,402.35,1678.71,0.914,721.95,1698.13,0.964,458.59,1627.95,0.759,788.74,1649.7,0.921,posterior,516.7715495308287,298.6997628683831,False,532.8398961155988,746.4602034264941,592.9075339361533
435,14500,678.86,250.38,1.0,420.49,331.2,1.0,621.64,256.61,1.0,347.73,591.83,0.702,600.9,489.94,0.979,299.74,830.2,0.604,610.45,759.49,0.948,469.06,847.19,0.999,608.48,815.92,0.999,477.49,1221.38,0.871,681.68,1243.41,0.975,417.54,1617.17,0.863,739.98,1628.49,0.963,403.57,1675.55,0.893,729.19,1697.62,0.945,469.34,1625.36,0.733,796.4,1646.75,0.895,posterior,521.0647093801991,293.9049901344082,False,537.4908499242845,741.4710048137563,599.6248590621452
436,14533,691.5,247.32,1.0,425.81,326.04,1.0,623.97,250.67,1.0,340.96,588.83,0.842,601.58,485.77,0.979,278.7,823.28,0.703,612.66,750.92,0.942,473.0,834.51,0.999,610.82,808.54,0.999,483.95,1217.38,0.921,687.4,1242.07,0.982,420.78,1614.86,0.898,745.45,1626.98,0.969,405.74,1672.98,0.91,732.96,1697.08,0.952,475.38,1621.45,0.758,802.12,1644.29,0.9,posterior,524.892047366543,288.35816112454063,False,541.0063102668836,735.0492016551408,604.0520316306815
437,14566,696.38,244.43,1.0,431.24,319.4,1.0,626.51,241.95,1.0,333.75,583.97,0.787,601.84,482.21,0.982,267.28,819.56,0.664,612.4,749.73,0.949,475.58,826.6,0.999,611.03,801.05,1.0,485.79,1216.52,0.886,689.69,1240.67,0.977,423.58,1613.37,0.882,749.58,1625.06,0.964,408.06,1671.53,0.894,736.87,1696.45,0.942,479.44,1620.59,0.782,809.12,1643.39,0.909,posterior,528.8757885891104,280.67914995287344,False,543.1983148330379,728.9948006551257,608.3713277874576
438,14600,701.24,239.57,1.0,434.94,313.71,1.0,630.33,234.86,1.0,328.15,577.92,0.798,602.58,475.88,0.982,260.18,815.08,0.603,613.22,746.96,0.936,475.73,819.96,1.0,610.97,795.87,1.0,486.08,1214.69,0.878,691.86,1235.73,0.974,425.82,1612.04,0.881,751.65,1622.73,0.959,409.88,1669.98,0.888,738.22,1695.13,0.934,482.74,1620.85,0.786,818.14,1642.18,0.907,posterior,532.6380532292617,274.28813514336184,False,544.6600103851958,723.5509352232527,612.2454407186639
439,14633,708.06,236.77,1.0,439.44,307.53,1.0,634.01,229.28,1.0,327.09,570.31,0.754,604.16,474.55,0.983,260.22,812.56,0.539,615.6,747.3,0.93,475.66,815.22,0.999,611.38,794.17,1.0,486.94,1213.5,0.858,692.25,1234.73,0.976,428.61,1610.99,0.861,751.65,1621.59,0.962,411.41,1668.62,0.867,737.79,1694.9,0.934,484.85,1621.31,0.772,822.37,1641.73,0.912,posterior,536.7259970144925,268.40612720177467,False,546.3153354936248,719.8135752755401,614.1038147167326
440,14666,712.67,232.59,1.0,443.37,302.18,1.0,638.33,227.53,1.0,329.69,567.0,0.721,608.79,473.67,0.981,272.92,813.04,0.55,620.25,751.4,0.938,478.4,812.83,0.999,615.43,792.43,1.0,488.82,1212.92,0.871,696.5,1234.3,0.975,431.67,1610.18,0.871,750.92,1621.02,0.963,413.56,1667.89,0.874,736.71,1694.82,0.935,487.03,1620.79,0.738,826.28,1640.47,0.893,posterior,540.8504882979747,264.8557371874832,False,549.7874335464371,717.5721117400994,615.8942544288981
441,14700,719.25,228.3,1.0,449.76,295.95,1.0,648.32,226.57,1.0,332.29,564.44,0.649,619.41,477.18,0.99,284.74,813.43,0.435,632.21,757.11,0.951,483.5,810.93,0.999,624.4,793.19,1.0,491.65,1212.19,0.812,696.31,1234.8,0.968,435.72,1608.74,0.836,749.93,1620.78,0.947,416.84,1666.06,0.831,735.53,1694.82,0.909,489.07,1621.11,0.772,829.23,1640.47,0.891,posterior,549.039405843105,261.26206136702734,False,555.9404388978238,716.1001277103803,617.669380970908
442,14733,736.15,226.49,1.0,463.21,288.55,1.0,667.38,224.51,1.0,340.44,561.38,0.56,639.73,478.51,0.988,307.24,812.93,0.452,656.6,762.94,0.961,498.63,813.65,0.999,643.8,797.19,0.999,501.42,1213.89,0.824,704.64,1236.61,0.971,440.67,1608.03,0.843,749.38,1621.47,0.959,420.43,1664.78,0.842,733.34,1695.14,0.922,491.0,1621.11,0.769,829.71,1641.49,0.9,posterior,565.2972166218972,256.53153580338096,False,570.4472822149332,715.9749534075464,618.6201234302496
443,14766,758.51,225.33,1.0,483.26,287.43,1.0,694.12,227.47,1.0,361.52,563.2,0.527,669.24,479.64,0.979,356.37,816.83,0.4,690.95,764.6,0.935,523.14,815.28,0.999,671.5,799.55,0.999,515.32,1215.98,0.93,717.02,1238.32,0.981,446.97,1608.55,0.912,748.31,1621.92,0.968,427.49,1665.4,0.91,726.88,1695.23,0.939,497.76,1621.11,0.796,827.76,1641.82,0.893,posterior,588.6881487792674,257.451125191695,False,592.0935738448936,717.4641029118939,619.9728841378568
444,14799,778.16,221.59,1.0,510.08,287.53,1.0,727.91,229.83,1.0,392.71,565.09,0.499,703.63,482.8,0.984,404.19,820.16,0.342,728.27,771.31,0.956,546.01,820.9,0.999,697.7,804.97,0.999,535.33,1221.36,0.79,732.98,1241.77,0.962,455.72,1609.13,0.783,745.85,1622.01,0.943,436.42,1666.14,0.801,718.68,1695.48,0.904,511.44,1621.24,0.708,826.4,1644.45,0.872,posterior,618.9954666390388,258.6818738191596,False,628.2959882025933,741.3187980530147,623.2336031040926
445,14833,818.48,224.72,1.0,540.67,290.63,1.0,766.16,232.91,1.0,425.7,568.02,0.414,741.39,495.37,0.988,473.16,817.17,0.181,767.07,791.57,0.941,575.29,823.47,0.999,716.08,813.88,0.999,559.18,1224.47,0.779,753.18,1244.83,0.965,468.24,1609.39,0.741,743.76,1622.6,0.946,447.95,1666.45,0.773,710.36,1695.74,0.897,523.9,1622.28,0.64,826.4,1651.37,0.862,posterior,653.4152522249486,261.7710152961181,False,654.7221193364145,745.6302088743482,627.1532528481082
446,14866,854.04,224.65,1.0,573.79,294.26,1.0,809.2,236.57,1.0,460.97,572.99,0.256,777.5,504.14,0.989,540.68,812.88,0.048,814.48,804.5,0.914,603.88,838.11,0.999,749.11,833.88,0.999,580.98,1233.07,0.758,764.19,1260.59,0.974,482.38,1610.02,0.829,742.59,1626.17,0.973,462.15,1667.07,0.847,703.86,1698.15,0.956,539.21,1623.3,0.747,830.13,1658.49,0.927,posterior,691.4961138272063,265.4165149279979,False,684.2540957604856,756.2991577222926,633.8388952908613
447,14900,898.05,227.67,1.0,616.83,297.31,1.0,855.84,245.07,1.0,492.14,578.28,0.571,828.14,517.03,0.995,601.05,803.93,0.095,876.24,816.92,0.925,635.98,850.78,0.999,782.42,852.19,0.999,608.52,1242.18,0.786,785.18,1278.26,0.975,500.27,1611.79,0.829,742.88,1633.14,0.97,479.68,1668.77,0.809,702.62,1702.42,0.933,563.49,1629.0,0.784,836.62,1671.97,0.93,posterior,736.3342594147173,271.1894531313355,False,708.0044348400796,746.0913925721542,645.6035564860994
448,14933,941.24,226.78,1.0,667.5,299.86,1.0,904.47,252.94,1.0,541.28,581.23,0.68,894.52,539.99,0.993,636.96,798.85,0.168,933.03,835.53,0.9,674.71,854.48,0.999,823.31,858.91,0.999,645.65,1247.33,0.746,809.79,1288.09,0.945,519.43,1614.21,0.77,743.56,1642.43,0.929,499.28,1670.86,0.734,704.59,1709.31,0.868,586.73,1638.02,0.724,845.82,1688.36,0.868,posterior,785.9804312892752,276.4029101898377,False,749.099736534834,752.2087572036268,659.102801001557
449,14966,993.0,222.22,1.0,718.16,300.87,1.0,958.09,262.53,1.0,587.88,584.76,0.643,950.96,557.02,0.994,682.42,797.79,0.123,987.31,855.93,0.902,713.48,860.51,0.999,864.88,864.83,0.999,684.44,1249.02,0.77,841.28,1294.01,0.972,546.66,1618.51,0.851,746.13,1653.79,0.972,525.36,1675.15,0.827,706.82,1717.51,0.939,616.93,1647.11,0.822,864.4,1703.69,0.939,posterior,838.1268706218708,281.6963265136907,False,791.7585282701119,757.9967130375487,678.3751916615323
450,15000,1047.39,220.91,1.0,760.7,301.73,1.0,1006.26,272.79,1.0,638.26,584.81,0.456,996.09,570.6,0.993,727.29,797.15,0.091,1042.31,870.01,0.908,749.58,869.45,0.999,897.54,875.08,1.0,722.94,1249.0,0.754,875.11,1301.41,0.983,575.83,1622.12,0.877,757.56,1664.32,0.985,549.43,1677.59,0.858,710.1,1728.02,0.964,645.41,1657.33,0.869,898.74,1721.47,0.967,posterior,883.4791710352677,287.2577990647968,False,839.2663239295657,787.3064456968664,700.9226565504787
451,15033,1115.33,206.67,0.996,812.07,301.8,0.998,1054.9,275.07,1.0,680.33,587.57,0.606,1051.86,573.7,0.975,773.89,779.43,0.037,1141.23,866.09,0.598,788.38,895.39,0.996,946.22,915.84,0.997,747.66,1258.02,0.765,905.88,1316.15,0.949,608.47,1625.99,0.839,776.68,1674.05,0.94,580.45,1683.27,0.81,720.31,1735.4,0.934,681.44,1659.82,0.787,922.17,1733.01,0.893,posterior,933.4830144504275,288.4351139079589,False,872.754915516632,780.3504070442524,726.0890617632438
452,15066,1133.28,190.84,0.987,857.99,302.25,0.996,1150.55,319.47,0.996,727.58,598.62,0.721,1094.34,607.86,0.625,822.08,772.22,0.072,1090.45,830.42,0.091,837.26,906.04,0.996,1008.89,923.13,0.996,786.92,1264.49,0.864,934.55,1327.64,0.912,639.18,1632.39,0.878,802.2,1685.4,0.888,617.04,1692.97,0.87,746.29,1745.37,0.915,696.36,1659.82,0.703,933.34,1741.05,0.717,posterior,1004.2702953254638,310.8621583045825,False,927.7775781219594,794.7777046027983,748.2583654365285
453,15100,1170.88,160.75,0.876,899.77,300.7,0.978,1234.47,318.0,0.968,792.97,605.16,0.337,1120.4,596.34,0.213,868.06,746.81,0.055,1071.54,689.57,0.131,874.49,933.15,0.992,1043.99,936.44,0.989,823.43,1286.17,0.78,963.67,1331.78,0.764,671.14,1642.17,0.839,832.41,1697.84,0.827,654.28,1705.46,0.828,782.58,1754.36,0.872,708.75,1668.6,0.703,934.36,1751.62,0.675,posterior,1067.1207551204006,309.3524473324018,False,966.9509245512568,856.6156902279507,769.9912963534937
454,15133,1235.74,189.9,0.942,978.45,309.38,0.981,1122.71,342.3,0.99,891.11,625.64,0.106,1047.84,776.69,0.588,1007.35,749.84,0.074,1040.62,968.47,0.369,982.51,949.88,0.997,1066.97,960.08,0.997,887.14,1326.1,0.429,941.81,1351.14,0.575,720.08,1656.92,0.623,842.8,1703.99,0.639,697.09,1718.59,0.635,792.68,1758.11,0.686,742.82,1689.79,0.524,922.19,1755.61,0.532,posterior,1050.5810445651314,325.8426295957941,False,1042.6934359453837,631.8594630751516,788.6975023916481
455,15166,1240.67,379.72,0.925,1017.38,322.95,0.997,1091.84,379.19,0.998,1001.91,611.65,0.157,1026.82,788.72,0.704,1062.2,738.08,0.178,974.69,1102.73,0.514,1021.68,926.07,1.0,1076.9,953.99,1.0,913.87,1328.25,0.638,941.35,1351.21,0.9,768.6,1665.62,0.845,850.93,1703.99,0.912,742.64,1723.14,0.868,804.5,1755.52,0.925,787.79,1714.1,0.774,919.21,1759.29,0.832,posterior,1054.6110423401592,351.0704535067183,False,1015.3603340336938,858.2419097095129,813.5353713869748
456,15200,1220.21,573.12,0.942,1012.42,354.01,0.999,1115.84,537.32,0.997,1011.99,608.03,0.498,1007.09,842.53,0.652,1049.48,723.11,0.568,951.18,1178.94,0.492,1035.98,923.37,1.0,1089.25,961.59,1.0,923.37,1340.81,0.831,943.1,1361.63,0.857,792.94,1680.49,0.885,853.64,1707.49,0.844,768.93,1729.86,0.895,813.29,1755.52,0.9,788.59,1738.33,0.814,901.56,1764.1,0.78,posterior,1064.1320806483548,445.6672631170765,False,1025.482092862281,896.9696977885693,818.0917138686676
457,15233,1213.02,720.86,0.976,1032.75,401.82,0.996,1100.29,786.28,0.999,1056.71,610.83,0.469,971.87,1159.68,0.958,1110.61,708.57,0.515,883.29,1564.09,0.927,1090.62,931.09,1.0,1085.58,1050.33,1.0,942.57,1372.8,0.218,942.47,1385.59,0.576,811.46,1681.52,0.235,852.49,1707.99,0.477,784.87,1731.39,0.28,812.54,1755.84,0.52,810.58,1747.26,0.313,888.21,1763.25,0.444,posterior,1066.5207294789275,594.0481229359618,False,1072.9531044618236,811.4652692460601,812.5441873373904
458,15266,,,,,,,,,,,,,,,,,,,,,,,,,,,,,,,,,,,,,,,,,,,,,,,,,,,,,,,,,,
459,15299,,,,,,,,,,,,,,,,,,,,,,,,,,,,,,,,,,,,,,,,,,,,,,,,,,,,,,,,,,
460,15333,,,,,,,,,,,,,,,,,,,,,,,,,,,,,,,,,,,,,,,,,,,,,,,,,,,,,,,,,,
461,15366,1073.52,1196.54,0.993,1023.87,1196.58,0.988,1043.77,1200.95,0.748,946.23,1391.59,0.857,953.91,1325.46,0.066,938.94,1591.77,0.617,884.82,1534.93,0.047,1067.97,1043.57,0.996,1049.5,1095.42,0.986,1024.59,1215.04,0.273,965.44,1251.13,0.029,923.99,1549.85,0.23,900.35,1572.77,0.035,932.28,1556.64,0.218,901.76,1579.94,0.043,873.07,1699.23,0.237,893.78,1668.62,0.093,posterior,1033.821958218359,1198.7635761998808,False,1039.806762160838,1151.0356695290045,
462,15400,,,,,,,,,,,,,,,,,,,,,,,,,,,,,,,,,,,,,,,,,,,,,,,,,,,,,,,,,,
463,15433,,,,,,,,,,,,,,,,,,,,,,,,,,,,,,,,,,,,,,,,,,,,,,,,,,,,,,,,,,
464,15466,,,,,,,,,,,,,,,,,,,,,,,,,,,,,,,,,,,,,,,,,,,,,,,,,,,,,,,,,,
465,15500,,,,,,,,,,,,,,,,,,,,,,,,,,,,,,,,,,,,,,,,,,,,,,,,,,,,,,,,,,
466,15533,,,,,,,,,,,,,,,,,,,,,,,,,,,,,,,,,,,,,,,,,,,,,,,,,,,,,,,,,,
467,15566,1188.82,347.1,0.863,973.38,512.18,0.976,1249.67,565.43,0.971,822.29,823.97,0.134,1103.17,786.71,0.295,971.11,839.13,0.012,1066.49,710.74,0.075,984.92,1096.78,0.982,1071.84,1107.31,0.987,941.29,1373.03,0.353,985.38,1354.02,0.763,883.67,1643.8,0.457,898.73,1636.29,0.737,875.11,1661.88,0.546,888.94,1649.9,0.826,892.01,1727.07,0.324,921.16,1744.48,0.475,posterior,1111.5262237702727,538.8041101809397,False,1069.953772811867,820.422914353767,882.0260540119042
